t,k,method,classifier,nonwhite_recid_rate_target,nonwhite_recid_rate_actual,dataset,accuracy,accuracy_std,balanced_accuracy,balanced_accuracy_std,geometric_mean,geometric_mean_std,precision,precision_std,recall,recall_std,f1_score,f1_score_std,true_positive_rate,true_positive_rate_std,false_positive_rate,false_positive_rate_std,true_negative_rate,true_negative_rate_std,false_negative_rate,false_negative_rate_std,spd,spd_std,disparate_impact,disparate_impact_std,eod,eod_std,equal_opportunity_ratio,equal_opportunity_ratio_std,false_positive_rate_difference,false_positive_rate_difference_std,predictive_equality,predictive_equality_std,true_negative_rate_difference,true_negative_rate_difference_std,true_negative_rate_parity,true_negative_rate_parity_std,false_negative_rate_difference,false_negative_rate_difference_std,false_negative_rate_parity,false_negative_rate_parity_std,accuracy_difference,accuracy_difference_std,accuracy_parity,accuracy_parity_std,aod,aod_std,average_odds_ratio,average_odds_ratio_std
,0,Baseline,LogReg,0.4800420168067227,0.4800420168067227,compas_baseline,0.6746605882528213,0.012472970613348268,0.6616871763878638,0.013330528429867771,0.6481935770703331,0.01600092442121098,0.6732305345126636,0.011926086880888528,0.7930853299705758,0.016043354365615964,0.7281304811804357,0.009830394870199457,0.7930853299705758,0.016043354365615964,0.4697109771948481,0.027575824934884995,0.5302890228051519,0.027575824934885026,0.20691467002942412,0.016043354365615964,-0.16638406075261064,0.02451758130793886,0.7804781988873706,0.029968782358988273,-0.10102772693376719,0.05116469363682583,0.8831945412462501,0.056233636108932776,-0.19190764721207895,0.026859936625193523,0.6832120289748902,0.03477455941883147,0.191907647212079,0.026859936625193516,1.4937684374063562,0.10533765025844309,0.1010277269337672,0.051164693636825846,1.7706792497225394,0.5215948403300303,-0.00023375134167720192,0.035199160834510364,1.0009279207679442,0.05085410297664536,-0.14646768707292307,0.02129993399484833,0.78320328511057,0.024386491851230745
,0,Baseline,XGBoost,0.4800420168067227,0.4800420168067227,compas_baseline,0.6617685646811861,0.01279126704050984,0.6514731139358321,0.013607285229416163,0.6428625128733476,0.015262037937100906,0.6706598279062007,0.012471862152277543,0.7557421631192123,0.013402148715827665,0.710571644345351,0.0100357153027422,0.7557421631192123,0.013402148715827665,0.4527959352475482,0.02531998938956372,0.5472040647524519,0.025319989389563737,0.24425783688078767,0.01340214871582767,-0.17258861181947321,0.02072597912418954,0.7648803815955644,0.02456928026885737,-0.11241542946240934,0.04674970610234325,0.8650317126281679,0.053305984029668074,-0.19535900719736093,0.025479697862974323,0.6697758369172315,0.02655629141838075,0.19535900719736093,0.025479697862974323,1.4868017467579828,0.11650125957070952,0.11241542946240932,0.046749706102343254,1.6827200906015183,0.35294984405907986,-0.0006366579218245461,0.03306079325277295,1.0002793264663445,0.05072843300775933,-0.15388721832988517,0.019003502043247772,0.7674037747726997,0.019020806628123346
,0,FairSmote,LogReg,0.4800420168067227,0.4800420168067227,compas_baseline,0.664681954973217,0.00938141572573695,0.662413192454176,0.009135593075361732,0.6617513798254399,0.009161650310536899,0.6987149620055503,0.00926002507179128,0.6853392054211727,0.021134859756616345,0.6917530980014505,0.011322723721227963,0.6853392054211727,0.021134859756616345,0.36051282051282046,0.020512820512820513,0.6394871794871795,0.020512820512820506,0.3146607945788274,0.021134859756616338,0.03680164937665494,0.02648527312100962,1.0728647131856675,0.051666303036228774,0.09986034845095244,0.06616015582229204,1.1668006398291844,0.10769157804521877,0.018041032566547578,0.050154718771391764,1.0657372590478171,0.15098941019735249,-0.018041032566547544,0.05015471877139178,0.9762945133543941,0.07606305265890347,-0.0998603484509525,0.066160155822292,0.7512018443037146,0.17620244196339288,0.045766877015571986,0.055071553528162565,1.0769086963993277,0.08725325239959097,0.058950690508750014,0.0238185365009819,1.1162689494385007,0.051248357641039036
,0,FairSmote,XGBoost,0.4800420168067227,0.4800420168067227,compas_baseline,0.6581658261269911,0.013368807968718305,0.6540814353106791,0.014493562224617895,0.6524540387375443,0.015261645563162844,0.686838211562894,0.015993141896724555,0.6954383048645343,0.015844015901575692,0.6909097826093915,0.010608465482001813,0.6954383048645343,0.015844015901575692,0.38727543424317623,0.030904793819986127,0.6127245657568239,0.030904793819986103,0.3045616951354656,0.01584401590157569,-0.07053851683239484,0.01576961759867603,0.8833674962389306,0.02510742129477535,-0.0034542290918129657,0.031052521167552558,0.9959815914197392,0.044634255449952635,-0.10006520953721332,0.048633436452903585,0.7882081030646502,0.08197790190866296,0.10006520953721329,0.048633436452903585,1.1951331876997184,0.1174467373278843,0.0034542290918129883,0.031052521167552548,1.0167645198113904,0.10295202587153461,0.03280085965139623,0.03360321885131459,1.0537169494667713,0.056375408501970155,-0.05175971931451314,0.019408026007054983,0.8920948472421946,0.03393153852907443
,0,Massaging,LogReg,0.4800420168067227,0.4800420168067227,compas_baseline,0.6637111773034102,0.011870742041426779,0.6547058920572935,0.012624905990557371,0.6480917457264945,0.01433755556437085,0.6758487404166547,0.01167388395024232,0.7458981364719071,0.014291774568197111,0.7090391030099635,0.00959047643927821,0.7458981364719071,0.014291774568197111,0.43648635235732003,0.024978085081597826,0.5635136476426799,0.024978085081597837,0.25410186352809305,0.014291774568197111,0.0662383649997677,0.03244427063160324,1.1193987949814563,0.05951148364468729,0.12364540257157705,0.071233330198714,1.191229700901283,0.11260346080465071,0.05249007743208841,0.03685962833764984,1.142072015934703,0.10790246108224287,-0.052490077432088354,0.036859628337649865,0.9163572162944107,0.055677870580952284,-0.12364540257157705,0.07123333019871401,0.6479663299663299,0.19503357905012683,0.033175319007440064,0.05102595745133503,1.0560557014063587,0.08040754571339845,0.08806774000183273,0.027548634156344835,1.1666508584179929,0.04586834374720883
,0,Massaging,XGBoost,0.4800420168067227,0.4800420168067227,compas_baseline,0.6623233497019905,0.013727999133153545,0.6537751043832482,0.01448965749115219,0.6478428378602417,0.015716277064545318,0.6760662601192872,0.013450382193866078,0.7403518157616518,0.01306936831230117,0.7066696112482995,0.010966751318522594,0.7403518157616518,0.01306936831230117,0.43280160699515535,0.02504046249681575,0.5671983930048446,0.025040462496815744,0.2596481842383481,0.013069368312301138,-0.1132126047975198,0.039373249372190784,0.8341524860180332,0.05103638160793959,-0.06065622669649513,0.059768689591661275,0.9244479706530528,0.07235344970087451,-0.12365455799937748,0.024349927963557325,0.7635107305671348,0.03365541093928563,0.12365455799937748,0.024349927963557366,1.2622824707720215,0.07030484990121108,0.060656226696495154,0.059768689591661255,1.312481504431259,0.3423945676488768,0.002060082688880005,0.029025625865681835,1.0040752587185025,0.04454063038613174,-0.09215539234793631,0.037884970636706636,0.8439793506100937,0.04772709891905277
,0,FairOversampling,LogReg,0.4800420168067227,0.4800420168067227,compas_baseline,0.6631575456818176,0.010357485649754498,0.6614122294064124,0.010634841056950681,0.6607969729995781,0.011095764690898645,0.6994536494234757,0.011853861883458734,0.679030532309221,0.022366976599676163,0.6888056997131246,0.011633475389143525,0.679030532309221,0.022366976599676163,0.356206073496396,0.026684675722694732,0.6437939265036039,0.026684675722694725,0.32096946769077916,0.02236697659967615,0.029220800336427887,0.022818234730224436,1.0574176860817874,0.04389318821765859,0.08975255914853228,0.06460200885201496,1.1503209383209383,0.10643779944019978,0.01337734090725532,0.0380589351842174,1.0498512824302442,0.12186729265085194,-0.013377340907255241,0.03805893518421737,0.9823761314176851,0.055827043268729344,-0.08975255914853231,0.06460200885201497,0.7765753793056634,0.16865533468278537,0.042836874057158525,0.05155633974570143,1.0721057688379971,0.08165215920026088,0.05156495002789381,0.015835076741640662,1.1000861103755912,0.016140404680606003
,0,FairOversampling,XGBoost,0.4800420168067227,0.4800420168067227,compas_baseline,0.6558096237707888,0.014433332247154047,0.6509691466357251,0.014329011011326161,0.6488030714465163,0.014421272568104205,0.6820508027138505,0.013240391664925428,0.6999824856382232,0.024707555123986907,0.6906795790870109,0.01514995242824055,0.6999824856382232,0.024707555123986907,0.39804419236677296,0.02492120878194335,0.601955807633227,0.02492120878194333,0.30001751436177665,0.024707555123986938,-0.04767731532531545,0.014473997817606953,0.9198456407648017,0.024090162550130644,0.00702596434140057,0.03461172718738319,1.0114387859226042,0.050120855111074544,-0.06115474063049756,0.024375070614645312,0.8613453640117846,0.055146026011888366,0.06115474063049755,0.024375070614645295,1.1097926401120446,0.044427677298675035,-0.007025964341400593,0.03461172718738318,0.9840662849695108,0.1142362204825653,0.02120219167096571,0.02886456834884429,1.0342909482682283,0.046118494477216734,-0.027064388144548496,0.01158092230825486,0.9363920749671945,0.021221751660968995
,0,FAWOS,LogReg,0.4800420168067227,0.4800420168067227,compas_baseline,0.6573329757795777,0.01231522804124959,0.6337344451482474,0.013043803289224071,0.5866249976420518,0.017638279462946452,0.6374629415582013,0.00925022718276878,0.8728282191396944,0.01287776230963769,0.736752357054057,0.00874887604881126,0.8728282191396944,0.01287776230963769,0.6053593288431998,0.023275767329033338,0.3946406711568001,0.023275767329033335,0.12717178086030545,0.012877762309637684,-0.004264198551110887,0.01786131474860713,0.9945704636417461,0.02361054039777195,0.021257315888188355,0.03542484472274842,1.0255128870314796,0.04102017562038429,0.01583456811451167,0.027118235424174363,1.0296821792549622,0.047680784550952246,-0.015834568114511626,0.027118235424174356,0.9668718924437947,0.06429456213734032,-0.021257315888188376,0.035424844722748386,0.8773388415945311,0.269680414779861,-0.03575798955019891,0.025828156558631035,0.9485873909337943,0.035071491522817674,0.018545942001350013,0.016153720702072237,1.0275975331432208,0.021614049967702
,0,FAWOS,XGBoost,0.4800420168067227,0.4800420168067227,compas_baseline,0.6610762368043922,0.012505044700421264,0.6457592485075299,0.013391442765715317,0.626646944255662,0.01607379356189809,0.657286914094114,0.011088976244085176,0.8009113836982689,0.010658254631453146,0.7219689054222792,0.009013100990190811,0.8009113836982689,0.010658254631453146,0.5093928866832094,0.02408006134275554,0.4906071133167907,0.02408006134275555,0.19908861630173105,0.010658254631453153,-0.07286048024097622,0.027415448421241866,0.8993104940662485,0.034724361027698256,-0.01749079158475131,0.04840884123957826,0.980133617946589,0.05839801224431636,-0.08978277942239939,0.019929946121899793,0.8440434533067048,0.02952381379278373,0.08978277942239946,0.019929946121899807,1.2138672055838806,0.06040916753227266,0.017490791584751326,0.04840884123957829,1.128856299537278,0.2889298875107768,0.0007800920775641984,0.029276421919026855,1.0020865195943593,0.04448797759985617,-0.05363678550357535,0.026038285467651218,0.912088535626647,0.031074706419356043
,0,HeterogeneousFOS,LogReg,0.4800420168067227,0.4800420168067227,compas_baseline,0.6637118501196172,0.011169157932824,0.660837783140533,0.011495993656644613,0.6598103391502301,0.011834035188299005,0.6958229170157191,0.01258480131616847,0.6898821124230959,0.02269252346852491,0.6925503290648494,0.01187939286357246,0.6898821124230959,0.02269252346852491,0.36820654614202997,0.027572267003751698,0.63179345385797,0.027572267003751715,0.31011788757690395,0.02269252346852491,0.03347530458211798,0.0240624450861044,1.06529619370741,0.04638933029101199,0.09421056199579689,0.06744011627145774,1.157285980232572,0.11210019609524449,0.017185360476428203,0.04582014684346755,1.0606168550860446,0.1346993438230788,-0.017185360476428203,0.04582014684346754,0.9772283141873107,0.07061859271509455,-0.09421056199579689,0.06744011627145773,0.7635000182172205,0.17434547597892527,0.04181997442561547,0.05637034803008494,1.0714921169488598,0.09031714536589895,0.05569796123611255,0.01847708301947049,1.108951417659308,0.029450694691891776
,0,HeterogeneousFOS,XGBoost,0.4800420168067227,0.4800420168067227,compas_baseline,0.6531761250207853,0.013166971912375895,0.6483242581790969,0.012502130609209277,0.6462083092027153,0.012250546961968652,0.6796182284726131,0.010215517078651846,0.6974553224553224,0.02509862590229546,0.6882363650316928,0.015202500731016262,0.6974553224553224,0.02509862590229546,0.40080680609712865,0.01859373612321799,0.5991931939028714,0.01859373612321799,0.3025446775446775,0.02509862590229545,-0.042332317855859225,0.01662546855222828,0.9293238262815858,0.024922562046082078,0.023443382369556853,0.043932150525662614,1.036877316581837,0.0634488813728368,-0.07192302212250204,0.03590044392240911,0.844866528268654,0.06541667785223161,0.07192302212250203,0.035900443922409174,1.135959793648471,0.07893323767958627,-0.023443382369556877,0.04393215052566262,0.9397104476099509,0.1483722186678723,0.035113996718850474,0.03780815551948165,1.0580463046010318,0.06127756539455427,-0.024239819876472595,0.013994548615672748,0.9408719224252454,0.018451486365997426
,0,FairwayRemover,LogReg,0.4800420168067227,0.4800420168067227,compas_baseline,0.6721652090584129,0.012059351376922543,0.6570071887686906,0.013512213994385914,0.6382315974933095,0.01831945253077297,0.6659234172897845,0.01283382655048333,0.8104926949189245,0.018970351941892796,0.7309018711652561,0.008723096323522628,0.8104926949189245,0.018970351941892796,0.4964783173815432,0.03494835742394502,0.5035216826184568,0.034948357423944997,0.18950730508107555,0.018970351941892782,-0.13299187292024753,0.021251409306858756,0.8242175293222818,0.02816211460734587,-0.07422186066481365,0.048733390987447965,0.9143922340350304,0.054434099309917286,-0.1508854365795465,0.028481139660899338,0.7499820421267211,0.04338965997511705,0.15088543657954645,0.028481139660899348,1.3875203303206405,0.09835702221846992,0.07422186066481369,0.0487333909874479,1.578571765896441,0.4741255826693825,-0.005867511974239825,0.035881497028654875,0.99258384957889,0.05122323157693017,-0.11255364862218006,0.018555170789384377,0.8321871380808756,0.023649800133568117
,0,FairwayRemover,XGBoost,0.4800420168067227,0.4800420168067227,compas_baseline,0.6601052669013834,0.012956338254134702,0.6492949873735172,0.014283057078399367,0.6396716078923959,0.017008127387259753,0.6680845516162977,0.013721264760123014,0.7587676895053944,0.012201910936400086,0.7104133832756615,0.008921683973611693,0.7587676895053944,0.012201910936400086,0.4601777147583599,0.030470769574022845,0.5398222852416401,0.030470769574022852,0.24123231049460556,0.012201910936400058,-0.1372343845888661,0.025339419382432088,0.8086143735858446,0.030834434093738265,-0.08604072040313651,0.04612808459441324,0.8953497185966228,0.0537277997063471,-0.14804011970315692,0.01670885021666588,0.7382843581038502,0.011627118005278563,0.14804011970315695,0.016708850216665884,1.3466507207055987,0.07381464742157993,0.08604072040313651,0.046128084594413254,1.490934992485434,0.3135360267522653,-0.0062422525018153594,0.026741677503260723,0.9913091984599799,0.040529630665058686,-0.1170404200531467,0.024027346455841148,0.8168170383502364,0.025974853421901697
,0,DisparateImpactRemover,LogReg,0.4800420168067227,0.4800420168067227,compas_baseline,0.6736896183498126,0.008763945501752824,0.6621571079487525,0.009024825266988988,0.6514832618008947,0.010535845881196724,0.6763741123283017,0.008476313117514903,0.7789534691174036,0.018802735833156583,0.7238971944006903,0.00872780949473104,0.7789534691174036,0.018802735833156583,0.45463925321989845,0.022597551834051894,0.5453607467801016,0.022597551834051904,0.22104653088259646,0.018802735833156572,-0.2057405080158336,0.03205194082358623,0.7327376908678382,0.03779994107981537,-0.139815605721646,0.06175799804525394,0.8402496552646774,0.06751159877315796,-0.23251262901500636,0.03894771929247336,0.6258072831584265,0.0419923943657226,0.23251262901500636,0.03894771929247335,1.6263410466460155,0.1687295094888494,0.13981560572164597,0.061757998045253885,2.150819708266517,0.6488299777568625,-0.002939171595318357,0.04191756462090589,0.9976525311142901,0.06119978596908057,-0.18616411736832617,0.02936160628196459,0.733028469211552,0.032930127663760037
,0,DisparateImpactRemover,XGBoost,0.4800420168067227,0.4800420168067227,compas_baseline,0.6589969463755871,0.0066473650186846854,0.6484788392464226,0.007712298402799851,0.6393043715145866,0.01046683653102122,0.6679382912677811,0.008671243387657589,0.754980129160457,0.017033561347459612,0.7086197781149737,0.005985103634145485,0.754980129160457,0.017033561347459612,0.45802245066761194,0.025943557181902378,0.5419775493323881,0.025943557181902395,0.24501987083954296,0.01703356134745962,-0.1826140028312751,0.033480872999524916,0.7547650096453702,0.03755825101134353,-0.11469143334915147,0.053403631027020844,0.8629368225309498,0.05956258653523024,-0.2173812812978603,0.03380050047979783,0.6460913354900639,0.02699069687623779,0.2173812812978603,0.03380050047979784,1.5806124153785415,0.17640038052913148,0.11469143334915147,0.05340363102702082,1.7268624071390613,0.4533997793368046,0.006893396869949608,0.030912867193793218,1.0118907600287703,0.048178244707379254,-0.16603635732350588,0.03223166162461957,0.7545140790105069,0.03447153561851953
,0,LearningFairRepresentations,LogReg,0.4800420168067227,0.4800420168067227,compas_baseline,0.5842824367096211,0.016035148186653424,0.568759933996317,0.013395682098608634,0.5455294483221282,0.010757577432427822,0.6003933040553174,0.008603435542901224,0.7259556472671227,0.04545727886836293,0.6567686573692757,0.021897513235742048,0.7259556472671227,0.04545727886836293,0.588435779274489,0.02774787511262675,0.411564220725511,0.027747875112626757,0.27404435273287736,0.045457278868362934,-0.4085832744503096,0.04646248333897134,0.5620653271031922,0.05166792869631603,-0.37853252886809935,0.07462091309414387,0.6067655232178514,0.07709921364552672,-0.42798356425114753,0.03391697797872309,0.518687374945451,0.035392636083911515,0.42798356425114753,0.03391697797872307,5.074327442069236,1.0839791180412892,0.37853252886809935,0.07462091309414386,11.20773063973064,2.473201205434844,-0.06495091723043593,0.036612775533959196,0.89719101095497,0.057225084535033735,-0.4032580465596235,0.044158102900134506,0.5627264490816513,0.04966952907813622
,0,LearningFairRepresentations,XGBoost,0.4800420168067227,0.4800420168067227,compas_baseline,0.6513737465193776,0.013315495925567666,0.6404646005032044,0.013847360102140558,0.6305886969059157,0.01531816405476126,0.6609091510363619,0.012067431907592116,0.7509502337371191,0.01816431446346097,0.7029308882472389,0.011467683848529442,0.7509502337371191,0.01816431446346097,0.47002103273071005,0.025675129396121623,0.5299789672692898,0.025675129396121626,0.249049766262881,0.018164314463460993,-0.14135203164768959,0.029879662814708014,0.8039186266360572,0.03604608210652506,-0.09534720809888597,0.04027613769832068,0.8833409299897588,0.046770116438238404,-0.14874809727593852,0.02437839448144838,0.742108632808208,0.03332774398588022,0.14874809727593852,0.02437839448144837,1.3558216754744217,0.08182365698701562,0.09534720809888594,0.0402761376983207,1.5325394970414155,0.27612003102923194,-0.011453632369444721,0.017555607432839883,0.9827965152659563,0.026654674924736946,-0.12204765268741222,0.02976583705795168,0.8127247813989834,0.035960190180556954
,0,ReweighingClassifier,LogReg,0.4800420168067227,0.4800420168067227,compas_baseline,0.6620472067074009,0.01136599660300875,0.6484654533432958,0.01210298832043937,0.6333416869976692,0.015028704699890412,0.6622566185406352,0.010537459443423262,0.7860203548728139,0.017967493849211418,0.7186997576841467,0.009412137630226355,0.7860203548728139,0.017967493849211418,0.48908944818622235,0.027206176720707277,0.5109105518137776,0.027206176720707284,0.21397964512718612,0.017967493849211414,0.03427163125942845,0.03113930503598954,1.0561204280348817,0.05139002879249595,0.08135900390933948,0.06415773975048752,1.1149936596603724,0.0901093731135626,0.03155945236144671,0.02493222178680772,1.072239625595064,0.054074960721482386,-0.03155945236144666,0.024932221786807745,0.9443391204557123,0.04714511960826784,-0.08135900390933945,0.06415773975048751,0.7203497946275392,0.22979654699331684,0.009662166292178776,0.042801867830860554,1.017526026193146,0.06432979948200229,0.05645922813539309,0.026589969768420013,1.0936166426277183,0.03618180158687492
,0,ReweighingClassifier,XGBoost,0.4800420168067227,0.4800420168067227,compas_baseline,0.6601060358341911,0.014825461743187957,0.6504573519787693,0.014964020761056082,0.6427120424473045,0.015856983780090834,0.6711207957986207,0.0130066673878127,0.7481759588316965,0.024289589179809914,0.7073554818366506,0.014433560119244845,0.7481759588316965,0.024289589179809914,0.4472612548741581,0.027146968154117303,0.5527387451258419,0.0271469681541173,0.2518240411683035,0.02428958917980991,-0.07212525335999982,0.026986660102526025,0.8910617658190304,0.03968065441543966,-0.02016044110003843,0.048696399756132845,0.9745076484423167,0.06346283999802554,-0.08246696831288704,0.03622176879390316,0.8399444348727034,0.06305314293206793,0.08246696831288702,0.036221768793903125,1.1728188468495049,0.08727447110625661,0.020160441100038406,0.04869639975613283,1.0959986293519755,0.210919326700101,0.006098586073940759,0.0333954954198322,1.0106123309396051,0.05095228171629933,-0.05131370470646272,0.02686762093162288,0.9072260416575102,0.04001759649446122
,0,FairBalanceClassifier,LogReg,0.4800420168067227,0.4800420168067227,compas_baseline,0.660384581743805,0.009122502938174749,0.6591349152052484,0.010089602820084819,0.6585966781197861,0.010808003551072129,0.6989450912693643,0.012964939995562993,0.6717076184289299,0.019958877782113756,0.6847536066670061,0.009390859693995645,0.6717076184289299,0.019958877782113756,0.35343778801843323,0.02962390838750111,0.6465622119815668,0.02962390838750111,0.3282923815710701,0.019958877782113756,0.021856685647782526,0.02832683120479946,1.0433385862853712,0.054339624125335585,0.08126771066368377,0.07187850735023096,1.1385321899899774,0.1179038452034084,0.00649613926578434,0.03630067482139377,1.0281613216391976,0.11807416140453546,-0.006496139265784251,0.03630067482139376,0.9923910728932,0.05274442385211479,-0.08126771066368382,0.07187850735023092,0.8050131633751099,0.18936963103769625,0.04172559858974141,0.05470970344276903,1.0711760421949248,0.08613167522151427,0.04388192496473405,0.02018143933329991,1.0833467558145877,0.0229479314529238
,0,FairBalanceClassifier,XGBoost,0.4800420168067227,0.4800420168067227,compas_baseline,0.6530365637161755,0.012992329286816207,0.6498266705384632,0.012693075223525082,0.6488105371999999,0.01256024539243935,0.6849581460518587,0.01154339504028862,0.6823162265785216,0.02194134831498374,0.6834794620220178,0.01417136404524463,0.6823162265785216,0.02194134831498374,0.38266288550159516,0.01937908561692634,0.6173371144984049,0.019379085616926358,0.3176837734214783,0.02194134831498377,-0.04695343310440263,0.027681553122140257,0.9211211802801064,0.04304693486287631,0.020715883668903777,0.03522218168442388,1.0332086440098835,0.05286501669773099,-0.07862554332027703,0.0429919555824413,0.8261953758626263,0.08118516735264872,0.078625543320277,0.04299195558244131,1.1456562225649733,0.09111198563038446,-0.0207158836689038,0.03522218168442388,0.9467834455317827,0.10948869840472115,0.03923496893665816,0.027065771256676925,1.0634531121937603,0.04410006141275686,-0.028954829825686628,0.027536708893545456,0.9297020099362548,0.047600976526431686
,0,FairMask,LogReg,0.4800420168067227,0.4800420168067227,compas_baseline,0.6747990922748205,0.011842428260355397,0.6616754392560844,0.012648619613222037,0.6478868398996191,0.01523788438987009,0.6729125302473178,0.011295630733996457,0.7945998445998447,0.01584355776395402,0.728587887814522,0.009430940221435776,0.7945998445998447,0.01584355776395402,0.47124896608767575,0.026472813899407123,0.5287510339123243,0.02647281389940712,0.20540015540015538,0.015843557763954033,-0.17333520781021167,0.020988697243566105,0.7729322466399678,0.026679619306012564,-0.10936659661491877,0.046865140841248494,0.8741019961134098,0.051530956351431983,-0.19708365276733777,0.029493898827090775,0.6775567333988144,0.03903877481239866,0.19708365276733777,0.02949389882709077,1.5135584374395465,0.11108976658920572,0.10936659661491874,0.04686514084124852,1.8483865650406692,0.48034462722595983,-0.0031099160641853583,0.03435184745269556,0.9965902789283332,0.04948606812003897,-0.15322512469112828,0.017938506778895233,0.7758293647561121,0.022163662045073602
,0,FairMask,XGBoost,0.4800420168067227,0.4800420168067227,compas_baseline,0.6624620459571916,0.012415142307440785,0.653099354755357,0.012646752753041963,0.6459647295412253,0.013489305684373143,0.6737433105924884,0.010994053730910638,0.7479196122638745,0.018435194723804848,0.7087813919151937,0.011579885944131434,0.7479196122638745,0.018435194723804848,0.4417209027531609,0.022156050049944972,0.5582790972468392,0.02215605004994494,0.25208038773612546,0.018435194723804862,-0.16442313381564438,0.012092077153329361,0.771060821399278,0.017299063169885675,-0.10879488396266916,0.040799038228216046,0.867089661496524,0.04867856014959048,-0.18016724218359262,0.04386912173572387,0.6862608241987828,0.05551789824724955,0.18016724218359256,0.043869121735723875,1.4333770622242024,0.15882710713391152,0.1087948839626692,0.04079903822821602,1.6009566717479604,0.24880381116851455,-0.0032932276780365923,0.03786465262081667,0.9967045489277375,0.057532821661158286,-0.14448106307313086,0.012623351818262818,0.7766752428476533,0.016651108655138927
0.0,1428,Baseline,LogReg,0.6,0.6000323206205559,compas_t0.0_k1428,0.7259912602017865,0.006978026994474514,0.7310480912530093,0.007626188133153178,0.7283453225590875,0.00716161516494125,0.6703475505558634,0.006023160172636745,0.7920806424904785,0.020411762566321885,0.7260146719591035,0.009545137206311215,0.7920806424904785,0.020411762566321885,0.32998445998446,0.012340117827211523,0.6700155400155401,0.012340117827211528,0.20791935750952145,0.020411762566321903,-0.35579665515609316,0.02564693535082191,0.5536210541385046,0.027829597643778823,-0.1521338666305109,0.029878353015511845,0.8286575491795729,0.032862995644947136,-0.4125736063852853,0.0383936374051459,0.37355071831067405,0.03750423709214361,0.4125736063852852,0.03839363740514592,2.2182702412035917,0.19661646828196574,0.15213386663051093,0.029878353015511845,2.407044983217232,0.4676712153149224,0.07431513051706755,0.019900686487460087,1.1110090149866925,0.03113144707223138,-0.282353736507898,0.029142602246124416,0.6011041337451235,0.029461484640032037
0.0,1428,Baseline,XGBoost,0.6,0.6000323206205559,compas_t0.0_k1428,0.7210151446993551,0.005958070632232373,0.7239853808465188,0.006568817897804841,0.7227623307785829,0.006412691516310693,0.6738752500514243,0.008344692218125232,0.7597873438037372,0.02577082809585944,0.7139335732360392,0.009672346572722949,0.7597873438037372,0.02577082809585944,0.31181658211069974,0.02003859624283586,0.6881834178893003,0.020038596242835847,0.24021265619626275,0.025770828095859417,-0.2946240425127723,0.022485881375840358,0.5951783097102841,0.033413911759223994,-0.11240187105958921,0.032717904971888416,0.864474601964665,0.04022314252780118,-0.3271530410575756,0.04133311207444328,0.42893743248735616,0.056381564749633836,0.3271530410575756,0.04133311207444329,1.770785886471923,0.1331506852549368,0.11240187105958918,0.032717904971888416,1.664797425340709,0.18694646493702896,0.06851146946420013,0.026580618136873502,1.1028834858878969,0.04145843975602872,-0.2197774560585824,0.023947782256923174,0.6467060172260106,0.03718295340577858
0.0,1428,FairSmote,LogReg,0.6,0.6000323206205559,compas_t0.0_k1428,0.69810517211833,0.011531541309353011,0.7041542605043087,0.012266411248345026,0.7001623339773742,0.011571654491583303,0.640856226436998,0.009408314990590687,0.7771937534232617,0.02586364010155411,0.7023203514296537,0.014286732885037377,0.7771937534232617,0.02586364010155411,0.3688852324146442,0.014403034567151292,0.6311147675853558,0.01440303456715128,0.22280624657673836,0.025863640101554126,-0.020067326629910266,0.014982391687111773,0.9648868396494296,0.02623899095928844,0.15006530630691706,0.015515977854711857,1.2194867505965032,0.021235512268076122,-0.03480609815109781,0.02415153341386497,0.9144988635359986,0.057532589019882674,0.03480609815109785,0.02415153341386499,1.0588365466132188,0.04172449330882427,-0.15006530630691706,0.015515977854711888,0.5229028816646766,0.06300429515800139,0.06439090374672451,0.010776002082505093,1.0991311243919888,0.01859328968316509,0.057629604077909624,0.019321401947275777,1.0669928070662507,0.03743086957815618
0.0,1428,FairSmote,XGBoost,0.6,0.6000323206205559,compas_t0.0_k1428,0.7104852810444915,0.006096412269677699,0.7147223870632743,0.00706852685605301,0.7125407287176637,0.0065906000851948185,0.6586713446983274,0.006597252905198558,0.7658390334619843,0.02744429876521904,0.7079193193359987,0.010795445193822008,0.7658390334619843,0.02744429876521904,0.3363942593354358,0.0190150632848839,0.6636057406645641,0.019015063284883907,0.2341609665380157,0.02744429876521903,-0.07865835690255306,0.01553534896252868,0.8674319431453859,0.01904905834740415,0.12760084062097488,0.0447003767185411,1.1896927972416644,0.06983277235945166,-0.1317988831598471,0.028138727423516842,0.702729546469328,0.05015658951200971,0.13179888315984717,0.02813872742351686,1.238037626767757,0.060658617056272394,-0.12760084062097485,0.04470037671854112,0.6043654767644193,0.11759522883508403,0.10389141150993617,0.038085914756034935,1.1658266835513005,0.06421564086615694,-0.0020990212694361244,0.013845340221802597,0.9462111718554963,0.016394208008577556
0.0,1428,Massaging,LogReg,0.6,0.6000323206205559,compas_t0.0_k1428,0.6915087531863848,0.00860753592023991,0.6914233781326355,0.009473245411379613,0.6912133781765456,0.00957283728258065,0.6553488242960258,0.0073838229021857245,0.6903925764581502,0.024284359440303764,0.6722183148154144,0.013175974174127903,0.6903925764581502,0.024284359440303764,0.307545820192879,0.01282743878706753,0.6924541798071211,0.01282743878706754,0.3096074235418498,0.024284359440303764,0.09990941202211669,0.012963754339643875,1.242571145412499,0.029862533728648284,0.2887004270896888,0.018644523913204914,1.5666435175653164,0.041317588241614335,0.060124780998611405,0.02468023041575256,1.2340679362334022,0.1014737897070406,-0.06012478099861136,0.024680230415752572,0.919067856878937,0.032579687493881286,-0.2887004270896889,0.01864452391320488,0.40953196113058754,0.046491327503246284,0.12689353399859693,0.01787821603422265,1.2119345920783253,0.03418744645274312,0.17441260404415013,0.015473428044160707,1.4003557268993592,0.04692425763194978
0.0,1428,Massaging,XGBoost,0.6,0.6000323206205559,compas_t0.0_k1428,0.7141887169847696,0.008404114948073846,0.713372970113568,0.009103517985297042,0.7129054301380247,0.009623692059944405,0.6831600125865792,0.010754560241323492,0.7035117887576904,0.028933993968081658,0.6927687596682321,0.013491394160398615,0.7035117887576904,0.028933993968081658,0.2767658485305544,0.021172807925179695,0.7232341514694456,0.021172807925179702,0.2964882112423096,0.028933993968081686,-0.13008993176150135,0.033351577992012854,0.7701779336157533,0.057727219915657664,0.03640657130590017,0.03771117574570856,1.0533525616208543,0.05596075079100221,-0.14045194195611144,0.04524789952420984,0.6425446346151983,0.10327707965823828,0.1404519419561115,0.045247899524209864,1.2319602156911837,0.07998590343162934,-0.03640657130590018,0.037711175745708536,0.8849811620522818,0.1161003442205366,0.08458411357159515,0.02134321225166577,1.130040594654458,0.03415371962496777,-0.052022685325105636,0.037192423263958135,0.8479485981180263,0.07089129413479833
0.0,1428,FairOversampling,LogReg,0.6,0.6000323206205559,compas_t0.0_k1428,0.7038902009296746,0.011095448633621302,0.7154430571571362,0.011577896267168902,0.7015382950052682,0.011065619657889554,0.6307105531809214,0.008798512851778737,0.8549116639280573,0.0232315694955621,0.7257793532580548,0.011984906169254118,0.8549116639280573,0.0232315694955621,0.4240255496137849,0.015943080991367597,0.5759744503862152,0.015943080991367604,0.14508833607194266,0.023231569495562085,-0.24786661561882933,0.018966689139238192,0.6898774919865838,0.022556264300461554,-0.05475786952297017,0.028949483780452666,0.9384805648737136,0.032687708020981296,-0.2979801860521838,0.027382948082859602,0.5494217062199034,0.030924046466418824,0.2979801860521839,0.027382948082859616,1.8867088448130491,0.1348197213646973,0.054757869522970196,0.028949483780452673,1.5227583943689622,0.3100757407369445,0.04344807109585595,0.01760365154597711,1.0649702042426037,0.02659659820774528,-0.176369027787577,0.023458883890719658,0.7439511355468085,0.025497687373780907
0.0,1428,FairOversampling,XGBoost,0.6,0.6000323206205559,compas_t0.0_k1428,0.7195114522417153,0.009433783299113185,0.7269176671394607,0.009268536390375991,0.7212239036951648,0.009810559252114456,0.6562259536366745,0.010046958203518946,0.8163045970423021,0.017663221461801923,0.7274289318210002,0.009168322578067357,0.8163045970423021,0.017663221461801923,0.36246926276338043,0.01870412068630985,0.6375307372366196,0.018704120686309868,0.18369540295769804,0.01766322146180191,-0.21386354133194585,0.009834396312598118,0.7044360051096453,0.013069966819052757,-0.01542765462228548,0.020553562783053713,0.9816171870936689,0.024801629355364386,-0.25681266164595823,0.033829614973540506,0.5475571072691141,0.04578195081564794,0.25681266164595823,0.033829614973540555,1.5981522922762337,0.11166917776440312,0.015427654622285486,0.020553562783053706,1.0978388160407395,0.125295523938335,0.06698539201765016,0.026436503485428902,1.1006362979923021,0.04149751367389845,-0.13612015813412187,0.008726708949491258,0.7645871471813915,0.015068127741191253
0.0,1428,FAWOS,LogReg,0.6,0.6000323206205559,compas_t0.0_k1428,0.685954603388814,0.008593866839899343,0.7014088871056084,0.008442806296686573,0.6760309137338691,0.009729846436206006,0.6079438821073117,0.0071625608330435925,0.887965404358847,0.013150164748937841,0.7216951516274202,0.00728094806185364,0.887965404358847,0.013150164748937841,0.4851476301476302,0.015147612710439299,0.5148523698523698,0.015147612710439287,0.11203459564115303,0.013150164748937869,-0.17535642902651122,0.011594135296240706,0.7795552144139779,0.014206627790461787,0.004620251734345726,0.02203334301745592,1.0054008101875336,0.02477810577066732,-0.21702841993688876,0.027832748320910764,0.6705855708357675,0.03393512778532384,0.21702841993688882,0.027832748320910764,1.6407933429312398,0.12128487764787754,-0.0046202517343456985,0.02203334301745592,0.9734742563810332,0.20459891430943203,0.020104393957186727,0.021054221939339462,1.0304611767150582,0.031604798868140854,-0.10620408410127151,0.014496067934858189,0.8379931905116507,0.01669882516102383
0.0,1428,FAWOS,XGBoost,0.6,0.6000323206205559,compas_t0.0_k1428,0.7056260442773601,0.010041305723574397,0.7164736546535003,0.010391517141635623,0.7041192139310969,0.010335709464254824,0.6340734572691246,0.008915571839303619,0.8473467334123072,0.025491509169030514,0.7251605103750387,0.011067471240742964,0.8473467334123072,0.025491509169030514,0.4143994241053065,0.020351878970336187,0.5856005758946936,0.020351878970336162,0.15265326658769282,0.025491509169030507,-0.1484556462151579,0.008311609184585598,0.7933675573753577,0.014213575672759153,0.0525564368517389,0.028807645582321635,1.0651115202430907,0.036555928045040785,-0.19920925996553276,0.040073131122620245,0.6538685858923291,0.05442088024985974,0.19920925996553268,0.040073131122620224,1.4747755975611714,0.13439019111104242,-0.05255643685173887,0.02880764558232158,0.7215528490035782,0.1406193080973274,0.06068668020800148,0.033642326805710145,1.0934548664348207,0.05459426050471805,-0.07332641155689693,0.011561586278575153,0.8594900530677098,0.01702740328364614
0.0,1428,HeterogeneousFOS,LogReg,0.6,0.6000323206205559,compas_t0.0_k1428,0.6974103260287471,0.00944521321333689,0.7038798526021284,0.010246036317632469,0.6993794256654188,0.00939728628084144,0.6389406527262975,0.007088178898825417,0.7819872750200619,0.023292221085281076,0.703145648370626,0.012317281107687995,0.7819872750200619,0.023292221085281076,0.37422756981580513,0.011391766130588833,0.6257724301841948,0.011391766130588834,0.21801272497993812,0.023292221085281093,-0.023772244392189147,0.01963437579515282,0.9592919573688299,0.034111211479513445,0.1480677016247486,0.021032430808478882,1.2147479726916626,0.030471383177072518,-0.04112856796648427,0.028602341175949567,0.9022084534090142,0.06875439742028121,0.04112856796648427,0.028602341175949536,1.0709879750928926,0.04915945268985757,-0.1480677016247486,0.021032430808478875,0.5212098839571205,0.07252508789197436,0.06399258335205389,0.011216210894397513,1.0984730995143834,0.01859763177385498,0.05346956682913216,0.023558971345582966,1.0584782130503383,0.046840446782640134
0.0,1428,HeterogeneousFOS,XGBoost,0.6,0.6000323206205559,compas_t0.0_k1428,0.7115266130068761,0.005990919767379727,0.7160687151164491,0.006436262810036852,0.7136588735544024,0.006290388302217967,0.6586190071997349,0.007579772674133616,0.7708834880966029,0.024218015827915388,0.7100786884850685,0.009028206653288084,0.7708834880966029,0.024218015827915388,0.33874605786370493,0.019533737805353286,0.6612539421362951,0.019533737805353283,0.22911651190339716,0.024218015827915374,-0.08388707174391614,0.013118837061420602,0.860001276203017,0.01608703543907111,0.11093214019388523,0.03335534834661469,1.1598492304839534,0.050891019290833214,-0.12231845293548119,0.02238370736320849,0.7207570292101646,0.04121251765820327,0.1223184529354812,0.022383707363208487,1.2186509591892416,0.0458836964522394,-0.11093214019388516,0.033355348346614716,0.6331674956239871,0.09411981109109356,0.08940934599951869,0.026994701905449184,1.1391448229866328,0.04469522656636777,-0.00569315637079798,0.013333075161169838,0.9403031298470589,0.017331405486819627
0.0,1428,FairwayRemover,LogReg,0.6,0.6000323206205559,compas_t0.0_k1428,0.7211311532035216,0.0069183286121933625,0.727350157610524,0.007484411603457668,0.7232930036613487,0.006959784852621371,0.6616119585630391,0.006394757240132939,0.8024262167704791,0.02071533963031842,0.7251030403329839,0.009139698920920605,0.8024262167704791,0.02071533963031842,0.34772590154943095,0.014007109088926488,0.652274098450569,0.01400710908892647,0.19757378322952096,0.020715339630318436,-0.32778834908610366,0.027312990030773938,0.5858043726521626,0.031068292138203855,-0.12588253903690144,0.03595152287389494,0.8573010098802255,0.040159110271802904,-0.3836885447824354,0.03513996704778098,0.41263669190140506,0.03701331116052828,0.3836885447824354,0.03513996704778092,2.1148761042955084,0.17367432937636684,0.12588253903690144,0.03595152287389496,2.0791638651638653,0.3549529145161661,0.06980566774349388,0.01778587498062282,1.1043814895262234,0.027738733921198206,-0.2547855419096684,0.03072285113222432,0.6349688508908153,0.033450497719562954
0.0,1428,FairwayRemover,XGBoost,0.6,0.6000323206205559,compas_t0.0_k1428,0.7207846003898635,0.008801507024545062,0.7237902689831331,0.009278982720447764,0.722410874217132,0.009463317180850635,0.673608970000248,0.011174118467464748,0.7600370030697899,0.03038627713813699,0.7137760451929642,0.012572918995431115,0.7600370030697899,0.03038627713813699,0.31245646510352393,0.02457797001364493,0.687543534896476,0.024577970013644913,0.23996299693021003,0.030386277138137015,-0.2871550569375912,0.03181878157299799,0.6030987244405723,0.04131690217870884,-0.10447608071769147,0.015124849738944726,0.8729007487462705,0.021607047905988053,-0.319797258269952,0.059804773266652164,0.43877860924970075,0.07978530502300075,0.31979725826995203,0.059804773266652136,1.7535365032643901,0.19666326511436552,0.10447608071769146,0.015124849738944691,1.5987893361910885,0.05744490611139323,0.0693275700036581,0.027418657496325907,1.104225080041196,0.04219716630506696,-0.21213666949382173,0.03369082160552974,0.6558396789979857,0.04707315124391066
0.0,1428,DisparateImpactRemover,LogReg,0.6,0.6000323206205559,compas_t0.0_k1428,0.7198581389370864,0.009333615560313976,0.7192255111758487,0.00951880903544128,0.7190990400120916,0.009602217145152017,0.6882206852490355,0.010368172046518527,0.7115878201943776,0.016298253192372308,0.6996172885411698,0.010956880503833706,0.7115878201943776,0.016298253192372308,0.27313679784268025,0.012630803977825757,0.7268632021573198,0.01263080397782576,0.2884121798056224,0.01629825319237233,-0.3865858905198016,0.028013682854276672,0.4857714726331091,0.025462735539748677,-0.22291776828689577,0.027099391978747354,0.7381516166314033,0.03066985495475445,-0.40852064662210263,0.04080384525634588,0.317442928948606,0.025614442868828805,0.40852064662210263,0.04080384525634588,2.0337988032839833,0.19330108481665903,0.22291776828689583,0.02709939197874735,2.5136141028652657,0.26014092398604877,0.06346347331675195,0.007984458487999316,1.0942994518191373,0.013279518215558617,-0.3157192074544993,0.03352880392489197,0.5277972727900047,0.027228689915136804
0.0,1428,DisparateImpactRemover,XGBoost,0.6,0.6000323206205559,compas_t0.0_k1428,0.7168492813229654,0.006400274319142433,0.7192090795200728,0.0067333982745017016,0.7182516129786543,0.006702205195321152,0.6722421510143706,0.009897959331758752,0.7476699529978218,0.02666723956210762,0.7075807153398945,0.009792572087720993,0.7476699529978218,0.02666723956210762,0.3092517939576763,0.02264889029465943,0.6907482060423238,0.022648890294659437,0.25233004700217815,0.026667239562107623,-0.313997128330323,0.018660171824787842,0.5724878920453284,0.029561335604583572,-0.11887329672564576,0.025041771892015625,0.8551663696081035,0.031683300892422196,-0.36826094625807515,0.03511652910155001,0.38820222470029114,0.04534309588092046,0.36826094625807515,0.035116529101549956,1.9323840043610794,0.14128249448056932,0.1188732967256457,0.025041771892015615,1.6732513638146713,0.14171768412588742,0.08602731651252729,0.022352845984754312,1.1321521402127677,0.036982829535830944,-0.2435671214918605,0.020823932440289784,0.6216842971541974,0.03168961137057131
0.0,1428,LearningFairRepresentations,LogReg,0.6,0.6000323206205559,compas_t0.0_k1428,0.601135049161365,0.0065794126740155385,0.5873642646328279,0.006461005149839167,0.563330015836789,0.006719344788630589,0.5914935876073193,0.010318500872044046,0.4211490695097252,0.007649889065427232,0.4919648967219087,0.007964264807719145,0.4211490695097252,0.007649889065427232,0.24642054024406965,0.008678791911537786,0.7535794597559303,0.008678791911537783,0.5788509304902748,0.007649889065427207,-0.9035417639347469,0.008461285195241502,0.07188006861037102,0.007314467692550905,-0.9096612659028767,0.00854077045053852,0.08042732009463907,0.009924789976139839,-0.8857198586047115,0.011545355969928143,0.06695009803436609,0.011752261066917045,0.8857198586047115,0.01154535596992815,18.565665453276107,1.3863339816941955,0.9096612659028767,0.008540770450538498,145.243367003367,103.19708858139097,-0.02607357431502213,0.007409664232798942,0.9579281950547045,0.011937167135774763,-0.897690562253794,0.007276178581339467,0.07368870906450257,0.006950885206151196
0.0,1428,LearningFairRepresentations,XGBoost,0.6,0.6000323206205559,compas_t0.0_k1428,0.7152287101300259,0.008897310251846246,0.7173438337083468,0.009388115542321147,0.7167591641713117,0.009277938099656404,0.6712699071429846,0.008327433964693669,0.7428761129580803,0.019984036529126635,0.7051366862743306,0.011325076157313147,0.7428761129580803,0.019984036529126635,0.3081884455413867,0.012417043580220275,0.6918115544586133,0.012417043580220301,0.2571238870419198,0.019984036529126628,-0.2905559320974964,0.009204244523530579,0.5939355301800757,0.009034225808326241,-0.11256366799990962,0.021950504388078787,0.8617603988559978,0.026155114959616144,-0.32392445256736224,0.04603257940451823,0.4294765905923531,0.041140804298556266,0.32392445256736224,0.04603257940451822,1.7632123125777501,0.18932511533076132,0.11256366799990962,0.02195050438807882,1.6170740852900487,0.16489241890885828,0.0712511554411974,0.03039180252537425,1.1090002912363952,0.0502839740721713,-0.2182440602836359,0.012095276713583071,0.6456184947241754,0.010457906157609893
0.0,1428,ReweighingClassifier,LogReg,0.6,0.6000323206205559,compas_t0.0_k1428,0.6969471622432148,0.009867099787253064,0.698201657177067,0.010791326973687869,0.6978322253096158,0.010666940218286354,0.655894485506922,0.00797994656940999,0.7133535863044059,0.025664190799201597,0.68323398067601,0.014297485100202189,0.7133535863044059,0.025664190799201597,0.3169502719502719,0.01232517467210138,0.6830497280497282,0.01232517467210138,0.28664641369559407,0.025664190799201594,0.05570993827648041,0.024908214667399713,1.1219541892285239,0.05565191996034233,0.2404632454296884,0.030304780017817466,1.42713392646435,0.054527667152861704,0.023674946134524744,0.03180117387103688,1.086444638908361,0.11348461488748235,-0.023674946134524765,0.03180117387103691,0.9673910615627838,0.04448109283959897,-0.2404632454296884,0.030304780017817484,0.44857707067122127,0.07279885915883355,0.11058306109678358,0.012947480988567895,1.1794720882559875,0.024121432984458787,0.13206909578210654,0.029444418066845668,1.2567892826863556,0.07735319176699422
0.0,1428,ReweighingClassifier,XGBoost,0.6,0.6000323206205559,compas_t0.0_k1428,0.7053938264464581,0.007775214716914379,0.7061572179026374,0.0075306118584847065,0.7059900782448083,0.007648153752106739,0.6667616374993532,0.009976591237331306,0.7153696485663699,0.013162793371172007,0.6901023720227497,0.007786348053466057,0.7153696485663699,0.013162793371172007,0.30305521276109515,0.015456606781087862,0.696944787238905,0.015456606781087893,0.28463035143363014,0.01316279337117202,-0.016106782599690606,0.015487920760093131,0.9680952331716425,0.031036437700891175,0.18452895848869005,0.027471273431071884,1.3088562499539227,0.05496078888292408,-0.06555884233301104,0.02319914972458708,0.8161999184734933,0.06355506529458711,0.06555884233301106,0.023199149724587084,1.10197386792056,0.03662567584529524,-0.18452895848869005,0.027471273431071877,0.5398031584285293,0.052640899403169766,0.122388720326892,0.022080870192077426,1.1990059292310276,0.04022068739060907,0.059485058077839506,0.014825162754881502,1.062528084213708,0.03441038900899111
0.0,1428,FairBalanceClassifier,LogReg,0.6,0.6000323206205559,compas_t0.0_k1428,0.6987993487993488,0.012353879625746014,0.7053557213706683,0.01312003352685129,0.7007206733826363,0.012334950744115189,0.6399407690948873,0.009822055069845128,0.7845118906594316,0.026383695369326103,0.7047521332682047,0.01498270780582161,0.7845118906594316,0.026383695369326103,0.373800447918095,0.013827674208647283,0.626199552081905,0.01382767420864731,0.21548810934056833,0.026383695369326082,-0.031015395819490643,0.014726877950739571,0.9470288884440234,0.02535018282576836,0.13596004790635663,0.017140937585791226,1.194225071086833,0.023003349216141732,-0.04166873984924994,0.026598976054462178,0.9005316049196213,0.06300064082352377,0.04166873984924997,0.026598976054462126,1.0718107916748183,0.04621680411569157,-0.13596004790635663,0.017140937585791223,0.5441651702121794,0.07043981080983615,0.057395278888777865,0.013305975553503383,1.0876739241302398,0.021726759515298955,0.04714565402855335,0.019934278433899322,1.0473783380032269,0.03891740225153397
0.0,1428,FairBalanceClassifier,XGBoost,0.6,0.6000323206205559,compas_t0.0_k1428,0.7084011444208813,0.00482170687531482,0.7127367773124764,0.005372602023819103,0.7106953473258852,0.004902190491825248,0.6561784844269016,0.0045848548528177446,0.7650747704026392,0.01686232449942473,0.7063542418138372,0.007366673849109558,0.7650747704026392,0.01686232449942473,0.3396012157776863,0.01077967921977458,0.6603987842223136,0.010779679219774567,0.23492522959736073,0.016862324499424725,-0.0448572000031221,0.013529249210469567,0.9211811813914308,0.023008938494321056,0.1543795900842881,0.028811707923465504,1.2326528902635,0.05044348965818375,-0.08864997267271482,0.04647105263597007,0.7911162330102148,0.09006421255758766,0.08864997267271488,0.046471052635970074,1.1560216528713132,0.09430624100431116,-0.15437959008428806,0.0288117079234655,0.5368554521484599,0.05957181937479944,0.09871003092573175,0.034958720179938105,1.1573881890326043,0.06131261131292214,0.03286480870578663,0.01644351393356501,1.0118845616368575,0.030963952675648564
0.0,1428,FairMask,LogReg,0.6,0.6000323206205559,compas_t0.0_k1428,0.7218247943576891,0.006427703313862601,0.7280519852482245,0.00781778754351121,0.7239242607636627,0.00630872604229919,0.6621852003323941,0.0032726399611444777,0.8031879322862929,0.02638693164168564,0.7256973901770165,0.010942498993432354,0.8031879322862929,0.02638693164168564,0.34708396178984413,0.012825588758465326,0.6529160382101559,0.012825588758465343,0.19681206771370705,0.02638693164168564,-0.295347954092782,0.02863174140888298,0.6154421638603429,0.035436782557441565,-0.09884798770704813,0.03774061881803073,0.8857751007323997,0.043674615233248316,-0.3414265038555869,0.03434650320109015,0.4485859328145093,0.039899324511836864,0.3414265038555869,0.03434650320109015,1.900818283838587,0.13701191163164675,0.09884798770704813,0.0377406188180307,1.7488429752066117,0.3112058350885254,0.06565161923604676,0.016477383501792894,1.0977591247683582,0.025575703967991102,-0.2201372457813175,0.032605178381271915,0.6671805167734546,0.03836851473056279
0.0,1428,FairMask,XGBoost,0.6,0.6000323206205559,compas_t0.0_k1428,0.7167338083456505,0.005667097809841421,0.7195296579023677,0.006416791535050153,0.7184311606029422,0.006226972895882315,0.6702587619628173,0.007532251097452342,0.7532267823251431,0.02516701849513552,0.7090258733961734,0.009820581155840767,0.7532267823251431,0.02516701849513552,0.31416746652040767,0.01849246912874768,0.6858325334795923,0.018492469128747673,0.24677321767485702,0.025167018495135512,-0.280541236568368,0.013686227270439574,0.6080278532207679,0.02470125414289927,-0.09492057035681196,0.03170891226603724,0.8830685913561197,0.039885864085143725,-0.32026810843719333,0.028326282189535396,0.4368749799171612,0.03678007337067034,0.32026810843719333,0.028326282189535416,1.7476379184152298,0.10670789988676545,0.09492057035681196,0.031708912266037274,1.5081008780425926,0.16274052542709272,0.07562303610042771,0.022791525203875642,1.1148382654998719,0.03695167941897893,-0.20759433939700264,0.0140719556564238,0.6599717856366405,0.026740130787438476
0.0,3490,Baseline,LogReg,0.7,0.7,compas_t0.0_k3490,0.7664429234308363,0.004571647505595816,0.7685539990992871,0.005785735780153914,0.7684875158244143,0.005757752542621526,0.6558568545128755,0.004494547642531112,0.7766858369317385,0.011305598282836822,0.7111535803690612,0.006835614990766489,0.7766858369317385,0.011305598282836822,0.23957783873316427,0.0034497111245696717,0.7604221612668358,0.0034497111245696457,0.22331416306826143,0.011305598282836797,-0.47429987140199537,0.023963754530252103,0.4104288258118675,0.01816739125520063,-0.18108783585293653,0.01854112670216954,0.7965499213098044,0.0201248872016525,-0.5046304830258679,0.03966209886121048,0.2501375569260288,0.025782885773588927,0.5046304830258679,0.039662098861210485,2.561212591259081,0.2447234489115903,0.1810878358529365,0.018541126702169553,2.660244229048783,0.25377866134695753,0.1268148730330866,0.01410859324540873,1.1898896856237022,0.023005078883794428,-0.3428591594394022,0.025424826972809973,0.5233437391179165,0.019394431756696306
0.0,3490,Baseline,XGBoost,0.7,0.7,compas_t0.0_k3490,0.7742904224159382,0.006506659566861484,0.7700562431458415,0.007400220845171746,0.769776377506824,0.007553543240259179,0.674889793359942,0.009806964977160321,0.7537276930719554,0.017517349425636222,0.7119875784906631,0.009023877724630903,0.7537276930719554,0.017517349425636222,0.2136152067802725,0.011257570699364427,0.7863847932197275,0.011257570699364406,0.24627230692804464,0.0175173494256362,-0.40714275386140386,0.03586255343399269,0.44109169955591154,0.037529373292654676,-0.1134928705398504,0.024183963183064306,0.8623295297519673,0.029570370042246462,-0.42499827612161356,0.06375625092459554,0.2688684263780363,0.059781941925140816,0.42499827612161356,0.0637562509245955,2.031108444414079,0.2366017109041647,0.11349287053985042,0.024183963183064275,1.6476991087344028,0.13639692314861976,0.1401646306365538,0.027638937327116645,1.2116311863639706,0.04582632398211378,-0.269245573330732,0.040355744323573584,0.5655989780650018,0.040765702822119505
0.0,3490,FairSmote,LogReg,0.7,0.7,compas_t0.0_k3490,0.7321563860018246,0.009491822397363148,0.7505332711324686,0.01074501736292322,0.7471711490022925,0.010323909476206794,0.601186254080482,0.008985612207150032,0.8213455488045651,0.015844607838265405,0.6942229347279179,0.011548729614027349,0.8213455488045651,0.015844607838265405,0.32027900653962826,0.006306884634947233,0.6797209934603717,0.006306884634947258,0.1786544511954348,0.015844607838265436,-0.1632553004167785,0.032224315849755644,0.7433194447241325,0.04193980259258922,0.12503604275416352,0.031897050866356615,1.169222940397996,0.0468417897405636,-0.16273865194328846,0.04817931413536589,0.6532046189406613,0.08341303899754018,0.16273865194328846,0.0481793141353659,1.3087978678715635,0.10318551061004065,-0.12503604275416355,0.03189705086635658,0.516524825663245,0.1010481760541057,0.089206085544753,0.018621049251915513,1.1348106008531718,0.029694270699114005,-0.018851304594562458,0.033824635439225224,0.9112137796693286,0.0561865502903087
0.0,3490,FairSmote,XGBoost,0.7,0.7,compas_t0.0_k3490,0.7505614897397059,0.009180107947532823,0.7608833361963786,0.009031315336708028,0.7598218260730514,0.009055768909895606,0.6280351361162029,0.01074609511050707,0.800656629345154,0.010542066026861124,0.7038883594361619,0.009914646510214759,0.800656629345154,0.010542066026861124,0.2788899569523969,0.010759540999665725,0.7211100430476031,0.01075954099966577,0.19934337065484606,0.010542066026861127,-0.14462804696031345,0.04616972738170971,0.7564237400579997,0.06693697745984534,0.207028224075204,0.04593388903044857,1.3113469134309832,0.08001255220117429,-0.1977946889746473,0.07077401310897008,0.5748541729950751,0.12104315592003452,0.1977946889746473,0.07077401310897007,1.3759580848084998,0.15347631970206851,-0.20702822407520394,0.045933889030448566,0.376399155792499,0.09714526585194658,0.16383009445214858,0.02649306806486326,1.263626866493424,0.049050762043817364,0.004616767550278339,0.05174740419613166,0.9431005432130292,0.08713912821954543
0.0,3490,Massaging,LogReg,0.7,0.7,compas_t0.0_k3490,0.731876797897742,0.008468556835004902,0.7147005108396643,0.00970202728366967,0.711574770317678,0.010280055931414575,0.6350342865989069,0.010919514842069317,0.6485065026048632,0.016212142709222898,0.6416488200318655,0.01249449129246096,0.6485065026048632,0.016212142709222898,0.21910548092553447,0.007440705194145177,0.7808945190744655,0.007440705194145186,0.35149349739513674,0.016212142709222877,0.08872225979819812,0.026194421401086767,1.291649121125255,0.10109858984379112,0.40348902899238465,0.04888478544502059,2.026932064621058,0.18092838011560078,0.050266716706543646,0.04817925206765636,1.37940659033096,0.4718117166390574,-0.05026671670654363,0.048179252067656386,0.9412509848584539,0.053350536477585746,-0.40348902899238465,0.048884785445020576,0.3330133958633959,0.061613174246398186,0.21678835992830758,0.03536134619723765,1.3867330880415456,0.07723489490267395,0.22687787284946417,0.03106643334602381,1.7031693274760087,0.23676907337820913
0.0,3490,Massaging,XGBoost,0.7,0.7,compas_t0.0_k3490,0.7537370518623929,0.0032445895765132026,0.7354873613237987,0.0027386332920022634,0.7320544519104255,0.0031102205588218737,0.6683672980571964,0.00790867002290197,0.6651572471244603,0.010394011022083802,0.6666498132235501,0.003705720828135677,0.6651572471244603,0.010394011022083802,0.19418252447686274,0.009265221206905556,0.8058174755231373,0.00926522120690558,0.3348427528755398,0.010394011022083816,-0.09388660955958018,0.024670916345681828,0.7886631064195677,0.04978271625923538,0.19555826723611958,0.02466982193786353,1.3622408150893872,0.059995040412475734,-0.10450338081340697,0.05649644135635319,0.6577753689249995,0.18369714629378758,0.104503380813407,0.05649644135635314,1.1506656041513044,0.08244678037707208,-0.1955582672361196,0.02466982193786355,0.5732494439803508,0.037886511957979215,0.18487552443676972,0.03491940549763746,1.3050576748380462,0.06696209897743989,0.0455274432113563,0.026772094567027577,1.0100080920071934,0.08528408275112366
0.0,3490,FairOversampling,LogReg,0.7,0.7,compas_t0.0_k3490,0.7375757681579487,0.012131067588564672,0.7673689791819676,0.013021099521131903,0.7587281150759885,0.012649277348779008,0.5988400622618877,0.011125900682106954,0.8821640108525355,0.016680117433703907,0.7133974011384804,0.013239025438040593,0.8821640108525355,0.016680117433703907,0.34742605248860026,0.009887264232035923,0.6525739475113997,0.009887264232035923,0.11783598914746456,0.016680117433703897,-0.339212632581268,0.021130944630626643,0.579932015207009,0.018179830647838218,-0.015429010462567528,0.02299891134414147,0.9827100259332868,0.025900574114787835,-0.3835647307662692,0.03785259405150343,0.43389269097116345,0.035362760310867956,0.3835647307662692,0.03785259405150346,2.200305766845714,0.20481628406836133,0.01542901046256751,0.022998911344141486,1.1445758137076922,0.20645329699115386,0.0898880403855673,0.019477660232257617,1.1346713151341703,0.02994645032530818,-0.19949687061441834,0.02026919666689792,0.7083013584522251,0.01855311853880515
0.0,3490,FairOversampling,XGBoost,0.7,0.7,compas_t0.0_k3490,0.7626131120491342,0.010651534127610345,0.7804915856688787,0.011583758479150467,0.7773139722241533,0.011231083188175265,0.6340391363611653,0.011923347889700448,0.8493643878889781,0.022019589611835547,0.7259363013184399,0.01263024931716901,0.8493643878889781,0.022019589611835547,0.2883812165512205,0.01459037542151279,0.7116187834487795,0.014590375421512812,0.15063561211102197,0.02201958961183554,-0.3085724815384402,0.02738376942838091,0.5799305094870031,0.03269105092388208,0.02886855128465864,0.02293449226746705,1.0346671393419642,0.027947508872374623,-0.34496610168315744,0.05854397438609928,0.4135213688055157,0.0678149770088203,0.3449661016831574,0.058543974386099276,1.847598566820126,0.19859230219139457,-0.028868551284658657,0.022934492267467025,0.8255565171089568,0.13055702904412791,0.12289561393896568,0.032990393492728046,1.1856419979923685,0.05378857152422015,-0.15804877519924937,0.03231553941689273,0.72409425407374,0.03621163183105326
0.0,3490,FAWOS,LogReg,0.7,0.7,compas_t0.0_k3490,0.7261777403344581,0.010094074842955346,0.7607627533201922,0.009900091463289924,0.7489886838206445,0.010163691512248853,0.585294465235959,0.0095174672769254,0.8940212337753322,0.009982879426043895,0.7074304830379532,0.00977783555952967,0.8940212337753322,0.009982879426043895,0.3724957271349477,0.011044436673250972,0.6275042728650522,0.011044436673250961,0.10597876622466787,0.00998287942604387,-0.3045724462716025,0.024958289489429214,0.6199264800495083,0.023705888253167853,0.012171378211646666,0.015581483450349487,1.0138054659405478,0.017659354880746624,-0.344646591056505,0.04386808384730039,0.48581473587222135,0.044564374124297305,0.3446465910565051,0.0438680838473004,2.0565336098688163,0.2097485747359471,-0.012171378211646672,0.015581483450349452,0.896602034985373,0.1329478503156433,0.07510182417718063,0.019871944681755422,1.112680879200467,0.030738416601924324,-0.16623760642242918,0.0235577924149956,0.7498101009063844,0.024231553069803596
0.0,3490,FAWOS,XGBoost,0.7,0.7,compas_t0.0_k3490,0.7584093379371156,0.012500640814190831,0.7820370996859638,0.01270183560022507,0.7766810452647979,0.01265331516689241,0.6243146749829708,0.013043659469154175,0.8730772415198643,0.016072878994293795,0.7279906368243558,0.013365682843777892,0.8730772415198643,0.016072878994293795,0.3090030421479368,0.01368721574414498,0.6909969578520632,0.013687215744144929,0.12692275848013554,0.01607287899429381,-0.26922314965608535,0.02229683625676486,0.6292808566599085,0.023887108217764266,0.07224911305448216,0.022113959847992005,1.0873891785845113,0.027295907997336822,-0.3015566471525021,0.050960661320163525,0.4720622892134239,0.061087257823577504,0.3015566471525021,0.05096066132016351,1.710569563526222,0.16526226550316395,-0.07224911305448217,0.02211395984799199,0.580347908959889,0.11812257130029186,0.11162957728916414,0.03026387564485946,1.1670147817171124,0.04829075853111553,-0.11465376704900998,0.022606101057823076,0.7797257338989677,0.025547049432270375
0.0,3490,HeterogeneousFOS,LogReg,0.7,0.7,compas_t0.0_k3490,0.7319700375839746,0.011144553653335847,0.750074254969985,0.011863421833905066,0.746820346512447,0.011652582937532683,0.6012290548261545,0.011116258901838292,0.8198329448329449,0.014722919343205458,0.6937158252082496,0.01264082989026502,0.8198329448329449,0.014722919343205458,0.3196844348929749,0.009143290602282009,0.6803155651070251,0.009143290602282021,0.18016705516705517,0.01472291934320546,-0.16023906885472206,0.03466227706848375,0.7469628437675718,0.04685578144948021,0.1301471086705986,0.03877462247716204,1.177748164414872,0.05756026549491335,-0.1622111798427166,0.04602883295593788,0.6523034197591558,0.08248661358053623,0.16221117984271666,0.04602883295593787,1.305591890088571,0.09655693498114827,-0.1301471086705986,0.038774622477162075,0.5086064653802796,0.1178478873896763,0.09213492588296197,0.020702668992409374,1.1396950461889026,0.03265839926542923,-0.016032035586059007,0.035177687455192355,0.915025792087014,0.05928284738247974
0.0,3490,HeterogeneousFOS,XGBoost,0.7,0.7,compas_t0.0_k3490,0.7559795186981365,0.004699905720012405,0.7643027338946036,0.0036063393471704045,0.7636131523055953,0.0037814613288070474,0.636241748783821,0.006710598423701281,0.7963681582534041,0.002926460900676158,0.7073290238610743,0.003853603612719488,0.7963681582534041,0.002926460900676158,0.26776269046419704,0.008106917522444952,0.732237309535803,0.00810691752244496,0.20363184174659582,0.0029264609006761735,-0.1610741472667571,0.04402700891355881,0.729143460826071,0.05982780445141172,0.17430999028314467,0.051222226385474655,1.257640627033818,0.08644034903455267,-0.1938710538966935,0.08120448511754885,0.575296102801832,0.15179051902396123,0.19387105389669354,0.08120448511754885,1.3611852305564083,0.16495591892331307,-0.17430999028314462,0.0512222263854746,0.4536236255034004,0.11242940475512682,0.1507798782538381,0.046211248223509506,1.2397276557985493,0.08275834287634873,-0.00978053180677443,0.04826979442876525,0.9164683649178249,0.08374685426406843
0.0,3490,FairwayRemover,LogReg,0.7,0.7,compas_t0.0_k3490,0.7665364686778386,0.006289263262583006,0.7723727910666917,0.007184850462092941,0.7720216399655736,0.007102263187458688,0.6513685003264081,0.00684947976263174,0.7948552358388424,0.012090117693158292,0.7159699446230261,0.008250166131158379,0.7948552358388424,0.012090117693158292,0.25010965370545934,0.0057570859136855425,0.7498903462945407,0.00575708591368554,0.2051447641611576,0.012090117693158304,-0.4543204924258168,0.025110074773814342,0.4338794546149143,0.021017341789207944,-0.15199466702822412,0.024263160033864972,0.8293257795073741,0.026334153813658792,-0.4862889627154356,0.03853965993931114,0.2718345955016449,0.0293743024338998,0.4862889627154356,0.038539659939311174,2.4768807345571755,0.2154373515500436,0.1519946670282241,0.02426316003386495,2.3982628142617997,0.29257224573918666,0.12429170209094564,0.015205329594558508,1.1855249549112747,0.02423714752168924,-0.3191418148718299,0.026641019425798256,0.5505801875045094,0.02301031134739035
0.0,3490,FairwayRemover,XGBoost,0.7,0.7,compas_t0.0_k3490,0.7736366533238463,0.009660197546803617,0.7727574593740157,0.01143581909227268,0.772624545312661,0.011513684922130491,0.6690166816857125,0.011701433119022199,0.7693667443667445,0.022744793801205875,0.7155445108030626,0.013696417801953154,0.7693667443667445,0.022744793801205875,0.22385182561871306,0.011334390493835465,0.7761481743812869,0.011334390493835451,0.23063325563325562,0.02274479380120588,-0.4060740074589361,0.04107423542894089,0.45151016681794215,0.040726445104865366,-0.10027387973696696,0.03571590019207799,0.8796107276422122,0.04259489140431446,-0.43359450264316457,0.06338840090472293,0.2758518726740293,0.0567248041248407,0.43359450264316457,0.0633884009047229,2.099424584879006,0.25147571397034596,0.10027387973696697,0.03571590019207796,1.6048453421391429,0.23124079597019456,0.14248657907895615,0.022324900370101368,1.2153905303701698,0.03726305678264072,-0.26693419119006573,0.045557668439104165,0.5777313001581208,0.04508291397208524
0.0,3490,DisparateImpactRemover,LogReg,0.7,0.7,compas_t0.0_k3490,0.7574730997394004,0.005079134839289703,0.7358006723253327,0.008496622104464578,0.7308530273905528,0.010142463247533373,0.6798217897018486,0.006181430987837152,0.6522854649903831,0.02381316682816355,0.6655142037140007,0.012085304667090837,0.6522854649903831,0.02381316682816355,0.18068412033971754,0.008907754905411073,0.8193158796602825,0.00890775490541107,0.347714535009617,0.02381316682816354,-0.5007537732367526,0.029505826607103904,0.3248205186505466,0.029453338878048456,-0.29203579418344516,0.040658169300717965,0.6503988169366428,0.046506528451489934,-0.48635489788419656,0.029247996326109617,0.18646812817777753,0.024913708403598096,0.48635489788419656,0.029247996326109617,2.214279060033086,0.12491410859913087,0.29203579418344516,0.040658169300718,2.7968017656960606,0.35925576662458136,0.12046478165419101,0.005141416920977211,1.1813521227517352,0.009621869005296053,-0.38919534603382083,0.03455975563086509,0.4184334725572102,0.03546975223201042
0.0,3490,DisparateImpactRemover,XGBoost,0.7,0.7,compas_t0.0_k3490,0.7726075683037448,0.008280307029072958,0.7663779512010725,0.010225800115065804,0.7658651007440831,0.01053060949224287,0.6756476517771729,0.01073663358299774,0.7423666042518502,0.022332132495299466,0.7072658079347447,0.012637175671448064,0.7423666042518502,0.022332132495299466,0.20961070184970515,0.010783778179060814,0.7903892981502949,0.010783778179060842,0.25763339574814986,0.02233213249529943,-0.4137550189118417,0.03794352918562127,0.4308524171026331,0.03770880658086285,-0.11336722934038371,0.018304603765009368,0.8603324709376501,0.02383071830749178,-0.4454015272336943,0.07198931531979336,0.25200454223182506,0.061134958733575495,0.4454015272336943,0.0719893153197933,2.1261645669923555,0.28491078256952906,0.11336722934038371,0.018304603765009385,1.6062352206884511,0.08665295906073164,0.15385326728358445,0.030914498273838627,1.2369962768650875,0.05290586250292647,-0.279384378287039,0.042153133588824075,0.5561685065847376,0.03913268700409618
0.0,3490,LearningFairRepresentations,LogReg,0.7,0.7,compas_t0.0_k3490,0.678811674167456,0.0004622456703694601,0.6162560237306618,0.0003812567687392392,0.5671622771146805,0.0002971839841072763,0.6071910993799248,0.0015861040232487893,0.3752206809583859,0.0004944636551499973,0.4638178081151561,0.0004548368509094514,0.3752206809583859,0.0004944636551499973,0.14270863349706234,0.0009817179246857039,0.8572913665029377,0.0009817179246856746,0.6247793190416141,0.0004944636551500228,-0.9979625088324535,0.003155180353480818,0.0,0.0,-0.9993288590604028,0.001342281879194651,0.0,0.0,-0.9958549222797928,0.006042437196730903,0.0,0.0,0.9958549222797928,0.006042437196730903,128.66666666666666,64.33333333333334,0.9993288590604028,0.001342281879194651,298.0,0.0,0.09242030009559828,0.00200642005309737,1.1521247689422185,0.0037985125536458297,-0.9975918906700978,0.0036610582615137625,0.0,0.0
0.0,3490,LearningFairRepresentations,XGBoost,0.7,0.7,compas_t0.0_k3490,0.7702731713279234,0.007381704771873821,0.7646274745704635,0.00951525808244091,0.7642576966626417,0.009794796807835755,0.6714642531789077,0.007061688599842967,0.7428735654145491,0.01840969415894355,0.7053134140490636,0.011711283481983971,0.7428735654145491,0.01840969415894355,0.21361861627362172,0.003949482266380405,0.7863813837263782,0.003949482266380393,0.257126434585451,0.018409694158943557,-0.40284274391111746,0.036970599492407025,0.44173225954944967,0.029549868581071278,-0.10718098208031093,0.018495354866235172,0.8677101265534258,0.0228313758345601,-0.42986270250946285,0.06673173745477441,0.26595655070437785,0.0471242973913219,0.42986270250946285,0.0667317374547744,2.065004336443442,0.26547965509427535,0.10718098208031093,0.018495354866235162,1.5704495160753225,0.11317897623376208,0.14869798109949403,0.02136004699734575,1.227676126539524,0.03713073014159391,-0.2685218422948869,0.040503625830078244,0.566833338628902,0.03219400213986883
0.0,3490,ReweighingClassifier,LogReg,0.7,0.7,compas_t0.0_k3490,0.7278592849004963,0.007949947620503753,0.7039181064473978,0.008351646037961648,0.6978253683166424,0.008700122492600543,0.6382841074454694,0.011666109067085935,0.6116626542856051,0.011182166332417379,0.6246642789541383,0.010683933651142733,0.6116626542856051,0.011182166332417379,0.20382644139080935,0.007832610600983373,0.7961735586091907,0.007832610600983371,0.3883373457143949,0.01118216633241735,0.150542859913823,0.02545308328423398,1.6412460340909185,0.14773276721278294,0.479025602783992,0.046410265051708144,2.5468457019550317,0.2310787764682156,0.09166121985843154,0.03172547725558085,1.8462962814962816,0.5802575995303503,-0.09166121985843152,0.03172547725558089,0.896109113288117,0.03207017451481119,-0.4790256027839921,0.046410265051708165,0.3045717420323674,0.05008231575687173,0.25175805941706436,0.024045305176563354,1.472889902387379,0.05564957607793699,0.28534341132121177,0.03133979220645048,2.1965709917256566,0.329631293266187
0.0,3490,ReweighingClassifier,XGBoost,0.7,0.7,compas_t0.0_k3490,0.7504671587650107,0.007624151186778012,0.732728789256225,0.010339690597379863,0.72940461809645,0.01127588932576078,0.6625104871845945,0.008309390183912737,0.6643882074209942,0.022531725052196267,0.6633090352822022,0.01371475374788812,0.6643882074209942,0.022531725052196267,0.1989306289085442,0.006749812617558502,0.8010693710914557,0.0067498126175584835,0.3356117925790057,0.022531725052196274,0.0444555014377534,0.03049798800489141,1.140552933168475,0.10786498899417793,0.37625290940727185,0.018565690976599086,1.8832019423526378,0.0982187014613929,0.004968566678945396,0.04777606105212444,1.086113841611142,0.3279330274201439,-0.004968566678945385,0.04777606105212444,0.9963920415862448,0.05678627362653059,-0.37625290940727185,0.018565690976599106,0.34004204279390243,0.01989571782486534,0.22452221118034324,0.022861551713201655,1.3903026786269153,0.051096493698075916,0.19061073804310863,0.02804000362652329,1.48465789198189,0.19072359538022027
0.0,3490,FairBalanceClassifier,LogReg,0.7,0.7,compas_t0.0_k3490,0.7361741172567627,0.009663410211413216,0.7570002665086804,0.010642474357349104,0.7527265314063769,0.010301083366337376,0.6035884086165583,0.009208646202016406,0.8372466786401214,0.014642076616145307,0.7014675631269579,0.011260202765436366,0.8372466786401214,0.014642076616145307,0.32324614562276044,0.0071976037297976,0.6767538543772396,0.007197603729797608,0.16275332135987874,0.014642076616145312,-0.19020441918667114,0.021808468687838225,0.7125547260421717,0.025251354917103303,0.10635843897588863,0.0296315266078494,1.1384818771763854,0.04053651180001749,-0.19428480783322938,0.03715553265074903,0.6062724900734164,0.05393356086865773,0.1942848078332294,0.037155532650748994,1.3858408091767187,0.09357113091229606,-0.10635843897588863,0.02963152660784941,0.5390882636099451,0.10927134622508937,0.08807235243662359,0.021092289365495315,1.1321854042201343,0.033316811504754976,-0.04396318442867037,0.022152985851083083,0.872377183624901,0.031062803404149228
0.0,3490,FairBalanceClassifier,XGBoost,0.7,0.7,compas_t0.0_k3490,0.7536428954938517,0.0069155837548333645,0.7643715704358451,0.007072044167472046,0.7632124075800863,0.007001676787792559,0.6310985734565537,0.008394373342230033,0.8057029946374209,0.011780053363343108,0.7077438669228796,0.007912384262881813,0.8057029946374209,0.011780053363343108,0.2769598537657304,0.009386297543636537,0.7230401462342695,0.00938629754363655,0.19429700536257913,0.0117800533633431,-0.1374237323146255,0.04614751561138661,0.7659080551516445,0.06662365629372076,0.19682868958036742,0.06102584235733052,1.2934886010289735,0.10055069398906058,-0.16498833751758274,0.06920672171297419,0.6227505411283651,0.1403754577618168,0.1649883375175827,0.06920672171297418,1.295210280145345,0.13206512704576107,-0.19682868958036742,0.06102584235733053,0.39398967434681714,0.147601480064104,0.1435287040570718,0.04161868536996585,1.2265312838350892,0.07357995041547163,0.015920176031392334,0.04998992448689115,0.9581195710786694,0.08997173303520686
0.0,3490,FairMask,LogReg,0.7,0.7,compas_t0.0_k3490,0.7563532631707605,0.010317346329458053,0.7731259022621162,0.012404127001005042,0.770386460168137,0.011798581597201633,0.6281052385813993,0.009238142683957947,0.8377520475881131,0.020492710942210373,0.7179188608070612,0.013546584321751206,0.8377520475881131,0.020492710942210373,0.29150024306388067,0.004553390659612155,0.7084997569361193,0.004553390659612149,0.16224795241188683,0.02049271094221039,-0.4020137515476473,0.020898768115790414,0.5000496213549819,0.01580317855027905,-0.08223261699771767,0.02988158844403761,0.9075356231234508,0.03367207489964727,-0.44402442241980733,0.03658560139502651,0.34028106305091177,0.0253826202253843,0.44402442241980733,0.03658560139502652,2.3741621581287964,0.22169977757895076,0.08223261699771767,0.029881588444037602,1.7485919840257822,0.26866210718423933,0.11425250803894973,0.016939181286490284,1.1711395154867883,0.026520026165498856,-0.2631285197087625,0.023680102827266035,0.6239083430871812,0.01942755928423373
0.0,3490,FairMask,XGBoost,0.7,0.7,compas_t0.0_k3490,0.7726088778498998,0.00763372857224084,0.7711136169868815,0.00952302902595895,0.7710208126167075,0.00959737844327792,0.6684938570921529,0.00819984380898621,0.7653387596010547,0.018764607052691798,0.7135700046988235,0.011370431269536626,0.7653387596010547,0.018764607052691798,0.22311152562729175,0.006779246033344285,0.7768884743727082,0.006779246033344294,0.23466124039894534,0.01876460705269181,-0.3906414811064215,0.02811473266058184,0.4617042296653907,0.028111927236848733,-0.08845140442455883,0.02452860100230946,0.8921457974642383,0.030239640164300356,-0.4139053418493619,0.048508153416489466,0.2861385676788003,0.0412037702554846,0.4139053418493619,0.04850815341648945,1.9962660882015313,0.18418940343054402,0.08845140442455879,0.024528601002309445,1.4931072102500673,0.1321934372691414,0.14115407703536886,0.01874928916291288,1.2132519394765668,0.03178841332938875,-0.25117837313696034,0.03282576719678402,0.5891421825715192,0.0313907507164211
0.0,7615,Baseline,LogReg,0.8,0.8,compas_t0.0_k7615,0.821296537827816,0.004425528197592206,0.7913383039103785,0.0075096409355928095,0.7886510840914449,0.008280738605184032,0.6476105407920378,0.007506887763793575,0.7269791228807622,0.01641819174400944,0.6849122212749413,0.009302267306822244,0.7269791228807622,0.01641819174400944,0.14430251506000505,0.005121501026975734,0.8556974849399948,0.005121501026975752,0.2730208771192378,0.01641819174400945,-0.6083134499742007,0.020905182176233786,0.2469819808053714,0.011658623238397343,-0.2553214471335277,0.022287893165384653,0.7121261560434643,0.022533095728003213,-0.5948633010301724,0.04632319927566524,0.13395327557570738,0.013729636460814088,0.5948633010301725,0.0463231992756652,2.9538175373809787,0.4064661964267025,0.2553214471335276,0.02228789316538467,3.3403547005675605,0.5780352114956386,0.1921207939572793,0.02320009861663245,1.2922683514987985,0.04545268608753886,-0.4250923740818501,0.0256996658684619,0.4230397158095858,0.01572074386944615
0.0,7615,Baseline,XGBoost,0.8,0.8,compas_t0.0_k7615,0.8358616086302433,0.006947615029703873,0.8101746495395661,0.012481394977583996,0.8081695134539777,0.013387255419518228,0.6715307544607233,0.009204289000028803,0.7549893640057574,0.02539602922932251,0.7106895175611365,0.015151224964589387,0.7549893640057574,0.02539602922932251,0.1346400649266252,0.004349074354166716,0.8653599350733747,0.004349074354166715,0.24501063599424255,0.025396029229322527,-0.5111377997103921,0.02870186873871329,0.29732932254040784,0.016458169453922367,-0.10934038370279982,0.030249241362768305,0.8675877617094988,0.03490988884320415,-0.48732048868580036,0.03892049387859592,0.15876672511106962,0.01755075451433834,0.48732048868580036,0.038920493878595884,2.1719827335985693,0.18235755989614832,0.10934038370279979,0.0302492413627683,1.6577840851455765,0.2900914366981372,0.20470807077382586,0.013619375799100695,1.3084071002746893,0.026995180781677643,-0.2983304361943001,0.03137663934982087,0.5131772434102843,0.023623662473952353
0.0,7615,FairSmote,LogReg,0.8,0.8,compas_t0.0_k7615,0.7809698903480593,0.0036622677745542296,0.802294829746341,0.008217658126137931,0.8009263992329327,0.007740619586275111,0.5594676342223263,0.0037800615407529176,0.8481011247404691,0.018306372941927215,0.674149090905384,0.008353367688937373,0.8481011247404691,0.018306372941927215,0.24351146524778677,0.0025538840312719934,0.7564885347522132,0.0025538840312720025,0.151898875259531,0.018306372941927232,-0.304171848582672,0.027263805496249047,0.5392371455363237,0.02328495047916273,0.12906966759315752,0.032157683368303706,1.1701270378713615,0.048309820035484126,-0.2723848656966546,0.03580109195138255,0.44852631849692093,0.03801561061312171,0.27238486569665465,0.03580109195138252,1.5424526871967579,0.10156725542857455,-0.12906966759315752,0.03215768336830369,0.4519138785417855,0.08281214423712416,0.13843467133196546,0.021841364129899357,1.2093480746155845,0.040825194279013315,-0.07165759905174854,0.02929948678006799,0.8093266781841411,0.03545860827525134
0.0,7615,FairSmote,XGBoost,0.8,0.8,compas_t0.0_k7615,0.812394296689064,0.005475730286990586,0.81956916484116,0.003437288027505146,0.8193574793648173,0.0034548468191384386,0.6088786074091129,0.010399537331141672,0.8349774542397492,0.011542421401875193,0.7040857739500568,0.005121171452736081,0.8349774542397492,0.011542421401875193,0.1958391245574291,0.010450049827079533,0.804160875442571,0.010450049827079545,0.1650225457602507,0.011542421401875185,-0.2711404648756991,0.023756331392132148,0.5434472392120335,0.025296859542559242,0.23826045691817505,0.03484228203234539,1.3488103603071147,0.05955512129988332,-0.2781490779813519,0.03239684579433467,0.38266661360106,0.030898547490245096,0.2781490779813519,0.03239684579433465,1.5103686660617652,0.0865468467818709,-0.23826045691817505,0.03484228203234536,0.2437900945539541,0.07353813446383693,0.21516072987239704,0.014233938465731497,1.3403951513831445,0.02711011632741847,-0.019944310531588426,0.029987752670853383,0.8657384869540874,0.04014443517380877
0.0,7615,Massaging,LogReg,0.8,0.8,compas_t0.0_k7615,0.7856231216291666,0.0046283018491957515,0.7186662742205641,0.008352163488701849,0.7040202574374533,0.010516206812808444,0.6039133828886583,0.00812780403946014,0.5748258117110577,0.018146994702090583,0.5888967881175717,0.011994831581861059,0.5748258117110577,0.018146994702090583,0.1374932632699294,0.004665216096942836,0.8625067367300705,0.004665216096942852,0.4251741882889424,0.018146994702090576,0.13292459068426482,0.016570505838463,1.9379257805134373,0.18362500999417217,0.6147836304883285,0.03147767323188903,4.241705536969229,0.33962237088816466,0.07363818193688393,0.014998240758078797,2.0969003290480557,0.3775417980833101,-0.07363818193688391,0.01499824075807879,0.9209401933558174,0.015294972154129961,-0.6147836304883285,0.03147767323188903,0.24027523253562358,0.03483936712879907,0.36423724169665406,0.008008760033583641,1.7567322341396554,0.029035009779877267,0.34421090621260614,0.021587285183301653,3.1693029330086424,0.3161361893295423
0.0,7615,Massaging,XGBoost,0.8,0.8,compas_t0.0_k7615,0.8083487620804191,0.0046643094332327415,0.7536526591628381,0.010997889294212276,0.7442635875870839,0.013408612982337056,0.6428490658386738,0.0048918301174053986,0.63614741360643,0.024987014349175975,0.639291378853921,0.014523420616146995,0.63614741360643,0.024987014349175975,0.1288420952807539,0.003605804945013306,0.8711579047192461,0.003605804945013307,0.36385258639357,0.02498701434917597,-0.07380404821312589,0.015516814000620539,0.7753254924954402,0.037920649989116935,0.3718256389397329,0.009288252108813858,1.9243662643077524,0.06596895117447356,-0.08468013827716833,0.02628595198299052,0.5997730167570754,0.09796463699972174,0.08468013827716833,0.026285951982990538,1.1076671795352908,0.034895249119515886,-0.3718256389397329,0.009288252108813873,0.37521608100378057,0.02824580159674733,0.30064143156491135,0.01604850904591835,1.5407167423228683,0.04655600802335214,0.14357275033128228,0.015276375409717071,1.2620696405324139,0.061553517387960256
0.0,7615,FairOversampling,LogReg,0.8,0.8,compas_t0.0_k7615,0.7949290383764736,0.0025298448173344816,0.8262465908927957,0.0068998580962415235,0.8234446333050961,0.006142084832266637,0.5748261239333979,0.0023477259593325285,0.8935203230285198,0.017091474890301883,0.6995364255443901,0.0062878422247739756,0.8935203230285198,0.017091474890301883,0.24102714124292826,0.004010343621314453,0.7589728587570718,0.0040103436213144595,0.10647967697148027,0.017091474890301914,-0.46907454359883805,0.016458151658407177,0.41877269289580354,0.011459519474209324,0.013491062752807736,0.011659839146066742,1.0154145941606276,0.013252535204382692,-0.48870702646355657,0.04424476449762756,0.2892547868660465,0.023972027447699742,0.48870702646355657,0.044244764497627535,2.5996346935605326,0.3293156531037624,-0.01349106275280772,0.011659839146066735,0.8923593256354303,0.09970890385090937,0.16149945189456386,0.02570707105912616,1.2463152568676674,0.04758666462063516,-0.23760798185537438,0.021068872096939174,0.6523346905133371,0.011680960629113859
0.0,7615,FairOversampling,XGBoost,0.8,0.8,compas_t0.0_k7615,0.8244650388495132,0.005402500570382677,0.8383878815784293,0.008642298317345498,0.837706358488408,0.008342123835352915,0.623371706683176,0.009540846086233921,0.8682894518960094,0.023319679932183594,0.7255041151715609,0.008693705772310904,0.8682894518960094,0.023319679932183594,0.19151368873915084,0.010590268406204176,0.8084863112608491,0.010590268406204164,0.13171054810399072,0.023319679932183607,-0.42686481255465836,0.030135740338720345,0.41464588970134236,0.01927057363969902,0.06776851286918399,0.03711554655747148,1.0835535403799088,0.04603254073673164,-0.4248748798815569,0.032040322480284905,0.26621960929957206,0.017148192725140895,0.4248748798815568,0.03204032248028495,2.0223975937732552,0.1694968612720152,-0.067768512869184,0.03711554655747148,0.6376009126081266,0.19092338324651506,0.1890989448917875,0.014883235094396865,1.2842853515135864,0.028618239256277104,-0.17855318350618643,0.03247598562117968,0.6748865748397403,0.02985608774486549
0.0,7615,FAWOS,LogReg,0.8,0.8,compas_t0.0_k7615,0.7922315528775249,0.003962649843563011,0.8244863887097743,0.006027260984571632,0.821502227686949,0.0053508473680892385,0.5711753836967879,0.005604894017783484,0.8937725298381036,0.015976038803766485,0.6968755911327155,0.005808461494929147,0.8937725298381036,0.015976038803766485,0.24479975241855487,0.007447549271610487,0.7552002475814451,0.007447549271610485,0.1062274701618964,0.0159760388037665,-0.4549373665160689,0.016801262180488788,0.4299460458010472,0.014295106498066153,0.02896797957200641,0.014182032705191366,1.033284093394348,0.01672338803232535,-0.47548874245364825,0.04327740582194222,0.3000669749642664,0.02632882137387845,0.47548874245364814,0.04327740582194222,2.5112415739331113,0.2864247229548484,-0.02896797957200642,0.014182032705191363,0.7703597137860704,0.09633857140785677,0.16119846286968778,0.025397914475933793,1.2467205384586095,0.04700416921379228,-0.2232603814408209,0.0226782239104302,0.666675534179307,0.015624541826368998
0.0,7615,FAWOS,XGBoost,0.8,0.8,compas_t0.0_k7615,0.8183961228947748,0.003349411066350661,0.8370493488708342,0.005846731664286401,0.8360268215365048,0.005491916700553082,0.6118302722277182,0.0055416712156155365,0.8771163717885029,0.015621482495896406,0.7207549015687761,0.005684395773187358,0.8771163717885029,0.015621482495896406,0.2030176740468347,0.006571427051907853,0.7969823259531653,0.006571427051907844,0.12288362821149705,0.015621482495896408,-0.4139338570458733,0.015759666224866763,0.43201087184397435,0.011364863298614091,0.07977764219374958,0.02814007329434201,1.0971709343359557,0.03602526395360531,-0.41001144935817224,0.009778374693193105,0.2888461770817553,0.005480774848969704,0.41001144935817224,0.009778374693193112,1.9702721234708782,0.0576505487520216,-0.07977764219374957,0.02814007329434203,0.546185687019962,0.12307021439412638,0.1798719948140955,0.011909120713701987,1.2695145806777806,0.02221974671564689,-0.16511690358221132,0.01721702388759653,0.6930085557088556,0.019909219151010137
0.0,7615,HeterogeneousFOS,LogReg,0.8,0.8,compas_t0.0_k7615,0.7831952232098691,0.0040667555328577415,0.8033328996100515,0.008225512313552761,0.802091581549122,0.0077705769035181565,0.5627205712868747,0.004856379729824208,0.8465878838829658,0.01914978945954113,0.6759990399354396,0.008387670111850671,0.8465878838829658,0.01914978945954113,0.2399220846628629,0.0051822314741815974,0.7600779153371371,0.005182231474181613,0.15341211611703415,0.019149789459541128,-0.3019497002528716,0.02314126168866258,0.5389079836690727,0.02061021813545173,0.12987096919982827,0.029364615933768403,1.1713537863746086,0.044169384480748974,-0.26610476864149213,0.03173521572227714,0.4503358955822434,0.036882574656989166,0.26610476864149213,0.03173521572227713,1.5186690040606774,0.08587653957429997,-0.12987096919982827,0.02936461593376837,0.45150365113807134,0.0773357515625559,0.13817166637067715,0.023390117821061526,1.2082726677704723,0.042935534499433214,-0.06811689972083193,0.024822369401520303,0.8108448409784261,0.030807342250938473
0.0,7615,HeterogeneousFOS,XGBoost,0.8,0.8,compas_t0.0_k7615,0.8136085301773102,0.0059587476691372295,0.8188762981598247,0.01086173945674313,0.8186951756570935,0.01075735141927183,0.6113927911460173,0.007538730544357094,0.8301867986294216,0.023360429800088695,0.7040844483657629,0.011842468478834973,0.8301867986294216,0.023360429800088695,0.19243420230977232,0.0056662052801156005,0.8075657976902277,0.0056662052801155875,0.16981320137057843,0.023360429800088716,-0.30983552134672293,0.03542102416910167,0.5029637960327598,0.0325324900854873,0.17892753033692632,0.04834620375754937,1.252537907540777,0.0807748222276166,-0.30684250226208454,0.03792419305411318,0.35207349120293563,0.028682281630938493,0.30684250226208454,0.037924193054113195,1.5894990061180105,0.11686722490818387,-0.1789275303369263,0.048346203757549396,0.3703119501349273,0.11631408455970309,0.20391199580492567,0.016775910332038495,1.3179001105261015,0.035343171507978194,-0.06395748596257912,0.04171975861185888,0.8023056993718563,0.05285113105299309
0.0,7615,FairwayRemover,LogReg,0.8,0.8,compas_t0.0_k7615,0.8209595880916833,0.008953596289440428,0.7910334621738253,0.02122547441176539,0.7878578540145732,0.02415105102854019,0.6466241627477689,0.008510879512052271,0.7267374246882443,0.04838890308508035,0.6837343238412789,0.025677878822698594,0.7267374246882443,0.04838890308508035,0.14467050034059384,0.007346427873501598,0.8553294996594062,0.007346427873501614,0.27326257531175563,0.048388903085080384,-0.5778021857882202,0.018289183486233165,0.26124466209632097,0.016159295325978942,-0.21807606263982104,0.0351187627774613,0.7458764844656087,0.04956977682692636,-0.5637740796674614,0.04609628296544253,0.14433027486105326,0.014904477492476613,0.5637740796674614,0.04609628296544251,2.698156631579571,0.36035432613290147,0.21807606263982104,0.035118762777461246,2.6297625555272615,0.2684165204636683,0.19562603045291435,0.02254078503791307,1.2989521204515977,0.043865955534614934,-0.3909250711536413,0.0233683571488961,0.445103379663331,0.027973945115753376
0.0,7615,FairwayRemover,XGBoost,0.8,0.8,compas_t0.0_k7615,0.8359293579056173,0.006907485242721149,0.8102213591348162,0.01222658160409713,0.8082174502152716,0.01313599857678053,0.6716945297244782,0.009419920312058771,0.7549909562204644,0.02484020200278692,0.7107853988140848,0.014953407482969767,0.7549909562204644,0.02484020200278692,0.13454823795083173,0.00462879655565401,0.8654517620491683,0.004628796555654007,0.24500904377953558,0.024840202002786912,-0.5073209689479692,0.03304409537540124,0.2996321077457325,0.017549166647069854,-0.10720809888595122,0.04209244735679769,0.870967583106955,0.0471666991606119,-0.4806245295754403,0.02955423405325484,0.16088683989600844,0.01283974565264605,0.4806245295754404,0.029554234053254816,2.1332162287007335,0.13833432877945748,0.10720809888595126,0.04209244735679765,1.6652981178567703,0.3628183443019398,0.20282717444195475,0.011772401040968071,1.3047052635934948,0.02338341344442083,-0.29391631423069575,0.03488608099866534,0.5159272115014818,0.028719645624150747
0.0,7615,DisparateImpactRemover,LogReg,0.8,0.8,compas_t0.0_k7615,0.8048418558161696,0.0018766429045154452,0.7180758284807056,0.008332163275476747,0.693212595319072,0.012748255642562394,0.6704066749556012,0.009043193921489527,0.5316777484810272,0.02408693213244977,0.592567180680703,0.01209575267792268,0.5316777484810272,0.02408693213244977,0.0955260915196158,0.007898180762118803,0.9044739084803842,0.007898180762118814,0.4683222515189729,0.024086932132449772,-0.6248082890503606,0.00822411608695372,0.14801076689023587,0.015420612298615211,-0.4733468917361535,0.04793786325557539,0.42825537420234927,0.051974359407986996,-0.5416065521407115,0.020827173418854848,0.0802067694607492,0.00807984737987919,0.5416065521407116,0.02082717341885484,2.3263856566689562,0.13884647202568912,0.47334689173615346,0.04793786325557541,3.7727350592929163,0.46749195472479405,0.16948060093012082,0.0202847397476085,1.2562942314168353,0.0360849097779079,-0.5074767219384326,0.014365483663954424,0.2542310718315492,0.028293047863076574
0.0,7615,DisparateImpactRemover,XGBoost,0.8,0.8,compas_t0.0_k7615,0.8358620634759996,0.004523936322788167,0.8080100979098036,0.008076287448644491,0.8057451139032853,0.00869478775279476,0.6736576033630464,0.005621541084692225,0.7481756403887552,0.01600607823584344,0.7089230558154107,0.00995138925944495,0.7481756403887552,0.01600607823584344,0.13215544456914774,0.0018567024254735787,0.8678445554308525,0.00185670242547355,0.25182435961124483,0.016006078235843452,-0.5174589840379774,0.029414048751062405,0.29034594613241516,0.01831822181509832,-0.11701489164576413,0.03746981122003087,0.8581692096420721,0.04393630344078132,-0.49802474291550725,0.03833085252708901,0.15085069014441352,0.014757474527785332,0.49802474291550725,0.03833085252708902,2.2194379880249784,0.19885865777379436,0.1170148916457641,0.037469811220030846,1.6750789947801128,0.25017219502697147,0.2095828210195391,0.0063229375677134065,1.317193540611748,0.012277395775883868,-0.3075198172806357,0.0367335538718415,0.5045099498932428,0.02830371690590193
0.0,7615,LearningFairRepresentations,LogReg,0.8,0.8,compas_t0.0_k7615,0.7679546837173179,0.00013060180493106656,0.6432858795227581,0.00025321373701218047,0.5848870409838223,0.0003364074005205337,0.6063568726879753,0.0007974560410701752,0.3754728877679697,0.0003861112457098299,0.4637678589507491,0.0005109034075153155,0.3754728877679697,0.0003861112457098299,0.0889011287224535,0.00016765091016239796,0.9110988712775466,0.0001676509101624202,0.6245271122320303,0.0003861112457098571,-1.0,0.0,0.0,0.0,-1.0,0.0,0.0,0.0,-1.0,0.0,0.0,0.0,1.0,0.0,,,1.0,0.0,,,0.19364312731202465,0.0007974560410701752,1.319357331706325,0.0017375401062918571,-1.0,0.0,0.0,0.0
0.0,7615,LearningFairRepresentations,XGBoost,0.8,0.8,compas_t0.0_k7615,0.8321530919845944,0.004840455734496326,0.8009105592310292,0.008701342933697941,0.7980274569601482,0.009509736377405991,0.6697114106796496,0.006731674418179039,0.7337925280548231,0.017906012513272136,0.7002161766584158,0.010754130580766198,0.7337925280548231,0.017906012513272136,0.13197140959276493,0.0033913791229100106,0.8680285904072351,0.0033913791229100397,0.26620747194517685,0.017906012513272146,-0.5148962470626712,0.021023585160612264,0.2875667500299696,0.013138308913451165,-0.12283099450884685,0.02927469241565299,0.8488815245494141,0.03398503172891443,-0.49935335945858883,0.019360053477636915,0.1494108043952086,0.009138259913236111,0.49935335945858883,0.019360053477636877,2.2130976622828475,0.09879282414585294,0.12283099450884687,0.02927469241565297,1.670004133338508,0.23086370604080042,0.21344174527182966,0.004830808721379564,1.3264785957866003,0.01103206344125312,-0.3110921769837178,0.023879779393538296,0.4991461644723113,0.021208504368910815
0.0,7615,ReweighingClassifier,LogReg,0.8,0.8,compas_t0.0_k7615,0.7786773767680708,0.0035823671584978437,0.6857922864630883,0.007528127141886278,0.6559685147692702,0.011240064891751913,0.607404294402414,0.008244023582628974,0.4862537735488555,0.01853068573212652,0.5399071586949684,0.012289683690557015,0.4862537735488555,0.01853068573212652,0.1146692006226792,0.00566795351978167,0.8853307993773207,0.0056679535197816594,0.5137462264511445,0.01853068573212651,0.2564040404040404,0.010065716117346277,,,0.7785858585858586,0.029431230467029168,,,0.12585858585858586,0.006229957149539103,,,-0.12585858585858586,0.0062299571495390985,0.8741414141414141,0.0062299571495390985,-0.7785858585858586,0.029431230467029168,0.22141414141414142,0.029431230467029185,0.4613871757182785,0.0041362237872382005,2.172100143575599,0.010790316945219302,0.4522222222222222,0.017076682953782604,,
0.0,7615,ReweighingClassifier,XGBoost,0.8,0.8,compas_t0.0_k7615,0.8061903825139097,0.004034755565535121,0.7391106919695263,0.007062697988864037,0.7248696036176032,0.008625300171931109,0.6500983575851763,0.006924924235174285,0.59500777000777,0.014428049055189074,0.621273685237001,0.010122011971767837,0.59500777000777,0.014428049055189074,0.11678638606871741,0.0029339120481591302,0.8832136139312826,0.0029339120481591385,0.40499222999223,0.014428049055189053,0.08360816528055401,0.006196770642965671,1.480286567562358,0.05071853110616711,0.5900657582536778,0.01823716703143471,3.6292994746601446,0.272410448099688,0.02362688365412579,0.014174118090357929,1.2750622895622896,0.2118214037953929,-0.023626883654125796,0.014174118090357948,0.9740841181796867,0.015147559882726674,-0.5900657582536777,0.018237167031434676,0.23707347845693377,0.015889966628304792,0.3747251508392038,0.017833962266000702,1.7615070673836164,0.060622406287165066,0.30684632095390174,0.0063290363257040155,2.4521808821112168,0.04036487485369699
0.0,7615,FairBalanceClassifier,LogReg,0.8,0.8,compas_t0.0_k7615,0.7899386754209313,0.003159902565067057,0.808254661617746,0.006676592311945748,0.807228766739389,0.006295302063888212,0.5722521118248077,0.003904473763857356,0.8475973480071841,0.01692395040799294,0.6831568727762992,0.0064804622329931,0.8475973480071841,0.01692395040799294,0.23108802477169207,0.0056182018302444545,0.768911975228308,0.005618201830244451,0.15240265199281594,0.016923950407992952,-0.32745104480105935,0.021231851208260513,0.5110100966545122,0.020682018619191934,0.1357923756581475,0.015322085046280081,1.1785041264783618,0.022895278726601104,-0.3223821247569979,0.03388448070740338,0.3873976354018399,0.03454918350049158,0.32238212475699796,0.03388448070740339,1.6844383494638986,0.10887567330648805,-0.13579237565814745,0.015322085046280041,0.4270358160543742,0.05106148414639665,0.16821960827779853,0.01800032779011747,1.2597614163986974,0.03412991184627829,-0.0932948745494252,0.02316950814109789,0.7829508809401009,0.025344646472958726
0.0,7615,FairBalanceClassifier,XGBoost,0.8,0.8,compas_t0.0_k7615,0.8098319458642582,0.001510334981290876,0.8169404719032534,0.004249676547751747,0.816729924884573,0.0040922677917731255,0.6048971903514793,0.004259090578721724,0.8322054084349167,0.01471362216761005,0.7004756645949329,0.0031524582889996956,0.8322054084349167,0.01471362216761005,0.1983244646284098,0.006644343674175651,0.8016755353715901,0.006644343674175644,0.16779459156508336,0.014713622167610069,-0.2547068809378964,0.03086653812368328,0.5625024502909003,0.03358846742838031,0.2520873161141618,0.046606632334167404,1.3778514591163145,0.08467507046967084,-0.25952125819921346,0.03259386236480021,0.4053088372750106,0.0368182606879293,0.25952125819921346,0.032593862364800205,1.4631725403437734,0.08109192173226763,-0.25208731611416174,0.046606632334167425,0.2306755078011376,0.0753010854806211,0.21355111781181027,0.024190879533865707,1.339573118952828,0.047565368604986384,-0.003716971042525841,0.03458415044872535,0.8915801481956626,0.052490262958957735
0.0,7615,FairMask,LogReg,0.8,0.8,compas_t0.0_k7615,0.8125298862089629,0.004156296727247662,0.8211851046040877,0.009191674266710595,0.8208545131523486,0.00902858441321265,0.6081215038105813,0.005621257601088788,0.8397741602659636,0.022855882564678905,0.7052750382112032,0.009186795639068199,0.8397741602659636,0.022855882564678905,0.19740395105778835,0.006863527064904514,0.8025960489422117,0.006863527064904522,0.16022583973403645,0.022855882564678926,-0.5255659752267258,0.019820455260904875,0.34940679037018907,0.014850971441814347,-0.07471538652746708,0.021450110755427503,0.9156956711385613,0.02462225696509423,-0.5365804727473441,0.04665558829435106,0.21926355875325668,0.020559589325609147,0.5365804727473442,0.04665558829435104,2.7643579643507956,0.38057045947528345,0.07471538652746705,0.021450110755427514,1.6825409030322553,0.22981563528829121,0.18161574345222875,0.023369723133723343,1.2763647289716666,0.04509901414185854,-0.3056479296374056,0.02622762808621577,0.5674796149459091,0.019196460647931422
0.0,7615,FairMask,XGBoost,0.8,0.8,compas_t0.0_k7615,0.8351874589928123,0.0047008336639992685,0.8146060789580462,0.01070049694334301,0.8132233666028743,0.011600459390686109,0.6657438640291267,0.00844404538656233,0.770385443336263,0.026765660330933406,0.7139741549531002,0.011551948212571234,0.770385443336263,0.026765660330933406,0.14117328542017088,0.007948030801856921,0.8588267145798293,0.007948030801856899,0.229614556663737,0.026765660330933423,-0.4985177415285068,0.02735574029698455,0.31297518980845057,0.013639666383759555,-0.07824057126070545,0.021785005818935037,0.9048960522245281,0.024254260431616038,-0.4824073057912063,0.04169534502394847,0.17015670675072228,0.01837282413328702,0.4824073057912062,0.041695345023948484,2.170483812086316,0.20241920693773027,0.07824057126070548,0.021785005818935037,1.468998573897728,0.2371538365053252,0.20780594170643635,0.017874124049000833,1.3148865494791817,0.03480075226323704,-0.28032393852595583,0.027463878631036404,0.5375263794876252,0.017410705508812314
0.5,1428,Baseline,LogReg,0.6,0.6000323206205559,compas_t0.5_k1428,0.6043725767409979,0.00949006769634417,0.5952380342254981,0.008866221895457027,0.5847580089362776,0.008109376788860917,0.5828483602607488,0.014609668387848756,0.4849854153132842,0.013286059594066691,0.529224598890838,0.009222316221436598,0.4849854153132842,0.013286059594066691,0.294509346862288,0.020685574502070564,0.705490653137712,0.020685574502070564,0.5150145846867159,0.013286059594066682,-0.660112741186334,0.019207047313280465,0.22745224705694372,0.022781474770988856,-0.7127304363545974,0.019930977972937237,0.2336910236793638,0.02108112603134787,-0.5590025124180737,0.027222992251117843,0.24258588215917665,0.03194939230635999,0.5590025124180737,0.027222992251117843,3.1536016475731197,0.26641126340208,0.7127304363545973,0.019930977972937268,11.342461137990549,1.3621832976252364,-0.08756324271288041,0.013995883740233073,0.8688601027717461,0.020385213509361788,-0.6358664743863356,0.01700428146562029,0.23813845291927022,0.022684335445021592
0.5,1428,Baseline,XGBoost,0.6,0.6000323206205559,compas_t0.5_k1428,0.721478710130026,0.00816022373280348,0.724469597690427,0.008456101349089992,0.7230127695210419,0.008815752146013522,0.6744921140508214,0.012049733875237839,0.7605414166889577,0.03158947602698606,0.7144085438375687,0.011889932344451785,0.7605414166889577,0.03158947602698606,0.31160222130810367,0.027346051916195945,0.6883977786918962,0.027346051916195924,0.23945858331104236,0.031589476026986044,-0.28803969056996637,0.017709672746629563,0.6013134129484121,0.03255762629130957,-0.10148600094908819,0.039690886664007906,0.8770304528318345,0.04899655152921678,-0.3248223691583728,0.04359280240893002,0.4304542214975706,0.06180970609972072,0.3248223691583728,0.04359280240893002,1.763853728391036,0.15267279636378453,0.10148600094908819,0.03969088666400794,1.5983121981629214,0.24446229531814082,0.07315030324355387,0.03659441424118317,1.1112360675184216,0.058678830966870356,-0.2131541850537305,0.01851459745185697,0.6537423371647025,0.036413151361305615
0.5,1428,FairSmote,LogReg,0.6,0.6000323206205559,compas_t0.5_k1428,0.5997460263907632,0.010852660296616965,0.6012754613863581,0.010156768886108631,0.6006734799015663,0.010356546116098896,0.5574752755179772,0.012082462632894092,0.6197393226081751,0.01832395207988737,0.5867406619040084,0.009839880842316864,0.6197393226081751,0.01832395207988737,0.4171883998354587,0.025052548299357977,0.5828116001645414,0.02505254829935797,0.38026067739182495,0.01832395207988735,-0.018374733599394157,0.02708966625621962,0.9650805531107579,0.05216062727480097,-0.01273224414164007,0.03435671194598308,0.9802317972311035,0.05536385117909913,0.06912586837061088,0.02384004281045559,1.1904824816643336,0.06452226327585645,-0.06912586837061088,0.023840042810455663,0.8914070549322975,0.03782995603175595,0.012732244141640115,0.03435671194598309,1.0356481905812425,0.09064990358811058,-0.04451305300948487,0.013284928719561613,0.9295557614877084,0.020818318574891952,0.028196812114485402,0.027425691000426394,1.0853571394477186,0.05702097096007586
0.5,1428,FairSmote,XGBoost,0.6,0.6000323206205559,compas_t0.5_k1428,0.7080541230212283,0.004052991654893173,0.7123036012524923,0.00438741894696348,0.7100692593298517,0.0040982301751689675,0.6564399188027585,0.00825846557147043,0.7635685352898468,0.02549676823435908,0.7056171095974291,0.00776855955152357,0.7635685352898468,0.02549676823435908,0.33896133278486223,0.02220966701400338,0.6610386672151378,0.02220966701400336,0.23643146471015322,0.02549676823435907,-0.07418829442156397,0.010143735960285912,0.8731299159418823,0.020034953306314097,0.13040652611122408,0.030252523027630113,1.192425516989427,0.04910205766475398,-0.12724825018804822,0.04189365752667196,0.7146065382330802,0.08289739411421247,0.12724825018804822,0.04189365752667198,1.2312879321407126,0.08440992537454803,-0.1304065261112241,0.03025252302763011,0.5908208274261442,0.08014704604073301,0.10334335256347289,0.03522258819422042,1.1652960576344373,0.06055812073672791,0.0015791379615879343,0.01143276528899228,0.9535160276112535,0.02709981110823514
0.5,1428,Massaging,LogReg,0.6,0.6000323206205559,compas_t0.5_k1428,0.6120112648073175,0.004535973530563718,0.6036265724525126,0.005080848065343916,0.5949478243161938,0.0066235634532502445,0.5904516194494743,0.004939915097595572,0.5024032888786987,0.015492909783456951,0.5427611824594701,0.00986339386178303,0.5024032888786987,0.015492909783456951,0.2951501439736734,0.009350453385687726,0.7048498560263265,0.009350453385687756,0.49759671112130127,0.015492909783456932,-0.019047828526675525,0.01097573582838837,0.9529605894182798,0.027192563707941934,0.004900006779201405,0.007365215747619769,1.0101566449600718,0.01492331616677614,0.04842646738799521,0.021073423966462498,1.1914304851534765,0.08724919391066846,-0.048426467387995255,0.021073423966462463,0.9351470054827626,0.027783283393580584,-0.004900006779201405,0.007365215747619783,0.9905436651169979,0.014566421611881607,0.023263396751727016,0.01400399190015904,1.0395558139624652,0.0247653949408197,0.02666323708359831,0.011464449827875554,1.1007935650567742,0.0448133207985113
0.5,1428,Massaging,XGBoost,0.6,0.6000323206205559,compas_t0.5_k1428,0.6797047372705267,0.00490850544012112,0.6811779841288038,0.005394346002535831,0.6805656378219567,0.005526538501527507,0.637779352044902,0.007549093845381417,0.6989682448698842,0.025459117117110686,0.666633189141782,0.009875235710288229,0.6989682448698842,0.025459117117110686,0.3366122766122766,0.0210208129304473,0.6633877233877234,0.02102081293044731,0.30103175513011576,0.025459117117110713,-0.07294652245095164,0.0218515057821098,0.8682450318688713,0.04103637157935784,0.05495175468329831,0.028675793867706707,1.082724360527207,0.044414808683415415,-0.06242448876530943,0.022436382619575364,0.8382752962165748,0.05801154130292039,0.06242448876530946,0.022436382619575354,1.1017774037635317,0.036768798468763346,-0.054951754683298305,0.028675793867706707,0.8356573797585767,0.081537599061803,0.04894507278198383,0.013365417919858378,1.0762865017690086,0.02188371077962963,-0.003736367041005556,0.02306205008915013,0.9604998283718909,0.046288175442038636
0.5,1428,FairOversampling,LogReg,0.6,0.6000323206205559,compas_t0.5_k1428,0.6270540132382237,0.0064637253473695585,0.634777232303751,0.006328012864501091,0.6276891220603537,0.006965034488571749,0.573649392097134,0.0062696858238450205,0.7279901792196874,0.01696501952254624,0.6415524453559123,0.007209366547623826,0.7279901792196874,0.01696501952254624,0.45843571461218524,0.017176557865825857,0.5415642853878148,0.017176557865825857,0.2720098207803126,0.016965019522546254,-0.377689844601531,0.022807766377166135,0.557017398040904,0.025193268210195217,-0.3161019591892075,0.030491230671073375,0.6585458487431212,0.03135315111871614,-0.3550257164983643,0.026909144177717323,0.5206714335581779,0.027992280946079844,0.3550257164983643,0.02690914417771732,2.385843884871762,0.22543125874765388,0.3161019591892075,0.030491230671073375,5.377882774230599,1.0278677794500348,-0.050767390584583995,0.014036079250309558,0.9237384038064642,0.01996082100210387,-0.33556383784378596,0.02328723658708262,0.5896086411506495,0.02622641253444779
0.5,1428,FairOversampling,XGBoost,0.6,0.6000323206205559,compas_t0.5_k1428,0.7189323468928733,0.008918169969840685,0.7262866312408262,0.008863906375271971,0.7206518737342983,0.009202261360590347,0.6558647823881116,0.00951620241644072,0.8150406970079102,0.019019422388916622,0.7266916319806265,0.009227338982528137,0.8150406970079102,0.019019422388916622,0.36246743452625807,0.018300287238799395,0.6375325654737419,0.018300287238799423,0.18495930299208987,0.019019422388916612,-0.21637098515491004,0.01583081780911448,0.7016322462833595,0.0189156289923718,-0.016359116896029667,0.04001327841087837,0.9816411921934503,0.04959514228455739,-0.2620241349672538,0.025932002606640865,0.541159114043997,0.03332726974289177,0.2620241349672538,0.0259320026066409,1.6149490468187047,0.09242483521065727,0.016359116896029646,0.04001327841087841,1.1285059757611482,0.22563836349745578,0.06902927230528533,0.031224706496266564,1.1048208662608565,0.05135930528697683,-0.13919162593164172,0.012061555599535667,0.7614001531187236,0.01975649289277478
0.5,1428,FAWOS,LogReg,0.6,0.6000323206205559,compas_t0.5_k1428,0.5335559786217681,0.007305404669112428,0.5624305625800322,0.007036142980897371,0.4409121864650828,0.016252878944600768,0.49535970601575985,0.004332136754814385,0.9109308724062822,0.016756768000336344,0.6416887122058249,0.005959164985845315,0.9109308724062822,0.016756768000336344,0.7860697472462178,0.01825264402097526,0.21393025275378216,0.018252644020975265,0.08906912759371777,0.016756768000336344,-0.004251053350433587,0.01882660154888708,0.9950434045215715,0.02239252344617344,-0.01779224007411926,0.02508776719301214,0.98072676351967,0.027347975326669518,0.07089985992796702,0.020367506658375237,1.0978455270221805,0.02974493309756766,-0.07089985992796702,0.020367506658375223,0.7402653158268017,0.0631054821947059,0.01779224007411927,0.02508776719301214,1.2339492877492877,0.3056814247917979,-0.18418880408095456,0.00754388401251651,0.7232498140412519,0.009633961203764257,0.026553809926923876,0.019289684264840446,1.0392861452709252,0.023757932802041835
0.5,1428,FAWOS,XGBoost,0.6,0.6000323206205559,compas_t0.5_k1428,0.703079948803633,0.008300920033948517,0.7140612583066779,0.008948161412625891,0.7014175349970027,0.008254352525546618,0.6315226112787371,0.006580275583567262,0.8465856547823762,0.024237433521849126,0.7232527947276336,0.010349311372260611,0.8465856547823762,0.024237433521849126,0.4184631381690206,0.016277887445875366,0.5815368618309795,0.016277887445875345,0.15341434521762393,0.0242374335218491,-0.1612362271594515,0.01131396699380939,0.7790282925076694,0.017105765785679163,0.027679027410571044,0.027743145938083098,1.033509130186674,0.033950262040814874,-0.20059783247975868,0.04338008315213565,0.6552100738839355,0.05845584358105655,0.20059783247975868,0.04338008315213567,1.4848560820453236,0.14218469097957334,-0.027679027410571034,0.027743145938083063,0.839636163836164,0.15213619241103643,0.0474539045574351,0.03220204684545226,1.07232897491294,0.05011059752790492,-0.08645940253459383,0.014411688817757265,0.8443596020353048,0.020997786324888593
0.5,1428,HeterogeneousFOS,LogReg,0.6,0.6000323206205559,compas_t0.5_k1428,0.6043730453269927,0.012976256671902813,0.6056648095823602,0.011946724658635203,0.6050380098295364,0.012253498204010642,0.5625989281803184,0.015027836791579319,0.6212535187945024,0.0195577653881626,0.5901673783601279,0.01063797457030397,0.6212535187945024,0.0195577653881626,0.40992389962978193,0.030328452695886892,0.590076100370218,0.030328452695886868,0.3787464812054976,0.01955776538816257,-0.024601707902671043,0.03285446099851275,0.9537327468096095,0.06331087176594229,-0.014604207624341847,0.036680572305571715,0.977635350216679,0.05902991566083011,0.06126465698217052,0.0282048636509073,1.1711354136152436,0.08160925898331758,-0.06126465698217047,0.028204863650907273,0.9042330821240856,0.043338657554414406,0.014604207624341847,0.03668057230557172,1.0418940262638283,0.09722175171089836,-0.04089503999191977,0.007318834762419418,0.9354373121253776,0.011611192086957003,0.023330224678914335,0.03236893072317159,1.0743853819159612,0.06999808524176336
0.5,1428,HeterogeneousFOS,XGBoost,0.6,0.6000323206205559,compas_t0.5_k1428,0.7095603592314119,0.00875525404528129,0.7138686658889167,0.009164884942065875,0.711765807391521,0.00900836601343924,0.6574679325791448,0.008727596835480455,0.7658403072337499,0.022278520611419703,0.7073486171475906,0.011005762173353393,0.7658403072337499,0.022278520611419703,0.3381029754559166,0.01646386319767466,0.6618970245440834,0.01646386319767467,0.23415969276625015,0.022278520611419706,-0.07110439073458097,0.023126164349339267,0.8796782147812385,0.03470254858236673,0.13298126680677017,0.04296256510325257,1.1971226745600654,0.06722487051120547,-0.12185087723788664,0.03958305727254177,0.7243604881756154,0.07429842055067024,0.12185087723788664,0.03958305727254177,1.2196824846640066,0.07996379586737899,-0.13298126680677014,0.04296256510325256,0.5875827026523253,0.11511969087035114,0.10202950374963342,0.0336861787871946,1.1618523415538573,0.05704819081452332,0.005565194784441762,0.02377829177758475,0.9607415813678404,0.039695123563574686
0.5,1428,FairwayRemover,LogReg,0.6,0.6000323206205559,compas_t0.5_k1428,0.6252024291497976,0.008301651048595208,0.6018149243342108,0.007654405881387585,0.5311286475965827,0.010259376950857033,0.7027704313909029,0.03325057171416672,0.31945941126268995,0.01626591291350415,0.4385238625607206,0.01330679074576073,0.31945941126268995,0.01626591291350415,0.11582956259426846,0.021843176218418685,0.8841704374057315,0.021843176218418685,0.6805405887373099,0.01626591291350417,-0.5148075826920429,0.05007977881282736,0.1098788798720409,0.037363313454895804,-0.5548934535511717,0.05522230400721612,0.1682740149012617,0.03397083166150374,-0.41104844093906767,0.046055844874810764,0.06913106297968526,0.04775651100531462,0.41104844093906767,0.046055844874810736,1.7470370644598803,0.13224007944084534,0.5548934535511718,0.05522230400721606,2.7165297353473457,0.4159986321768303,0.0024255099608377685,0.013651937517211507,1.0044690650225168,0.021904838900398935,-0.4829709472451197,0.04907885008403421,0.11870253894047349,0.04040454332801444
0.5,1428,FairwayRemover,XGBoost,0.6,0.6000323206205559,compas_t0.5_k1428,0.7134955444165971,0.014949431448010801,0.7144187498454616,0.018073506518704846,0.7121058769594578,0.0195601533732113,0.675572861865134,0.01490033496128811,0.7254792566267976,0.07035624518790878,0.6974104521058315,0.031004423917840578,0.7254792566267976,0.07035624518790878,0.29664175693587463,0.044107558935013225,0.7033582430641255,0.04410755893501324,0.27452074337320237,0.0703562451879088,-0.26035264811012254,0.04115578792841087,0.6187084957108764,0.021669762548907862,-0.067314306374709,0.0404792203945515,0.9163290234087788,0.043027334589500796,-0.3123167611671804,0.05477017242897746,0.42788147951275485,0.05062552900285038,0.3123167611671804,0.05477017242897748,1.715412650818773,0.19379781648368968,0.06731430637470906,0.04047922039455153,1.413409860053895,0.37777462631263437,0.09613932774149436,0.038188322347450725,1.1517678326290244,0.06345975887770257,-0.18981553377094468,0.03647078755988245,0.6721052514607667,0.023734490114321476
0.5,1428,DisparateImpactRemover,LogReg,0.6,0.6000323206205559,compas_t0.5_k1428,0.604372108155003,0.012792757227997642,0.595545282960905,0.012299595035896555,0.58570759085846,0.011904538505156347,0.5821256125078292,0.01856189246268658,0.4890200873807431,0.017337126748660982,0.5312698925841706,0.013705150466354656,0.4890200873807431,0.017337126748660982,0.29792952145893326,0.02382178966808083,0.7020704785410669,0.023821789668080816,0.5109799126192569,0.017337126748660996,-0.648679986506367,0.023292301534225006,0.23685700907787782,0.02703926483039432,-0.6998034031591078,0.03218886333115436,0.24443563911777155,0.030336147627814666,-0.5481758243985814,0.02311546468388478,0.2516780089998759,0.03223744045349651,0.5481758243985814,0.023115464683884743,3.0715613428842774,0.24460782912898876,0.6998034031591078,0.03218886333115437,10.915272062617516,2.4694685155969385,-0.0869896333081938,0.014670477555023227,0.8697157859794622,0.02093336610505419,-0.6239896137788447,0.019892912750838106,0.24805682405882373,0.02660471718180314
0.5,1428,DisparateImpactRemover,XGBoost,0.6,0.6000323206205559,compas_t0.5_k1428,0.717658194631879,0.005797559423998768,0.7198409433703552,0.005863497224654516,0.718887321405081,0.00579601947040596,0.6739206054634714,0.01122690353508431,0.7461538461538462,0.02794648906577006,0.7077428647620607,0.00899765436043481,0.7461538461538462,0.02794648906577006,0.3064719594131359,0.02546755797524236,0.693528040586864,0.02546755797524235,0.25384615384615383,0.027946489065770068,-0.29543417855375786,0.025902684426640576,0.589107276670539,0.039288071109686996,-0.10836372675298848,0.048722494291753383,0.8682047684443942,0.05942795649399106,-0.33781037022973337,0.042727161958480336,0.4130912119380635,0.05966596051621128,0.33781037022973337,0.0427271619584803,1.8037353242993668,0.15169242280510614,0.10836372675298851,0.048722494291753383,1.6238674203673835,0.2858291394516299,0.07920492829566231,0.038186381341030876,1.1228398509005448,0.06508290760584463,-0.2230870484913609,0.02573538368340777,0.6406479901912289,0.044005069422342995
0.5,1428,LearningFairRepresentations,LogReg,0.6,0.6000323206205559,compas_t0.5_k1428,0.6002084538268748,0.0026364374197353955,0.5833028377387105,0.0023481616255713995,0.5464426163654911,0.0013598421054012656,0.6017530098699908,0.0057884817261212446,0.3792582190123174,0.001516636987879508,0.4652568376213059,0.0012618302386336751,0.3792582190123174,0.001516636987879508,0.2126525435348965,0.005742745698972543,0.7873474564651035,0.005742745698972557,0.6207417809876826,0.0015166369878794942,-0.9803737259159098,0.008772009343910253,0.01075215470185527,0.0025032077860275143,-0.9896341490972362,0.0041155519750160595,0.007698644715593868,0.001984027187367054,-0.9687394581250419,0.017741700048787383,0.012863769935871138,0.0039362873716842625,0.9687394581250419,0.017741700048787407,47.88162425357377,33.45071484095278,0.9896341490972362,0.0041155519750160595,147.5479797979798,0.24797979797979508,-0.01655120968228252,0.004864399740301391,0.9730174630600027,0.007749839248510161,-0.9791868036111391,0.010518201824518097,0.010281207325732506,0.0022200412564928897
0.5,1428,LearningFairRepresentations,XGBoost,0.6,0.6000323206205559,compas_t0.5_k1428,0.7086323581389371,0.0027657545008814956,0.7101335456036517,0.002398508348765494,0.7096751867777136,0.002501208720782106,0.6672351011188395,0.007575200894440018,0.728237290942209,0.018216079221603718,0.6961835516844732,0.004802435070603661,0.728237290942209,0.018216079221603718,0.30797019973490564,0.018020717897857336,0.6920298002650943,0.01802071789785733,0.2717627090577911,0.018216079221603718,-0.3000850462716975,0.019942165035363932,0.580744792129762,0.022822853042032725,-0.1316611303188484,0.041359593626690255,0.8388125745226681,0.047054290688603805,-0.3294218552275723,0.026142311009679745,0.4217511511137566,0.030200536578014425,0.32942185522757234,0.02614231100967977,1.7712394807972174,0.10706235438730201,0.13166113031884846,0.04135959362669027,1.7439452176561272,0.3295141746766852,0.06659033923244624,0.02919314844131077,1.1022093444103622,0.048388435606207675,-0.23054149277321034,0.019255783776091634,0.6302818628182123,0.024725332046547414
0.5,1428,ReweighingClassifier,LogReg,0.6,0.6000323206205559,compas_t0.5_k1428,0.610738384422595,0.008450228489103092,0.5990722445881559,0.008380956267670997,0.5821648578748118,0.009025326807913129,0.5989287373498229,0.01339965193724422,0.4582432139809189,0.013857486854918997,0.5190911300056139,0.011352273426185628,0.4582432139809189,0.013857486854918997,0.26009872480460716,0.014270668567515993,0.7399012751953928,0.014270668567515974,0.5417567860190811,0.013857486854918999,-0.05163428102295943,0.02720478404938343,0.8684060095354077,0.06815266768967443,-0.04749056561137098,0.033709253183442846,0.9043875525525517,0.06871913879681486,0.03295105070474693,0.025761314579111,1.1483034907852019,0.11990753747159315,-0.03295105070474693,0.025761314579111013,0.9575776933936396,0.03294157507122696,0.04749056561137101,0.033709253183442846,1.0944274883395035,0.0664691740559541,0.018646518599105287,0.010962000104565293,1.03167424352256,0.019268288556009965,-0.007269757453312026,0.02744037593204459,1.0263455216688768,0.0862778460580153
0.5,1428,ReweighingClassifier,XGBoost,0.6,0.6000323206205559,compas_t0.5_k1428,0.7014597792558319,0.008165692904391723,0.7021960405928585,0.007930157501844327,0.7020189839601475,0.008074772790037998,0.6627738946836081,0.010342555219592587,0.711078629931089,0.014086224559849838,0.6859580724661645,0.008330233187036523,0.711078629931089,0.014086224559849838,0.30668654874537227,0.016191798523925764,0.6933134512546278,0.016191798523925764,0.2889213700689111,0.014086224559849848,-0.012125268035141745,0.015881790885072224,0.9760259143209297,0.03158274688293681,0.19488351072243687,0.03763877550043972,1.3330277904689776,0.07322191934630998,-0.07272006365636119,0.02963044135857559,0.8026191871147018,0.07567600897821929,0.07272006365636116,0.02963044135857554,1.115372769756395,0.04891554585719919,-0.19488351072243693,0.037638775500439724,0.5281636149524216,0.07309721899978427,0.13112326295937365,0.030853992449846195,1.2173769255777804,0.05560870570816633,0.06108172353303785,0.01771404221638498,1.0678234887918396,0.03568626822431757
0.5,1428,FairBalanceClassifier,LogReg,0.6,0.6000323206205559,compas_t0.5_k1428,0.6147887748216696,0.006015639532437919,0.6148601904363717,0.006075163780046284,0.6145983024734466,0.00620441638043284,0.574777226847138,0.006887858239308652,0.6157030583260091,0.01980235642583234,0.5943430017264245,0.009411583191663813,0.6157030583260091,0.01980235642583234,0.3859826774532657,0.017917797923231903,0.6140173225467344,0.017917797923231872,0.38429694167399087,0.019802356425832356,-0.051953090569429414,0.025363031271776932,0.9021618120591641,0.04736183100693591,-0.025657017603326372,0.02970912287505668,0.9595205108889434,0.04741842734874649,0.02068003915650952,0.025517903129042847,1.058326442361511,0.07044812324098389,-0.02068003915650951,0.025517903129042865,0.9679679505681935,0.040061175697864604,0.025657017603326317,0.02970912287505669,1.0701674554329421,0.07964328775768781,-0.022937212569359766,0.004474963777717706,0.9636368125877681,0.007199966679608776,-0.0024884892234084246,0.026277401996943416,1.0089234766252273,0.05594321323984652
0.5,1428,FairBalanceClassifier,XGBoost,0.6,0.6000323206205559,compas_t0.5_k1428,0.7027320571728467,0.0065043323282010365,0.7071169655909288,0.006722630898015038,0.7050080562884804,0.006573992977662296,0.650620145588239,0.006911619308008337,0.7600312710968449,0.01658900836414837,0.7009773080371324,0.007962368309837427,0.7600312710968449,0.01658900836414837,0.34579733991498696,0.013243293936716208,0.6542026600850129,0.013243293936716197,0.23996872890315513,0.016589008364148405,-0.053642812176603716,0.009555034775873019,0.9066182885993171,0.016341899512406145,0.13875217499378573,0.028043187901134897,1.2074682245984103,0.04801785959158746,-0.09516849981523291,0.03554567361016561,0.7778279333840855,0.07122698313546907,0.09516849981523294,0.03554567361016564,1.1674048014886353,0.06972894834842075,-0.13875217499378575,0.028043187901134883,0.5776214607893853,0.06255562704525744,0.09306646967629736,0.030652212198712763,1.1481321847013342,0.053307259553516145,0.021791837589276414,0.01148132926811586,0.9926480789912479,0.023302868718052552
0.5,1428,FairMask,LogReg,0.6,0.6000323206205559,compas_t0.5_k1428,0.6130535339416918,0.014732841182886437,0.60555571665022,0.015302442172510776,0.5984520904010378,0.01697226197975563,0.5892991905617884,0.018002572646530216,0.5150247748608404,0.02777546805959843,0.5494195621169438,0.021729226959695685,0.5150247748608404,0.02777546805959843,0.3039133415604004,0.017407097651785653,0.6960866584395996,0.017407097651785636,0.4849752251391595,0.02777546805959845,-0.16995245881634208,0.014722669578053389,0.6747040805370184,0.025182395176642385,-0.16537003141029988,0.021484950711172686,0.7325977500158698,0.032172501812168956,-0.08925956411036498,0.013696618238842419,0.7625195187498339,0.027500505571554743,0.08925956411036498,0.013696618238842391,1.1434901778287838,0.02563570306232547,0.16537003141029988,0.021484950711172675,1.4383893572068132,0.080956851575093,-0.01112855941704618,0.013435091974178127,0.9827659966981086,0.021194914632241237,-0.12731479776033244,0.01441478582107198,0.747558634382852,0.02757680926691493
0.5,1428,FairMask,XGBoost,0.6,0.6000323206205559,compas_t0.5_k1428,0.7158092881777092,0.010602336161379755,0.7184411993235523,0.011045016646518701,0.7170727966465643,0.011473729808014145,0.6703043990302247,0.013572826993259903,0.7501942501942502,0.03553574542135798,0.7073796897514635,0.015032523895129931,0.7501942501942502,0.03553574542135798,0.31331185154714564,0.02956513702835674,0.6866881484528544,0.029565137028356746,0.24980574980574982,0.03553574542135801,-0.2785747970876974,0.014670741940275917,0.6086633732286979,0.02725585789191026,-0.09005852710550696,0.04396464407980547,0.8890514679334809,0.054167447780819104,-0.32267889476619577,0.03469546563858735,0.43316594967964106,0.04948878237303843,0.32267889476619577,0.03469546563858729,1.7582676906310055,0.1357714988500467,0.09005852710550698,0.043964644079805444,1.504957594376949,0.283500496545721,0.08002986011358545,0.037211920749462044,1.1236749237580501,0.06152334188087277,-0.2063687109358514,0.013426808792182596,0.6611087088065609,0.029827849325510303
0.5,3490,Baseline,LogReg,0.7,0.7,compas_t0.5_k3490,0.6881538891338225,0.0019161718216394548,0.6211256336501334,0.0018571201452837766,0.5648809651695192,0.002227782197749251,0.6388474503217857,0.0047690555666384206,0.3628568153158317,0.0025211838998168757,0.4628259887993769,0.0028937209302993374,0.3628568153158317,0.0025211838998168757,0.12060554801556489,0.002245900912627885,0.879394451984435,0.0022459009126278855,0.6371431846841683,0.0025211838998168757,-0.9119895912447558,0.0047602273015682145,0.0013258545609631791,0.0009391557961538595,-0.9588692292047997,0.007606493389289691,0.0029443849776818985,0.002154027921493881,-0.8380094442174458,0.01512303366378021,0.0006163819319248214,0.0005035407320945059,0.8380094442174458,0.01512303366378021,6.2463409614479675,0.5985708944325837,0.9588692292047997,0.007606493389289691,27.011759805850716,5.500791679726208,0.053787147000996204,0.008800351439202879,1.0833679140922636,0.0146450466636687,-0.898439336711123,0.006096208067504806,0.0017803834548033599,0.001270299494637598
0.5,3490,Baseline,XGBoost,0.7,0.7,compas_t0.5_k3490,0.7692450029901303,0.005207109937499599,0.7642304824100028,0.007414016162299427,0.7638324501321054,0.00765857814224459,0.669378263905711,0.007593261218212755,0.7448947227635753,0.02127976414136002,0.7049256781533463,0.009258210681366057,0.7448947227635753,0.02127976414136002,0.21643375794356962,0.010882466622836953,0.7835662420564304,0.010882466622836954,0.25510527723642473,0.02127976414135998,-0.40484797599839795,0.031151342884727273,0.44142234442200695,0.03444596366707344,-0.10933812396899645,0.021559943914775146,0.8653562065920111,0.027299600669742866,-0.4325717328804771,0.0573508275642003,0.26658005789920586,0.05302385668696732,0.4325717328804771,0.05735082756420025,2.06840759398498,0.22264871313179493,0.10933812396899645,0.021559943914775132,1.5845600694697695,0.10692148316306883,0.1473688042148909,0.02639102341443162,1.2260644121389328,0.04501112577920825,-0.2709549284247368,0.036254387983461256,0.5659681322456085,0.03684461991442739
0.5,3490,FairSmote,LogReg,0.7,0.7,compas_t0.5_k3490,0.6235057860114279,0.011724285033471686,0.617473942629166,0.012138542275029869,0.6169611455952396,0.012220720495785091,0.49305349306405555,0.012850539551396489,0.5942441438343078,0.017347164825762335,0.5388846328819046,0.013812038328250894,0.5942441438343078,0.017347164825762335,0.35929625857597564,0.013286944246870542,0.6407037414240244,0.013286944246870531,0.4057558561656922,0.017347164825762353,-0.11041315352284217,0.040202180209913695,0.7965280971122126,0.06182902851707501,-0.07075904458454796,0.06117122049733489,0.8946746992549505,0.09022438727190274,-0.008461035608089695,0.046961474956091646,0.9968957025881556,0.15470928086671096,0.008461035608089728,0.04696147495609161,1.018509817582212,0.06903011745477933,0.07075904458454793,0.06117122049733489,1.2164612444122,0.1959135435510592,-0.016873882009756324,0.03137351479925258,0.975230371129039,0.04921153085805215,-0.03961004009631883,0.04232621068672698,0.9457852009215528,0.09376436358209653
0.5,3490,FairSmote,XGBoost,0.7,0.7,compas_t0.5_k3490,0.7505608786181669,0.004509674118610083,0.7607256065072956,0.004757089070397875,0.759624576752732,0.004462197063339535,0.6282129246275109,0.006610752876306244,0.7998965060440472,0.014515072008049844,0.7036336577072088,0.005411502273991758,0.7998965060440472,0.014515072008049844,0.27844529302945586,0.010917541034797336,0.7215547069705441,0.010917541034797359,0.200103493955953,0.014515072008049834,-0.1448242817215759,0.04921142702770151,0.7567311575178003,0.06657666125124055,0.20904842609540591,0.05393886417387945,1.3188553066991706,0.10300417164492881,-0.20074371189055235,0.07606774955316226,0.5732580137930169,0.13144043312595474,0.20074371189055232,0.07606774955316227,1.3858591598121683,0.1660184708787164,-0.20904842609540591,0.05393886417387944,0.3772567163786268,0.08384653847487383,0.16648195912321603,0.03825345606454177,1.2706608246073308,0.07373677215344163,0.004152357102426801,0.052817462485713985,0.9460566602460938,0.08950724204124437
0.5,3490,Massaging,LogReg,0.7,0.7,compas_t0.5_k3490,0.591087883642459,0.0090010941642003,0.5356349566070567,0.00889192734413818,0.4910041613105798,0.011435192668044969,0.4303397046572299,0.015335143359334322,0.3219776580432318,0.015001174986003011,0.36821886833744494,0.01386015245047854,0.3219776580432318,0.015001174986003011,0.2507077448291184,0.013048415420847378,0.7492922551708816,0.013048415420847387,0.6780223419567681,0.015001174986003044,0.02748637881369916,0.02962954611271548,1.1220750347206736,0.12275223540469318,-0.010639730639730626,0.044450295804703936,0.9813421212162187,0.12841618438459565,0.12462078490923104,0.02724453091086708,1.9817955127470088,0.4948409719036325,-0.12462078490923101,0.027244530910867107,0.8554554370096831,0.02604083700021181,0.010639730639730626,0.044450295804703964,1.0193774803880562,0.06945635851788526,0.07113141809213966,0.021459428413418614,1.1341939870838225,0.0451211558669928,0.0569905271347502,0.03081047574434527,1.481568816981614,0.2646455936308696
0.5,3490,Massaging,XGBoost,0.7,0.7,compas_t0.5_k3490,0.7059038269303801,0.008551620877943736,0.6926218405765696,0.010310363556359343,0.6905131815273446,0.01102091544989575,0.5955956138197882,0.011474444697802975,0.6414367508629805,0.024264439715337646,0.6174283086607565,0.013660374883449908,0.6414367508629805,0.024264439715337646,0.2561930697098411,0.013668348129648344,0.7438069302901589,0.013668348129648346,0.35856324913701965,0.024264439715337618,-0.027115457329015668,0.026075372090017642,0.9378086192431789,0.06161828318833562,0.21032336790726053,0.02367412284561852,1.414717630059949,0.06152189782699623,-0.028504822812819193,0.05519741978234486,0.9332872019096158,0.23072871159758385,0.02850482281281914,0.05519741978234488,1.0439040426984894,0.07435888947298068,-0.21032336790726053,0.023674122845618525,0.5705433591349361,0.04351009750469267,0.14713709101489142,0.03247674524615013,1.2509187694719361,0.06556388263353909,0.09090927254722066,0.030753178728177698,1.1740024159847824,0.11806797732519735
0.5,3490,FairOversampling,LogReg,0.7,0.7,compas_t0.5_k3490,0.6020182288824769,0.005902854583608043,0.623917629425107,0.007995573158971753,0.6181339320971206,0.006903603807975409,0.47481851093159133,0.0055839226065224155,0.7083005337103698,0.016624878077038135,0.5684993580583895,0.00922887240712825,0.7083005337103698,0.016624878077038135,0.4604652748601558,0.0032190405983293043,0.5395347251398441,0.0032190405983293234,0.2916994662896302,0.01662487807703816,-0.47311178705883394,0.01364211040487066,0.4840585081522109,0.010411695095758408,-0.3982071272004158,0.03493045703496567,0.584105256114708,0.033915353290919825,-0.46058626201887776,0.026278383389075437,0.4617727053244859,0.016757779857583942,0.46058626201887787,0.02627838338907542,4.279950813626376,0.6424139443862471,0.3982071272004158,0.03493045703496571,10.934348244348245,3.2970080386884666,-0.04580892679234254,0.0196705711861862,0.9285681182645025,0.02950336829270564,-0.4293966946096468,0.01678409999166804,0.5229389807195969,0.014871598560844359
0.5,3490,FairOversampling,XGBoost,0.7,0.7,compas_t0.5_k3490,0.7606508444390123,0.009072594183492056,0.7774223644968431,0.00875150277970651,0.7746467973219283,0.008757160528333604,0.6330198014190701,0.011145358335015166,0.8420398817939801,0.014896971426699292,0.7226216436627297,0.009498890224986857,0.8420398817939801,0.014896971426699292,0.2871951528002939,0.013998467026020436,0.7128048471997062,0.013998467026020445,0.15796011820601985,0.014896971426699303,-0.30512916857170563,0.024041087069198462,0.5811621700377827,0.025772599966789194,0.032228775450251955,0.03737733599359926,1.0402478155103816,0.0472559014731208,-0.3451472950602271,0.059172267670467994,0.41231457700556706,0.06678910519395977,0.3451472950602271,0.059172267670467994,1.8473808510335146,0.20334259755480422,-0.032228775450251955,0.037377335993599284,0.8347622299026026,0.18347770335803307,0.12723453328748643,0.04138617824121835,1.194444737708049,0.06880806450703464,-0.15645925980498757,0.02579198888842173,0.7262811962579743,0.028388456160530505
0.5,3490,FAWOS,LogReg,0.7,0.7,compas_t0.5_k3490,0.4105944466512722,0.006014529239789475,0.5194111437347402,0.004343838360835825,0.30600892817014164,0.017022602453283988,0.3801521264003994,0.0023474821570684742,0.938686677621104,0.007813447144716133,0.5411346487323209,0.0025267250053492055,0.938686677621104,0.007813447144716133,0.8998643901516236,0.01199522332286608,0.10013560984837652,0.011995223322866073,0.061313322378896154,0.007813447144716129,0.011915455313767809,0.01495065904751477,1.0132363219390021,0.016582724958126877,-0.01532732244141639,0.01739130664688124,0.9839201422473881,0.01817585874535553,0.07163833655794558,0.013762833335298744,1.0855449581182866,0.017089925154694707,-0.07163833655794553,0.01376283333529877,0.5567839226599731,0.07430596212256645,0.015327322441416399,0.017391306646881214,1.3312395259061927,0.4021996506299753,-0.2957606893155337,0.0040958970053345395,0.5367891938952619,0.00802121313883665,0.028155507058264594,0.014567056463567662,1.0347325501828373,0.016362813380757138
0.5,3490,FAWOS,XGBoost,0.7,0.7,compas_t0.5_k3490,0.7528966724432203,0.006631024427436704,0.7759449990414065,0.006995555600160458,0.7708295427778223,0.0068569237342595455,0.619061475021329,0.006761372411021271,0.864750277045359,0.010177091334888604,0.7215490165771337,0.0073890997507103364,0.864750277045359,0.010177091334888604,0.3128602789625462,0.007092491259827584,0.6871397210374539,0.007092491259827605,0.135249722954641,0.01017709133488858,-0.27589060730754067,0.03561677148100754,0.6232027379712252,0.03736937405546727,0.07290895532506272,0.01815104327660056,1.0890897800052655,0.02261710514941391,-0.32609681791242606,0.07437133304908514,0.45721406301057704,0.08039495752253896,0.32609681791242606,0.07437133304908512,1.8378922232702137,0.27261679780134684,-0.0729089553250627,0.018151043276600526,0.5978017402313993,0.09295072345659285,0.12404583177466506,0.03445996153166076,1.190582160960062,0.0570711232510413,-0.12659393129368168,0.03826273833737293,0.7731519215079212,0.04172667505071325
0.5,3490,HeterogeneousFOS,LogReg,0.7,0.7,compas_t0.5_k3490,0.6225712502237142,0.012409720747678757,0.6164204673519971,0.013720969026963563,0.6158969662312349,0.013938500987150902,0.49190054703442315,0.013856467119006208,0.5927283554332735,0.020447530373911425,0.5375954556785936,0.01626716425916908,0.5927283554332735,0.020447530373911425,0.35988742072927965,0.010677154448542985,0.6401125792707203,0.010677154448543003,0.40727164456672654,0.02044753037391144,-0.11805519512007727,0.037473154546630943,0.7839312803248276,0.05642737376590288,-0.07317650780738028,0.04850371543223516,0.8888975882041039,0.07041164620297742,-0.02468972617041628,0.05854833107365301,0.9582848817848818,0.1798782188448461,0.024689726170416315,0.05854833107365302,1.046850931409939,0.08927633669731777,0.07317650780738029,0.04850371543223518,1.216626403447029,0.15722978201647675,-0.010681398128590458,0.03566111712574627,0.9849826396269281,0.05595067507010316,-0.04893311698889828,0.03663299533682222,0.9235912349944929,0.09203820564010888
0.5,3490,HeterogeneousFOS,XGBoost,0.7,0.7,compas_t0.5_k3490,0.7571004902067774,0.0036552199491776743,0.7652946760635959,0.0037276853787080633,0.7646065316501355,0.0036564180723364106,0.637648910634395,0.005155026091196947,0.796870342771982,0.00932128227927828,0.7083802392840864,0.004276308388428324,0.796870342771982,0.00932128227927828,0.26628099064479016,0.007314229000554133,0.73371900935521,0.0073142290005541325,0.20312965722801785,0.009321282279278257,-0.16521843397607147,0.0467149748236787,0.7241705452659783,0.060873527290540214,0.17836621246017217,0.05967562237371001,1.2666341369607732,0.10084066764225454,-0.2064661556772021,0.06799709188209922,0.5484677361135126,0.11150262342699054,0.20646615567720206,0.0679970918820992,1.3859441036019438,0.1464618538914367,-0.1783662124601722,0.059675622373710026,0.4500726180726181,0.1311468267544222,0.15857695286965,0.0399404376002447,1.2531035485308688,0.07622796154160184,-0.01404997160851496,0.04943076050389302,0.9075509365371429,0.07996183435624782
0.5,3490,FairwayRemover,LogReg,0.7,0.7,compas_t0.5_k3490,0.6473299663446638,0.02499899414893536,0.5664605367413176,0.012110799123263438,0.46982859396828475,0.022025402704741855,0.584717174079554,0.10804823321559703,0.25485434419860653,0.04123691972075295,0.34647205969522127,0.022288539228274413,0.25485434419860653,0.04123691972075295,0.1219332707159716,0.06321701537648082,0.8780667292840285,0.06321701537648083,0.7451456558013934,0.04123691972075294,-0.24689517058443444,0.030695308221949585,0.3036128406994413,0.13282881258123955,-0.3075000564933451,0.020544024944953356,0.3071942187343257,0.04733253439060544,-0.12596341215538906,0.06264490339736327,0.4410971066230533,0.3005713345095051,0.1259634121553891,0.06264490339736324,1.165585662909915,0.08297709155163155,0.30750005649334505,0.020544024944953363,1.563567946275763,0.08394905295347237,0.09493903245430742,0.05992433114801679,1.1695955131918123,0.110508682320629,-0.2167317343243671,0.028651603859327458,0.3741456626786895,0.1679658426440462
0.5,3490,FairwayRemover,XGBoost,0.7,0.7,compas_t0.5_k3490,0.7359852370496798,0.02631518326180304,0.7051093871647816,0.045525704800553804,0.6901263379265161,0.05701586029777186,0.660461633395922,0.01194808796321581,0.586156330008789,0.12007435826686429,0.6156047086143304,0.06916998367132289,0.586156330008789,0.12007435826686429,0.1759375556792261,0.02968168709331163,0.8240624443207739,0.029681687093311614,0.413843669991211,0.12007435826686429,-0.35498562498504305,0.0629463810452094,0.4095098100581226,0.05813968930774268,-0.14281427247870201,0.08333789393961065,0.7863181314811809,0.13406789057441562,-0.3637766094098555,0.06799050697971744,0.25546220016095467,0.02763821128825481,0.36377660940985546,0.0679905069797174,1.7574008919747495,0.2887732694919056,0.142814272478702,0.08333789393961065,1.498187858807352,0.2585536149844767,0.1618626784911335,0.02877931095852203,1.267943212071287,0.06078750328495778,-0.25329544094427875,0.05706406892880987,0.5208901658210678,0.07835465275541813
0.5,3490,DisparateImpactRemover,LogReg,0.7,0.7,compas_t0.5_k3490,0.689742019407474,0.0023504708267485996,0.6224385156996186,0.002238942672495729,0.565840054771915,0.0024637006372106598,0.6435930524693213,0.006151294509433431,0.36310902212541557,0.0024772223517707057,0.4642713563619272,0.0032863816203964327,0.36310902212541557,0.0024772223517707057,0.1182319907261781,0.0027711358933351035,0.881768009273822,0.0027711358933350983,0.6368909778745844,0.0024772223517707057,-0.9048208608383179,0.004212208427401075,0.001602279634243713,0.0008979537227104597,-0.9563148261134838,0.009010312510505316,0.004216321500610401,0.002338650572012168,-0.8226492461298294,0.017951014142447517,0.00041406336918419775,0.0005073204315167225,0.8226492461298294,0.017951014142447524,5.713415240452835,0.6419459661463862,0.9563148261134838,0.009010312510505316,26.25006091215182,5.8765596162707086,0.048975017224071604,0.011121587354631651,1.075424339630231,0.018544678141826542,-0.8894820361216567,0.005929932093484675,0.0023151924348972985,0.0012815367123816814
0.5,3490,DisparateImpactRemover,XGBoost,0.7,0.7,compas_t0.5_k3490,0.7684975140448824,0.004933177993637881,0.7637381254299317,0.006981718592385032,0.7633886712245651,0.007210294187062279,0.6679903194623853,0.007081687728207924,0.7453946781815635,0.019672991903032632,0.7044080934150789,0.008695974294558489,0.7453946781815635,0.019672991903032632,0.2179184273217,0.009916245841999226,0.7820815726783,0.00991624584199924,0.25460532181843654,0.019672991903032632,-0.40286322386758816,0.039199365612907114,0.4443626146472308,0.03916727149809038,-0.11067362664678101,0.028703816525836756,0.8641497982610247,0.03511016142640639,-0.42724389190924106,0.07270305362717426,0.2739946708700508,0.061333236832994596,0.42724389190924095,0.07270305362717419,2.0656647326682416,0.29595302960977654,0.11067362664678101,0.028703816525836777,1.599550137617123,0.16270195579390798,0.1437563867613329,0.031209957311251372,1.2204013845836787,0.05311549931080274,-0.26895875927801105,0.045002419208566756,0.5690722345655377,0.042675790472664094
0.5,3490,LearningFairRepresentations,LogReg,0.7,0.7,compas_t0.5_k3490,0.6802129322047956,0.0008906203449294649,0.6167970270208432,0.0006311806259972054,0.5663293127268141,0.00040727895395899325,0.6119612809447738,0.003109722622703885,0.37244545072413926,0.0010423253810463737,0.4630589833557277,0.0005595245244820176,0.37244545072413926,0.0010423253810463737,0.138851396682453,0.002038102136937045,0.8611486033175471,0.0020381021369370177,0.6275545492758609,0.0010423253810463555,-0.9828870692880004,0.007121984068032975,0.0,0.0,-0.9919395295234221,0.0034172943516978496,0.0,0.0,-0.9689279418834463,0.013126915101618836,0.0,0.0,0.9689279418834463,0.013126915101618784,38.88111111111111,16.49742202082899,0.9919395295234221,0.0034172943516978496,153.66666666666669,77.21708216306659,0.08630948917245103,0.0039083690119267565,1.140686304223464,0.007256469868577101,-0.9804337357034344,0.008176769633159131,0.0,0.0
0.5,3490,LearningFairRepresentations,XGBoost,0.7,0.7,compas_t0.5_k3490,0.7556980972294368,0.006068732545420807,0.7420320982536127,0.009856814564954805,0.7399822102493717,0.010895496862911937,0.663708848304591,0.004274371117738436,0.6893738774886315,0.025222458096880705,0.6761007264839967,0.0131875484908445,0.6893738774886315,0.025222458096880705,0.20530968098140617,0.006721707759486459,0.7946903190185938,0.006721707759486464,0.3106261225113684,0.025222458096880687,-0.39988936793010116,0.03806931892062894,0.42380153489342814,0.037303017970450984,-0.1390152080084966,0.039381321961197015,0.8212566516133993,0.04798676798745624,-0.4189993689518287,0.061742588479392735,0.2618085150269059,0.051074541616285024,0.4189993689518287,0.061742588479392735,1.9872659362783183,0.2239622208656394,0.1390152080084966,0.039381321961197015,1.6327192169481184,0.2234826805608002,0.1472449773095685,0.024434214299835402,1.230529750449011,0.04337707672461125,-0.2790072884801627,0.044122645498573164,0.5415325833201525,0.043406493032418156
0.5,3490,ReweighingClassifier,LogReg,0.7,0.7,compas_t0.5_k3490,0.6227574676869486,0.01668919248665501,0.5074319893625108,0.01151316569605898,0.24318772978796294,0.023255820132190172,0.4846726166738661,0.13692924830055167,0.06308004381774873,0.013986134793695546,0.10937837054521415,0.018578494135912338,0.06308004381774873,0.013986134793695546,0.048216065092727224,0.03239651879421972,0.9517839349072726,0.03239651879421971,0.9369199561822512,0.013986134793695548,-0.017533588514094766,0.010558359433664172,0.7097126517764375,0.19614706398251422,-0.04316588705850451,0.02248470746555455,0.5456240056240056,0.08345405051397163,0.018811446552486028,0.022812158425165017,1.4501151027904275,0.5106226708013681,-0.01881144655248601,0.022812158425165045,0.9802637428415292,0.024115908189281714,0.04316588705850448,0.02248470746555457,1.0482538296292927,0.027105058411448193,0.24281677744232297,0.03341126579456448,1.5597730630607551,0.08864957532463241,-0.012177220253009238,0.006276656335544697,0.9978695542072165,0.2374003470891604
0.5,3490,ReweighingClassifier,XGBoost,0.7,0.7,compas_t0.5_k3490,0.7493462309079083,0.00677160952290836,0.7314232868586872,0.00765896809263527,0.7280850598996598,0.008141303736913947,0.6613100638172092,0.010110064497464221,0.6623702345013821,0.015111327825310243,0.6617413378471744,0.00995146475415835,0.6623702345013821,0.015111327825310243,0.19952366078400746,0.009023160626190543,0.8004763392159925,0.009023160626190557,0.3376297654986179,0.015111327825310241,0.02864370543625707,0.030679646385542315,1.0890071975954327,0.09702090858238989,0.365503355704698,0.04596283165372902,1.8553891429658176,0.1651147969946648,-0.020898169544075206,0.032824310963282075,0.919654503115018,0.164044075706581,0.02089816954407526,0.03282431096328208,1.0277945445227326,0.04129662087935365,-0.365503355704698,0.04596283165372905,0.35636317475208,0.05033861843487024,0.23100164620560318,0.028400927304433787,1.4064900392609503,0.06333484129706136,0.1723025930803114,0.03031400237105817,1.3875218230404178,0.12868942424941673
0.5,3490,FairBalanceClassifier,LogReg,0.7,0.7,compas_t0.5_k3490,0.5969740316997473,0.013368021233380897,0.5917311204557946,0.016502494534520164,0.5911596155557014,0.016807884781290736,0.46380255985624447,0.014966018039272215,0.5715369330123428,0.03096456723133026,0.5119645965960438,0.020970510717724027,0.5715369330123428,0.03096456723133026,0.3880746921007538,0.010097533797408687,0.6119253078992462,0.010097533797408704,0.4284630669876571,0.030964567231330252,-0.08353224585520191,0.03391802653719095,0.8433969003810976,0.05617511645846588,-0.05549137911554016,0.05206352455644594,0.9138969487253268,0.08732199756603751,-0.00023393411246624973,0.0476862961450514,1.015738308304746,0.13992179213165448,0.00023393411246623862,0.047686296145051384,1.0058949008210827,0.07499007695031999,0.05549137911554018,0.05206352455644594,1.1533270048881334,0.13215672168759754,-0.014822762728494454,0.03567578896407429,0.9784324886412973,0.05976646314389578,-0.027862656614003205,0.030896816485855908,0.9648176285150365,0.0727152728991342
0.5,3490,FairBalanceClassifier,XGBoost,0.7,0.7,compas_t0.5_k3490,0.7465432783178443,0.009104811445357953,0.7557699803096636,0.009279931458864167,0.7549103715955168,0.009230653843399536,0.6245191358519441,0.010467744917866202,0.7913192454176061,0.011988948271475506,0.6980650600940688,0.010266072658984235,0.7913192454176061,0.011988948271475506,0.2797792847982789,0.010000558997485249,0.720220715201721,0.010000558997485247,0.20868075458239393,0.011988948271475518,-0.12723388337004862,0.03981613422741041,0.7786992496601703,0.0616265626231205,0.22329062436444982,0.04789536441713171,1.3454999507178744,0.08287317948830039,-0.1834680270853552,0.07551569432664627,0.5997866521310706,0.14497606856860107,0.18346802708535523,0.07551569432664627,1.3416945711182544,0.15011178091427216,-0.22329062436444985,0.04789536441713171,0.36480259608639054,0.10647690277266603,0.16815005535633992,0.04207523014002121,1.275989225154563,0.07937857592156823,0.01991129863954732,0.045652931531498686,0.9726433014244724,0.08317656480562752
0.5,3490,FairMask,LogReg,0.7,0.7,compas_t0.5_k3490,0.5925824686691084,0.011017171438194725,0.5749834585551584,0.009628454392286634,0.5708553711259924,0.009316997010664902,0.4552008904081565,0.012157458646919122,0.50718789407314,0.012640900452578345,0.479676130262471,0.010005691289349057,0.50718789407314,0.012640900452578345,0.3572209769628233,0.017469742858292652,0.6427790230371766,0.01746974285829264,0.49281210592686,0.012640900452578348,-0.1412365963974925,0.022830536071369766,0.730215416142466,0.03770702198282464,-0.16820509343999274,0.04484348080992902,0.7279281560352043,0.06328571921839823,-0.02898933091551007,0.0326924493293669,0.9319345888459812,0.08668712937348608,0.028989330915510057,0.03269244932936686,1.0497704597804127,0.0532809766550974,0.16820509343999276,0.04484348080992901,1.4434620487217478,0.13973439986333258,-0.028442074848824928,0.028335969354265397,0.9553152394415243,0.043897562627458274,-0.09859721217775141,0.020614681322371084,0.8299313724405927,0.037886580319151916
0.5,3490,FairMask,XGBoost,0.7,0.7,compas_t0.5_k3490,0.768311209278571,0.007608657784552917,0.7631749289513895,0.009932837982193805,0.7627960112473903,0.01025932524362144,0.6682027810861809,0.008592892766292718,0.7433782974766581,0.021962057698206014,0.7036508921899595,0.012315417035401063,0.7433782974766581,0.021962057698206014,0.2170284395738793,0.008627118223388557,0.7829715604261207,0.00862711822338855,0.2566217025233419,0.021962057698206024,-0.3987420520513334,0.0412516078042745,0.4468864848068372,0.039803733143890165,-0.1052932004609857,0.021305954089568247,0.8696676023876717,0.02747579065279759,-0.42467058892356685,0.07724238596221075,0.2754749054284057,0.06424925646926385,0.42467058892356685,0.07724238596221074,2.058227631338863,0.30193561679356246,0.1052932004609857,0.021305954089568264,1.5515508157437874,0.10174023879427312,0.14615252655403949,0.0289928903316211,1.2246965177292217,0.0501903038848741,-0.2649818946922763,0.04781554263347362,0.5725712539080388,0.04381152960593885
0.5,7615,Baseline,LogReg,0.8,0.8,compas_t0.5_k7615,0.771461294331826,0.0007292450792731601,0.6425536958592233,0.0009959244024270258,0.5798076015506427,0.0024137286056348686,0.6235623490547406,0.004529795786220304,0.3656336377647853,0.0038343637216978117,0.46094046686140927,0.00219086437123279,0.3656336377647853,0.0038343637216978117,0.08052624604633854,0.0022294142214293643,0.9194737539536615,0.00222941422142936,0.6343663622352147,0.0038343637216977956,-0.9470343738309988,0.01601926616136412,0.0,0.0,-0.973802906017671,0.010890877498803332,0.0,0.0,-0.9057796057902889,0.024445816375898367,0.0,0.0,0.9057796057902889,0.024445816375898367,11.35110661268556,2.938514506852033,0.973802906017671,0.010890877498803332,48.0068376068376,26.50298494007379,0.17245438297518606,0.004444776842720838,1.2748717123299627,0.009034410813111621,-0.93979125590398,0.017498311615525234,0.0,0.0
0.5,7615,Baseline,XGBoost,0.8,0.8,compas_t0.5_k7615,0.8347829874041839,0.006377571455313324,0.8080768999410599,0.011910653805748546,0.8059154687446398,0.012809589566527904,0.6704352397855965,0.008299521008915295,0.7507015297998905,0.024797697728488062,0.7081695847825934,0.014294075160825093,0.7507015297998905,0.024797697728488062,0.1345477299177706,0.004190277939765272,0.8654522700822295,0.004190277939765272,0.24929847020010953,0.02479769772848806,-0.5130796539315596,0.033008799774681845,0.29518518378824093,0.016495699485766048,-0.11299934467719701,0.03974209564659754,0.8635831685979604,0.04455713252563512,-0.4919545921260573,0.03183463724333533,0.15635698511144977,0.012806392893657294,0.4919545921260574,0.03183463724333536,2.1912994640549375,0.17006943384107362,0.11299934467719701,0.03974209564659756,1.7092468479790242,0.41236246793860193,0.2068246402677593,0.01058991363297761,1.3126731948746202,0.020725140115395623,-0.30247696840162713,0.03474375422334317,0.5099700768547051,0.026889325066443252
0.5,7615,FairSmote,LogReg,0.8,0.8,compas_t0.5_k7615,0.5956581561235316,0.010977455430453267,0.5843941613094856,0.012649403522080622,0.5836952477472244,0.013023528403958692,0.3429904069128596,0.011204575176490957,0.5601924032251901,0.023854190270163663,0.4253866847073923,0.014388109881631778,0.5601924032251901,0.023854190270163663,0.39140408060621895,0.01389674535063682,0.6085959193937811,0.01389674535063684,0.4398075967748099,0.023854190270163663,-0.10977411002665582,0.033570637362666154,0.7952035929632879,0.05242587261410603,-0.10384154746570855,0.035681475878997615,0.8360594423829003,0.049067202615492855,0.013773637232320002,0.038563156069514624,1.0490647459906417,0.11723276838757171,-0.013773637232320012,0.038563156069514624,0.9816452382702765,0.058717869455634716,0.10384154746570853,0.03568147587899766,1.2888268087225823,0.12770532211157906,-0.0333375334457674,0.016651060331279548,0.9473024079130313,0.025153293488757108,-0.04503395511669427,0.035275918033716186,0.942562094186771,0.08032936107319494
0.5,7615,FairSmote,XGBoost,0.8,0.8,compas_t0.5_k7615,0.8123944558850787,0.0035300575538309378,0.8187690778456839,0.004420312003975074,0.818528065680081,0.004327744112833516,0.6092876232528536,0.008504236374149085,0.8324569783586178,0.018431589837860043,0.7033874419508181,0.0032863753735188754,0.8324569783586178,0.018431589837860043,0.19491882266724977,0.010745892721205012,0.8050811773327503,0.010745892721205012,0.1675430216413823,0.018431589837860064,-0.26445492037461776,0.0210758360534255,0.5492637853264244,0.021647770060762246,0.24712674846903032,0.03287644294209867,1.3661816620545308,0.06025257010364386,-0.27345675655114254,0.019743226075899876,0.38455577521647855,0.01482115348566348,0.2734567565511425,0.019743226075899865,1.4946170865255672,0.05780844779868556,-0.24712674846903035,0.03287644294209863,0.23291223640514694,0.07222943636071874,0.21857105994900589,0.009970322450683517,1.3470959757094063,0.018738479852785102,-0.013165004041056094,0.024680939551039095,0.8753687186355048,0.03693569239201762
0.5,7615,Massaging,LogReg,0.8,0.8,compas_t0.5_k7615,0.6331517058421525,0.007435299462178585,0.46834640657679855,0.006363681148343537,0.30646151635480506,0.010001176879000002,0.19039273600554502,0.01340122292320355,0.11431018890035285,0.007120304230822835,0.14279194280506008,0.0088302172571483,0.11431018890035285,0.007120304230822835,0.17761737574675568,0.009345810895860451,0.8223826242532443,0.009345810895860462,0.8856898110996472,0.007120304230822824,0.0826983984237403,0.010184404965821356,1.9186489883757698,0.18374275200418333,-0.011749259937179405,0.021231047306414917,0.9187692787692787,0.18544760559772275,0.14494124515277232,0.015075379102062272,4.6011174095265,1.3990532517112728,-0.14494124515277235,0.01507537910206227,0.8482913374423784,0.0139741551805064,0.011749259937179391,0.021231047306414973,1.013654065721583,0.02405401492370784,0.22010237962987453,0.01424547249925093,1.4904845181109807,0.04091208296859357,0.06659599260779647,0.013824783732251674,2.7599433441478896,0.7259017292792158
0.5,7615,Massaging,XGBoost,0.8,0.8,compas_t0.5_k7615,0.7598627275508034,0.008895537553951942,0.702529143296686,0.013881583377215777,0.6914654062116083,0.016266371482607726,0.5478488784829146,0.015218700677839805,0.5793642605118016,0.02652334220382561,0.5630453897038536,0.019482446123488522,0.5793642605118016,0.02652334220382561,0.17430597391842936,0.006672162236221198,0.8256940260815707,0.006672162236221191,0.42063573948819855,0.026523342203825614,-0.029597268667387953,0.012966402667881417,0.9046119811994213,0.04114797510602325,0.33042008451404425,0.0305779963936702,1.8897664796402196,0.10365738259051689,-0.03481853954318032,0.017134358423780516,0.8368210850029032,0.06702691121769737,0.03481853954318035,0.01713435842378052,1.044375796558242,0.02276050599953718,-0.33042008451404425,0.030577996393670228,0.47267980186973757,0.048529225490784464,0.26499985179531294,0.014537885068916954,1.4934406795266837,0.04328236679192082,0.14780077248543197,0.015813998728425732,1.3632937823215614,0.052121445455412294
0.5,7615,FairOversampling,LogReg,0.8,0.8,compas_t0.5_k7615,0.5303821500331468,0.04608789285720926,0.5992370587405199,0.030674827357461947,0.5789708876514673,0.0413138895549808,0.3337007306621174,0.02356763641216661,0.7471623549492402,0.013990460836489063,0.46076515608396784,0.022570942118995276,0.7471623549492402,0.013990460836489063,0.5486882374682003,0.06439032009664196,0.4513117625317998,0.06439032009664195,0.2528376450507598,0.013990460836489062,-0.3390698186822713,0.0719800454397511,0.6177480754207465,0.07654708671494524,-0.2348478069283438,0.03492004394339912,0.7376660104768971,0.036445774490340636,-0.35333781703580325,0.0843948305619047,0.5954766386043214,0.09100698922068193,0.3533378170358033,0.08439483056190468,3.8580728145263152,1.0156492626893525,0.23484780692834387,0.03492004394339913,3.2805943215943216,0.5595605795144363,-0.07492930048647246,0.053506034926739506,0.8734592722182934,0.09075009391134908,-0.2940928119820735,0.056640679599126324,0.6665713245406092,0.05983195169898346
0.5,7615,FairOversampling,XGBoost,0.8,0.8,compas_t0.5_k7615,0.8218352571413625,0.004201800143477571,0.8361903825805361,0.007181409453361725,0.8355521697939062,0.006879930139644284,0.61905375078393,0.006415934012077825,0.867023641203969,0.017352957625059368,0.7222593176073872,0.007395623742708501,0.867023641203969,0.017352957625059368,0.19464287604289662,0.006555442184631452,0.8053571239571035,0.006555442184631464,0.13297635879603092,0.017352957625059385,-0.42256383024727506,0.02638210772808857,0.4192118064217131,0.016465969738386967,0.07114455517140084,0.029360968692315616,1.0875751502267035,0.037725477070478686,-0.4225831575732756,0.032264965165446746,0.2717155077163501,0.0158695760221952,0.4225831575732756,0.03226496516544676,2.018183792396038,0.16297742278400015,-0.07114455517140081,0.02936096869231559,0.6126981178232778,0.12720387071723202,0.18887627007848132,0.01325245704996943,1.2849154352655396,0.026147804509094832,-0.1757193012009374,0.029241585560655495,0.6796453289715269,0.025396375189431455
0.5,7615,FAWOS,LogReg,0.8,0.8,compas_t0.5_k7615,0.39005052199236084,0.07343845087464321,0.5543898983553037,0.03887986181541861,0.3944550290852892,0.15111047251124374,0.29519262563828763,0.02018900779356755,0.9074006139579911,0.0414023560751538,0.44449437309301454,0.019667736443841517,0.9074006139579911,0.0414023560751538,0.7986208172473838,0.11374233125903475,0.20137918275261626,0.11374233125903475,0.09259938604200899,0.041402356075153815,-0.07656868279620677,0.07533875380000271,0.91126548236913,0.08565441109001799,0.0066517524235645276,0.022393603696329336,1.0069208837965058,0.025136172295326626,-0.08233678055055119,0.0890516028303025,0.9021603786306198,0.10233108898361937,0.08233678055055119,0.0890516028303025,1.4928565732513102,0.7858718622296972,-0.006651752423564502,0.022393603696329343,0.8669105551210814,0.24149425610251146,-0.24845546952966213,0.09282295303123568,0.5852008090773742,0.15093592663834204,-0.03784251406349333,0.05180863972144681,0.9545406312135629,0.05945293500778503
0.5,7615,FAWOS,XGBoost,0.8,0.8,compas_t0.5_k7615,0.8168452353201376,0.00304178048682585,0.8376745373335627,0.007540309712350928,0.8363736222449398,0.006987183183674604,0.6085629665328012,0.0047834198947132815,0.882415899219178,0.020712098455008522,0.7202111040709991,0.006753143655566678,0.882415899219178,0.020712098455008522,0.20706682455205244,0.0072665463002101385,0.7929331754479476,0.0072665463002101385,0.11758410078082208,0.0207120984550085,-0.4028170007989619,0.018492415900190264,0.44358627106825094,0.011786221590700006,0.09578876008406212,0.029896873279154735,1.1179567990712356,0.03986932922418686,-0.3998966320434191,0.016105446428384594,0.30035328192577715,0.015809276474875976,0.3998966320434191,0.016105446428384605,1.9349858439478596,0.06471750009558255,-0.09578876008406209,0.029896873279154735,0.4713088757991294,0.10422973319077404,0.1789880264887539,0.02349704754135467,1.2694720561634072,0.04368356917386637,-0.15205393597967848,0.01893794785674015,0.7091550404985063,0.019882720502780837
0.5,7615,HeterogeneousFOS,LogReg,0.8,0.8,compas_t0.5_k7615,0.603548206258905,0.010039978154210795,0.5936258655346444,0.012835331771941821,0.5929483539833635,0.013333611457439495,0.3514805293902256,0.010868794086223639,0.5723050173869846,0.028198437909561457,0.43537178336804827,0.015212514884688187,0.5723050173869846,0.028198437909561457,0.3850532863176959,0.014385375425331857,0.614946713682304,0.014385375425331887,0.42769498261301536,0.028198437909561433,-0.1251414951711722,0.02811702234413599,0.7699326463494909,0.04313678362891748,-0.09735656339683182,0.025456456338775427,0.8471381913681144,0.035154691061869706,-0.011381849044367075,0.04545354043473342,0.9855957235497298,0.12734712747201676,0.011381849044367055,0.0454535404347334,1.0242654075057556,0.07262454076417743,0.09735656339683184,0.02545645633877537,1.2733088034357851,0.09695475842638618,-0.021929596476003253,0.024142761268365454,0.966259876878512,0.038034464378979824,-0.05436920622059945,0.031013807575105013,0.9163669574589222,0.07542497257006628
0.5,7615,HeterogeneousFOS,XGBoost,0.8,0.8,compas_t0.5_k7615,0.8161034956033472,0.0022795258249030384,0.8183319579807595,0.005433198994151988,0.8182480430878897,0.0054047872811036676,0.6169480634428146,0.004710625876652544,0.8231164100016558,0.015810325598882836,0.7051737490797408,0.005024598831574497,0.8231164100016558,0.015810325598882836,0.18645249404013717,0.006210770260891442,0.8135475059598629,0.006210770260891479,0.17688358999834408,0.015810325598882864,-0.3124676097187008,0.024044687970296234,0.4945085049216213,0.02475528778057555,0.18377601518541117,0.04175003747061596,1.2612911062186476,0.06671389537161022,-0.31912660605305226,0.017812526428990054,0.33165504584374267,0.016607395661628045,0.31912660605305226,0.017812526428990016,1.6121792349905129,0.0526303340643448,-0.18377601518541115,0.04175003747061597,0.3747803648256133,0.1093219773288539,0.21667134624015624,0.010166849747609423,1.3412816051975018,0.019869049167530708,-0.06767529543382055,0.028588331993944862,0.7964730760311951,0.04081380383756826
0.5,7615,FairwayRemover,LogReg,0.8,0.8,compas_t0.5_k7615,0.7658641216530461,0.005344650685027463,0.5823091287131017,0.010172085800171957,0.42772827579596956,0.02465771230303303,0.7461145129749781,0.0308866581318402,0.1879943826665138,0.02181961855706582,0.2996997262717234,0.02863571008584584,0.1879943826665138,0.02181961855706582,0.02337612524031022,0.00429337244567316,0.9766238747596898,0.004293372445673162,0.8120056173334863,0.02181961855706581,-0.31676670273120666,0.018014512757003488,0.04466912120953069,0.018555686848063385,-0.34788014371906983,0.02345068586324108,0.1402001171892081,0.06680365162267592,-0.2141491675474903,0.037608769225139504,0.020256714411945976,0.008307712080148513,0.2141491675474903,0.03760876922513952,1.2769986802301003,0.0608503998346772,0.3478801437190699,0.023450685863241102,1.585332663149065,0.041816885595089656,0.2546228854067086,0.015580399156470904,1.4612314317522042,0.04005313264750368,-0.2810146556332801,0.021740758498217435,0.08022841580057703,0.03543312824926726
0.5,7615,FairwayRemover,XGBoost,0.8,0.8,compas_t0.5_k7615,0.8171139354505647,0.0181274400640625,0.7587151677765143,0.04571147986263136,0.745127889766844,0.05674848811451892,0.6645265546280087,0.012642698215701083,0.6332979861668386,0.10538282197029133,0.6447584703256025,0.06081497419376493,0.6332979861668386,0.10538282197029133,0.1158676506138098,0.01480422634309171,0.8841323493861903,0.014804226343091708,0.3667020138331613,0.10538282197029132,-0.49027266219701476,0.15965765170376575,0.28590650104714177,0.12192353969919288,-0.17582491582491583,0.22426785017992232,0.8363905952130393,0.3609861806841715,-0.46587925621257176,0.1269268592349005,0.1514707099345412,0.0643535910261978,0.46587925621257176,0.12692685923490046,2.1256716659196018,0.420882888868736,0.17582491582491583,0.22426785017992237,2.16802012543729,0.989005993333204,0.22232244889562316,0.06086193883465423,1.365013143707746,0.1450246732520906,-0.32085208601874377,0.16848325128586,0.4939306525737902,0.21162204445056476
0.5,7615,DisparateImpactRemover,LogReg,0.8,0.8,compas_t0.5_k7615,0.7714612488472502,0.000743456475593167,0.6418329391691563,0.0013540720259275349,0.5782560209821255,0.0033161300885135086,0.6245601337070366,0.0051029356547784765,0.3633637764785306,0.005170611923590005,0.45938271744630405,0.0030188261761467153,0.3633637764785306,0.005170611923590005,0.07969789814021797,0.002729146506164057,0.9203021018597821,0.002729146506164079,0.6366362235214694,0.00517061192359,-0.9397007356914253,0.020373250995442935,0.0,0.0,-0.9677626375612952,0.014618751197100781,0.0,0.0,-0.8964531809198227,0.029924509575864865,0.0,0.0,0.8964531809198227,0.029924509575864865,10.614711086015433,3.3902942962422027,0.9677626375612952,0.014618751197100781,38.69183760683761,17.55068245205401,0.17245604555467814,0.00458539484198271,1.2748792938257798,0.009332751846676578,-0.9321079092405589,0.02204943116585247,0.0,0.0
0.5,7615,DisparateImpactRemover,XGBoost,0.8,0.8,compas_t0.5_k7615,0.8346479209569045,0.005751926241273511,0.8071023331815408,0.012326870167353347,0.8047545052426003,0.013461334621292079,0.6710460556863319,0.007528788214754362,0.7479237520221127,0.02789367623763874,0.7071767840877674,0.014236654340891945,0.7479237520221127,0.02789367623763874,0.13371908565903107,0.005643649566650222,0.8662809143409689,0.005643649566650217,0.2520762479778873,0.027893676237638734,-0.5039525778588916,0.032286107749334,0.2990432903022529,0.019502163837268768,-0.10667163808103401,0.0403551135683402,0.8695576716264526,0.04885666134772066,-0.479210987067405,0.04491795549338578,0.16089494772200844,0.018306279400257565,0.479210987067405,0.04491795549338577,2.137879985680071,0.22852585779067455,0.10667163808103405,0.0403551135683402,1.6044835789589889,0.27094012393520506,0.2056859127036607,0.01271870707665597,1.3105539442666587,0.023515930639457967,-0.2929413125742195,0.03820778207228837,0.5152263096742306,0.03022264986412049
0.5,7615,LearningFairRepresentations,LogReg,0.8,0.8,compas_t0.5_k7615,0.769303460580224,0.0011812175303072881,0.6414821447515899,0.001778352208514315,0.57973289742061,0.0029266877745244423,0.6145630522977256,0.004278240402871386,0.3668956271415288,0.003947606793132733,0.459464386940875,0.0034241839875235715,0.3668956271415288,0.003947606793132733,0.08393133763834904,0.0016259165494234666,0.916068662361651,0.0016259165494234699,0.6331043728584712,0.003947606793132721,-0.9641473045429985,0.011766337828555436,0.0,0.0,-0.9771653899170678,0.011303189839694626,0.0,0.0,-0.9440788419422039,0.017196339071995043,0.0,0.0,0.9440788419422039,0.017196339071995043,19.609587912087914,5.758815112802426,0.9771653899170678,0.011303189839694626,89.85468975468976,103.85808895838471,0.18549066877260073,0.007083705910840656,1.3020238049712982,0.014932828484646315,-0.9606221159296359,0.012413881393868106,0.0,0.0
0.5,7615,LearningFairRepresentations,XGBoost,0.8,0.8,compas_t0.5_k7615,0.8227790620853085,0.006056495653871329,0.7764804873851874,0.012415213505350643,0.7699010167213005,0.014242426264882346,0.6655507123259817,0.00871981937303309,0.6770170175907881,0.02733881809962945,0.6710137395754474,0.01563553616793553,0.6770170175907881,0.02733881809962945,0.12405604282041327,0.005121089184599519,0.8759439571795868,0.005121089184599519,0.32298298240921197,0.027338818099629462,-0.5356251554994644,0.022774842373853625,0.2549480961968408,0.007023835450296321,-0.20188823356608593,0.03159035152313035,0.7490370248675979,0.035536273935060134,-0.5102987624225805,0.020657979802133457,0.13360835665415113,0.003277099122973865,0.5102987624225807,0.020657979802133443,2.2488000296061834,0.12703037471596837,0.20188823356608593,0.031590351523130326,2.065777416104782,0.28181976743891196,0.20856272438000686,0.01228363175514819,1.321881238602494,0.024050596207907893,-0.3560934979943332,0.021133650413955072,0.44132269076087455,0.01688350090353194
0.5,7615,ReweighingClassifier,LogReg,0.8,0.8,compas_t0.5_k7615,0.7327533974135196,0.00014591747829129483,0.5,0.0,0.0,0.0,0.0,0.0,0.0,0.0,0.0,0.0,0.0,0.0,0.0,0.0,1.0,0.0,1.0,0.0,0.0,0.0,1.0,0.0,0.0,0.0,1.0,0.0,0.0,0.0,1.0,0.0,0.0,0.0,1.0,0.0,0.0,0.0,1.0,0.0,0.4063568726879755,0.0007974560410701991,2.0323059665616148,0.004108483202202035,0.0,0.0,1.0,0.0
0.5,7615,ReweighingClassifier,XGBoost,0.8,0.8,compas_t0.5_k7615,0.8067972377217231,0.003452712295918631,0.7417629422577973,0.007170979147579896,0.7284042045078198,0.009028828396453433,0.6494482144357999,0.006593973199808787,0.6020609627167004,0.016484420028891163,0.6247454925636289,0.010031978345132165,0.6020609627167004,0.016484420028891163,0.11853507820110573,0.004096916983897639,0.8814649217988941,0.004096916983897647,0.3979390372832996,0.016484420028891177,0.06786890476736271,0.0342841775553824,1.4058041230531555,0.3099881932101228,0.5648611393577837,0.0535632828494195,3.374052260539023,0.6737307202994651,0.018706373601945426,0.025915752706658093,1.2902687030487945,0.4446191535044671,-0.01870637360194538,0.02591575270665811,0.9799397522298715,0.027682692965362195,-0.5648611393577837,0.053563282849419476,0.24889136941168388,0.03832634820446889,0.3617811768291838,0.021511826708606942,1.7193032268745394,0.07001872262289678,0.29178375647986454,0.03512153522233388,2.3321604817939092,0.5332963919443547
0.5,7615,FairBalanceClassifier,LogReg,0.8,0.8,compas_t0.5_k7615,0.5551295343857706,0.018819546131180098,0.5624175317414736,0.004875180699392472,0.5607701601174263,0.0055127368554863864,0.3177843447001064,0.005369512576251748,0.578086030545047,0.04068844594757908,0.40953861395578245,0.00811790606534819,0.578086030545047,0.04068844594757908,0.4532509670620999,0.03985411814457814,0.5467490329379002,0.03985411814457811,0.4219139694549531,0.040688445947579095,-0.023839838175596116,0.040241940925314655,0.9609521484200704,0.07573077828706985,0.027152509434388607,0.053141775857904576,1.0589026672240303,0.10141842655713357,0.033811902476503716,0.05140412502824574,1.102004620145739,0.14121836101247953,-0.03381190247650375,0.051404125028245734,0.950961560815953,0.08286614379520506,-0.027152509434388628,0.05314177585790458,0.9563050487847372,0.1228064099054382,-0.014993919409398005,0.044847907922687315,0.9767875810141154,0.07622775838375853,0.03048220595544616,0.04574017046740743,1.0804536436848846,0.1052406171448356
0.5,7615,FairBalanceClassifier,XGBoost,0.8,0.8,compas_t0.5_k7615,0.8098995359436172,0.0045096215843126565,0.8148218217939484,0.005153716650606845,0.8146758320358451,0.005066643884477129,0.6061534010338777,0.008527447286282354,0.8253907294890901,0.015040007248134988,0.6988527404902569,0.005671697153080594,0.8253907294890901,0.015040007248134988,0.1957470859011935,0.00900421676876408,0.8042529140988066,0.009004216768764051,0.17460927051090988,0.01504000724813498,-0.26012178646685485,0.033508292960254385,0.5539656018036041,0.03781543058291883,0.2454947687162452,0.05330887193807013,1.370931280608626,0.10047249072762807,-0.2691571934288669,0.024528831397573368,0.3907155327916233,0.03246787312540776,0.26915719342886696,0.024528831397573378,1.4834147935358641,0.05907830197407622,-0.2454947687162452,0.05330887193807013,0.25887829262657314,0.0870064310075532,0.2185158203255381,0.024010726567501278,1.3497939088104858,0.04923047499538458,-0.011831212356310874,0.03627164099623304,0.8808234067001246,0.060059040565219726
0.5,7615,FairMask,LogReg,0.8,0.8,compas_t0.5_k7615,0.5502061474678168,0.005134404368998252,0.537342969194444,0.0015519015199221837,0.5365455968658199,0.0014581562341555126,0.2994157721621703,0.001600931732735562,0.509712828155451,0.00935647999113833,0.37719552457471134,0.0022084406097131223,0.509712828155451,0.00935647999113833,0.43502688976656306,0.010176743183082535,0.564973110233437,0.010176743183082544,0.4902871718445489,0.009356479991138322,-0.09837676486381752,0.031136749390709297,0.8187358999466674,0.05054712987878926,-0.13080469120737576,0.035522598543079174,0.7804913423833418,0.05289032272108946,-0.020231701125349964,0.049997070934272025,0.9647958672682782,0.1055885934647781,0.020231701125349964,0.04999707093427201,1.044414958232368,0.0973058823093157,0.13080469120737578,0.03552259854307918,1.325113147824183,0.10301862108458708,-0.028217504023148467,0.024735738375736723,0.9521157823969061,0.04082941237624409,-0.07551819616636286,0.03577171502400748,0.8726436048258102,0.06757733926021532
0.5,7615,FairMask,XGBoost,0.8,0.8,compas_t0.5_k7615,0.8326927437319412,0.004467999845907699,0.8068890555797832,0.009309668767476773,0.8048893211695501,0.010138077229318856,0.6656038722040571,0.005580941379807032,0.7514546473562869,0.0206517928921487,0.7058179411391656,0.01089138128834574,0.7514546473562869,0.0206517928921487,0.13767653619672054,0.003864206761629029,0.8623234638032795,0.0038642067616290287,0.2485453526437133,0.020651792892148718,-0.5076448982110897,0.01818186121295656,0.3002711806947487,0.012145583412533547,-0.10639323887646035,0.032250284031105365,0.8705353152290852,0.03708130820063685,-0.48856832304671627,0.024237387475712857,0.16205806263130382,0.011773158657190927,0.48856832304671627,0.02423738747571285,2.177361042250651,0.12124781580036614,0.10639323887646035,0.03225028403110536,1.6171622875875074,0.27046690243095156,0.20675779617531145,0.018785432215404622,1.3141366227793605,0.03621036953499322,-0.2974807809615883,0.022508384621670135,0.5162966889301945,0.020383569776784793
1.0,1428,Baseline,LogReg,0.6,0.6000323206205559,compas_t1.0_k1428,0.6897732445429814,0.012286854673013404,0.6800916666104708,0.012946170071352583,0.669874665981211,0.014612113863433904,0.7012398254146096,0.0130219402913333,0.5632172927254895,0.021573813393998185,0.6246139416164205,0.01813182953898421,0.5632172927254895,0.021573813393998185,0.20303395950454775,0.006628069682409146,0.7969660404954523,0.0066280696824091625,0.4367827072745105,0.02157381339399818,-0.43959703206246215,0.012337352460445658,0.35638359005332054,0.008102942030115575,-0.3357001785189705,0.013674931089083776,0.5654474414779781,0.01741904013401836,-0.4302965753057766,0.01014119084606076,0.20969913081047736,0.010076523600943065,0.4302965753057765,0.01014119084606075,1.9457982696359921,0.0462085255407497,0.3357001785189705,0.013674931089083783,2.495047298058323,0.1753787853754686,0.05843702542765814,0.005022546142746343,1.090340723621085,0.00918630243908721,-0.3829983769123735,0.011515214012173302,0.3875732861442277,0.008753956431875843
1.0,1428,Baseline,XGBoost,0.6,0.6000323206205559,compas_t1.0_k1428,0.7192793013516698,0.007828056581049108,0.7219171876018549,0.008873987461896812,0.7208073853393723,0.008705273183386965,0.673433593818807,0.008529483627108089,0.7537267377431311,0.030534931107922082,0.7109289122953295,0.01313420430235253,0.7537267377431311,0.030534931107922082,0.3098923625394214,0.020239270335986125,0.6901076374605786,0.02023927033598615,0.2462732622568688,0.03053493110792211,-0.289710699132257,0.009004619009521665,0.5976992690219569,0.017608172626589046,-0.10055001920773735,0.037446481956540094,0.8773339123128248,0.045013264626589715,-0.33217622854703127,0.03301552229650631,0.4214677489558376,0.0349600421375363,0.33217622854703127,0.03301552229650628,1.7895747857958546,0.1385748704208404,0.10055001920773735,0.03744648195654013,1.5855248120930427,0.2865896733828247,0.07861517181046121,0.0321574802834809,1.1203434633560547,0.05233907540248245,-0.2163631238773843,0.00615763758325103,0.6494008306343312,0.019366880577871965
1.0,1428,FairSmote,LogReg,0.6,0.6000323206205559,compas_t1.0_k1428,0.6952131262986525,0.013906080828511545,0.6895775198764591,0.014925039156440579,0.6859702132644085,0.01648329082110479,0.684564484427948,0.013156058307049693,0.6215120944629142,0.029716763616291147,0.6512818485072991,0.0209788555162503,0.6215120944629142,0.029716763616291147,0.24235705470999588,0.011080793081681532,0.7576429452900041,0.011080793081681533,0.3784879055370859,0.029716763616291178,-0.12041746993064324,0.018794057338370137,0.7607538771661593,0.032793236243551356,0.03310781189975822,0.039199085278961196,1.0563138524649085,0.06557916812504755,-0.13683167200610846,0.006595209908746508,0.6097312744050678,0.023720841857626483,0.13683167200610846,0.006595209908746516,1.2107925116244675,0.009307753049971125,-0.03310781189975822,0.03919908527896124,0.9194924693025991,0.0976564808800226,0.10531510976112388,0.019708497436418594,1.1705182452504057,0.03440486106417474,-0.05186193005317512,0.019080797195914736,0.8330225634349882,0.03334401603436049
1.0,1428,FairSmote,XGBoost,0.6,0.6000323206205559,compas_t1.0_k1428,0.7079388508664824,0.007035339844729007,0.71221682929735,0.007487474458060525,0.7101596875689056,0.007161659395454713,0.6560079224161621,0.007104199504848429,0.7638207420994307,0.020580812894073097,0.7056597150955859,0.009277125267760363,0.7638207420994307,0.020580812894073097,0.33938708350473057,0.014974413007099159,0.6606129164952694,0.014974413007099176,0.2361792579005694,0.020580812894073108,-0.0680142430232082,0.014963051755561984,0.8834222801864307,0.02526897595979872,0.13512033082502878,0.044155400607204694,1.2021532174286897,0.07300412889328323,-0.11892708980512853,0.03829604531895986,0.7292848341373175,0.07526095680522717,0.11892708980512853,0.03829604531895989,1.2132411402734997,0.07753126878410886,-0.1351203308250288,0.04415540060720471,0.5863762872677026,0.10652497014529243,0.10204757460751954,0.0403845201537433,1.163956188935257,0.06987346011243972,0.00809662050995012,0.01579935170745696,0.9657190257830035,0.027600151687143686
1.0,1428,Massaging,LogReg,0.6,0.6000323206205559,compas_t1.0_k1428,0.6844523166891588,0.015979856833682124,0.6768795663781197,0.01678780703104109,0.6705014298292454,0.018421734722502338,0.6812966362818973,0.016685482891305406,0.5854305985453527,0.028229296029960296,0.629585445458216,0.022700645946947425,0.5854305985453527,0.028229296029960296,0.23167146578911285,0.01065084991480452,0.7683285342108871,0.010650849914804538,0.4145694014546473,0.028229296029960268,-0.047462262746275595,0.01000230076844871,0.8897361768984828,0.019217597317027785,0.10338056176982353,0.02945222618329362,1.199484734017932,0.05844315857974172,-0.06680483321238326,0.01820464441113478,0.7672551849056872,0.05209139323193624,0.06680483321238326,0.018204644411134785,1.0938677557804553,0.027535157174409672,-0.10338056176982353,0.029452226183293594,0.7844016817555349,0.060240878505684874,0.12158540925871866,0.02087682485324682,1.2040609827159137,0.037571405606243696,0.01828786427872013,0.00967109109919073,0.9833699594618096,0.019298118917189782
1.0,1428,Massaging,XGBoost,0.6,0.6000323206205559,compas_t1.0_k1428,0.708055863483495,0.008455232876388614,0.7074988742105426,0.009680757318849305,0.7071215186433168,0.010173391989738967,0.6751207459531368,0.007321464367609449,0.700740698281682,0.029666809218834987,0.6873445975400021,0.014796853415671524,0.700740698281682,0.029666809218834987,0.2857429498605969,0.01624920762445549,0.7142570501394031,0.01624920762445547,0.29925930171831816,0.029666809218834998,-0.07898596740078483,0.02827277552041392,0.8517413286558023,0.053432959147664834,0.10833615800058753,0.03332411690733299,1.1705269010026937,0.05132045091988629,-0.11606041536736704,0.03529159881283279,0.6957922377075876,0.08597011410586015,0.11606041536736707,0.03529159881283275,1.1878659778290126,0.05952755550214196,-0.10833615800058753,0.03332411690733297,0.7026512201391428,0.09481496616571972,0.11072950731438905,0.012581714864265701,1.1763138485914255,0.021342297031062468,-0.0038621286833897595,0.0314841354326559,0.9331595693551407,0.06375052456262242
1.0,1428,FairOversampling,LogReg,0.6,0.6000323206205559,compas_t1.0_k1428,0.7014625238309449,0.017634518023679737,0.7002133286728272,0.018729551378160857,0.6998826517453172,0.01904239685592041,0.6705531160207584,0.014626222492047236,0.6851026023157172,0.03275938718665954,0.6776053335370303,0.023116490303659358,0.6851026023157172,0.03275938718665954,0.2846759449700626,0.00860650605037403,0.7153240550299375,0.008606506050374052,0.31489739768428293,0.03275938718665955,-0.29753510368856684,0.011928483837359215,0.5633304303772825,0.01215828299067186,-0.1351727566492667,0.01796972783918411,0.823849372786734,0.02545153786371314,-0.3287287462013905,0.01732618025540803,0.3976625055775367,0.024686420071503155,0.3287287462013905,0.01732618025540804,1.7242349842025544,0.05094252129765674,0.1351727566492667,0.017969727839184105,1.5912406444947753,0.08954613768969998,0.07817589077773004,0.011630852714892986,1.1211846028476606,0.01835927761240118,-0.2319507514253286,0.010969900260512146,0.6107559391821352,0.013133432318765889
1.0,1428,FairOversampling,XGBoost,0.6,0.6000323206205559,compas_t1.0_k1428,0.7188170077972709,0.009013483253058563,0.7267026244943313,0.008997941740100842,0.7202808028673569,0.009235641774696738,0.6540247277863565,0.009182560628181036,0.8218585603831505,0.018137929103968563,0.7282696071990766,0.009031592564569977,0.8218585603831505,0.018137929103968563,0.3684533113944879,0.0173062953206994,0.6315466886055121,0.017306295320699425,0.17814143961684945,0.01813792910396854,-0.20862903482305278,0.020271006263996683,0.7130251657088306,0.0202170617406065,-0.005479402526382393,0.015149020098855106,0.9936827062202876,0.0183547042768268,-0.2570946547188645,0.044910600522341686,0.5537190237421757,0.050270540966625164,0.25709465471886456,0.044910600522341665,1.6159131114943945,0.16095345761060142,0.005479402526382393,0.015149020098855095,1.0390547003298776,0.08765859092419684,0.06999862332519469,0.023310328590214733,1.105467201031315,0.03791455159295275,-0.13128702862262348,0.020902149249565568,0.7737008649812317,0.02309442918882034
1.0,1428,FAWOS,LogReg,0.6,0.6000323206205559,compas_t1.0_k1428,0.5908345918214339,0.012273350719440836,0.6044455046721199,0.01124650367065435,0.5808022733716123,0.016457114480735485,0.5379987659177687,0.010793661937542073,0.768624772313297,0.029054232179979315,0.6326193133980454,0.010654042685491793,0.768624772313297,0.029054232179979315,0.5597337629690571,0.03544890154347334,0.44026623703094286,0.03544890154347332,0.23137522768670307,0.029054232179979333,-0.024672342274392745,0.037105149266141245,0.9633831931612507,0.054807048879418105,0.014719454048313119,0.030615303975104743,1.019658595397482,0.03942270197558665,0.02442134271229358,0.04860884676356336,1.0459268497795875,0.0910837102811707,-0.02442134271229357,0.04860884676356334,0.9477919924908527,0.10433695166280871,-0.014719454048313102,0.03061530397510476,0.9414814705318543,0.13778128243651414,-0.07062575194525147,0.02537787914598809,0.8905480332604933,0.03740134907501537,0.01957039838030335,0.03608189055719565,1.0327927225885347,0.06012090384769602
1.0,1428,FAWOS,XGBoost,0.6,0.6000323206205559,compas_t1.0_k1428,0.7025030525030526,0.013529078955235235,0.7139320191755101,0.013288073122569119,0.7002309167572565,0.014564005143786316,0.6300373572791262,0.01230291460393645,0.8518813608977543,0.020846711107826762,0.7242136799318153,0.01220110141925216,0.8518813608977543,0.020846711107826762,0.4240173225467343,0.02320832551043207,0.5759826774532657,0.02320832551043206,0.14811863910224568,0.020846711107826762,-0.15135337561189938,0.01090325507390689,0.7922595538209313,0.013961991428901631,0.0458563261247825,0.02685436811044766,1.0561334761202745,0.03402988679318875,-0.20012071617528804,0.032611294897804594,0.6573707622766569,0.05040524355851236,0.20012071617528804,0.032611294897804635,1.4830747644747742,0.0906089366458499,-0.04585632612478251,0.02685436811044768,0.7442260527351436,0.1311519308406954,0.05461137670851655,0.029275995658767165,1.0830192776951557,0.045798265290868896,-0.07713219502525277,0.00893841944466839,0.8567521191984657,0.014772987378012104
1.0,1428,HeterogeneousFOS,LogReg,0.6,0.6000323206205559,compas_t1.0_k1428,0.6930130481117323,0.009282569934820083,0.6881829364785006,0.010229374016656394,0.685407831323096,0.011628986120135673,0.6779869605657914,0.009482373876198791,0.6298374667227127,0.02713958245502113,0.6527064434044837,0.015858339453175947,0.6298374667227127,0.02713958245502113,0.2534715937657114,0.015062096770734713,0.7465284062342886,0.0150620967707347,0.37016253327728743,0.02713958245502113,-0.12545910030394064,0.0226795446518018,0.7570317981564733,0.04155492171185365,0.027081101846202514,0.0383334419021149,1.0449531689982312,0.06287288484203013,-0.14239281002372936,0.015417904379877726,0.6114295230690051,0.03848427904629445,0.14239281002372942,0.01541790437987772,1.225036543389591,0.02655339575054657,-0.027081101846202514,0.038333441902114906,0.9318836975234916,0.0982645692162292,0.10053843668430165,0.01562390560873218,1.162303662239709,0.027453117030221463,-0.057655854088763434,0.02242561037615077,0.8281913460336181,0.04371596010656832
1.0,1428,HeterogeneousFOS,XGBoost,0.6,0.6000323206205559,compas_t1.0_k1428,0.7112950645845383,0.006697615290152404,0.7163186235172735,0.007079299066821722,0.7135921097997663,0.006832420196421142,0.6565879016086823,0.006781393640650426,0.776939317513088,0.019002699301008077,0.711577624903251,0.008732380697353858,0.776939317513088,0.019002699301008077,0.34430207047854106,0.013914192978238189,0.6556979295214589,0.013914192978238213,0.223060682486912,0.019002699301008102,-0.08491254461809655,0.0363531610054631,0.8615704839021058,0.05413387702712626,0.12281110885137733,0.06105950975509905,1.180175244383083,0.09523562515422021,-0.13883063045467064,0.02636686434529146,0.6965933261715416,0.04142204151521794,0.13883063045467064,0.026366864345291428,1.2576038757307415,0.06171224114680841,-0.12281110885137729,0.06105950975509906,0.6086704067321179,0.16396906936720818,0.10047229730455125,0.031010394827734766,1.1589371668297188,0.05417940800984061,-0.00800976080164666,0.03664669845326038,0.9383842852773123,0.05742635502082891
1.0,1428,FairwayRemover,LogReg,0.6,0.6000323206205559,compas_t1.0_k1428,0.670217075809181,0.019232295887496885,0.6716962237912093,0.017833182276766953,0.6707571509849373,0.01796042704961229,0.6292137033496112,0.026619608795413863,0.689390436521584,0.026694072258507635,0.6572633709123816,0.016056143682990895,0.689390436521584,0.026694072258507635,0.3459979889391654,0.04253839177378199,0.6540020110608346,0.04253839177378196,0.31060956347841595,0.02669407225850766,-0.1960458596995364,0.03932813993995742,0.6952946024723958,0.06195104267017172,-0.08524710189139721,0.028842687793863477,0.8850658360613842,0.03903824880452482,-0.18363625097180097,0.06334282695894473,0.6285106647417248,0.12202971575633502,0.18363625097180095,0.06334282695894478,1.3633888322829917,0.13119053356045066,0.0852471018913972,0.028842687793863505,1.3326586080667375,0.11672815811240925,0.027725488125692775,0.037247896832933176,1.043464384438317,0.05887994603617622,-0.1344416764315991,0.03813172817322337,0.7567882504015544,0.069273180334549
1.0,1428,FairwayRemover,XGBoost,0.6,0.6000323206205559,compas_t1.0_k1428,0.5637591575091575,0.007280136483444973,0.5773436033055126,0.007745389437915773,0.5528236651755886,0.009167937379723127,0.5170085454201574,0.005744423368123884,0.7413520450405697,0.03158216227750468,0.6089184590710688,0.011787844569295889,0.7413520450405697,0.03158216227750468,0.5866648384295443,0.026460426734672818,0.4133351615704557,0.026460426734672794,0.2586479549594304,0.031582162277504634,-0.03540803133888097,0.01950515744682092,0.9488403839668413,0.027240243369680728,-0.05037534178473775,0.03483010317605926,0.9366372446776154,0.042686817128455644,0.05312781231177227,0.042831727804608415,1.1009256115684514,0.08509111870576579,-0.053127812311772306,0.042831727804608435,0.8866017949314641,0.0879397419455009,0.05037534178473775,0.03483010317605924,1.2607060546255096,0.21206369884756188,-0.11752516540943199,0.03988688856237241,0.8207191145811334,0.05556629336664119,0.0013762352635172614,0.01837214142218579,1.0187814281230332,0.03479978840226384
1.0,1428,DisparateImpactRemover,LogReg,0.6,0.6000323206205559,compas_t1.0_k1428,0.6922033984533986,0.010480449580487794,0.6838042711065854,0.011304749822711306,0.6761343720152728,0.012947456306314485,0.6964459806902256,0.008756844074618941,0.5823980664144599,0.021599682222342063,0.6342397218403786,0.01638038184145129,0.5823980664144599,0.021599682222342063,0.21478952420128888,0.002029181761730531,0.7852104757987111,0.0020291817617305195,0.41760193358554015,0.0215996822223421,-0.42525826483091383,0.007364634472816538,0.3817118954843612,0.005533517389863908,-0.3039201862020654,0.00633127221362619,0.6060465219822342,0.016627098647724364,-0.43246816406773503,0.01602572548259278,0.2251726742724256,0.0117850313475984,0.43246816406773503,0.01602572548259278,1.9802006780962997,0.06515455619326935,0.3039201862020654,0.006331272213626206,2.3413206135887425,0.09029561109766183,0.06980080551440404,0.007401945122107365,1.108742096659578,0.012059749841049945,-0.3681941751349002,0.006035344574223021,0.4156095981273299,0.005642405217213518
1.0,1428,DisparateImpactRemover,XGBoost,0.6,0.6000323206205559,compas_t1.0_k1428,0.7168486119144014,0.0032882935915783756,0.7194004150248123,0.00268060232420577,0.7183413949576914,0.0031839483272275656,0.6715586113134535,0.009941951108344288,0.750190747321895,0.024124269878706153,0.7083208553766207,0.005907348295098357,0.750190747321895,0.024124269878706153,0.31138991727227017,0.023991515052019005,0.6886100827277299,0.023991515052019005,0.24980925267810514,0.02412426987870618,-0.3130329850179126,0.022915223176978198,0.5749033835132359,0.03207226501056662,-0.12128172101326465,0.03142621520078795,0.8533709765137469,0.037979765838771364,-0.3629236703549513,0.03152882290589232,0.39458867766704053,0.04347573764240253,0.3629236703549513,0.03152882290589233,1.9121403028956316,0.12217524073637188,0.12128172101326465,0.03142621520078796,1.7142030013904168,0.20581041158281968,0.08147310673587041,0.021274352643343587,1.12443227580324,0.034653974185799456,-0.24210269568410797,0.02345608145591583,0.6239798270903937,0.03427627878264828
1.0,1428,LearningFairRepresentations,LogReg,0.6,0.6000323206205559,compas_t1.0_k1428,0.658416607758713,0.022833012385299334,0.6507923459803884,0.02462493670020013,0.6436996013106046,0.02775688639725678,0.6469692835709632,0.021739732164865792,0.5586880787700459,0.04709092404389818,0.5991683693718902,0.03566727154491952,0.5586880787700459,0.04709092404389818,0.25710338680926914,0.007982171349394834,0.7428966131907309,0.007982171349394824,0.44131192122995405,0.047090924043898176,-0.44377920226553086,0.09889627138495984,0.38629309486332486,0.07448049608799619,-0.3387354529636409,0.10749964349309073,0.5729089930142154,0.10317832137858117,-0.46396218410249557,0.08293682373340114,0.2637763326190933,0.060460277015090484,0.46396218410249557,0.08293682373340114,2.3190940720568127,0.47990777473365376,0.3387354529636409,0.10749964349309071,3.002928704085316,1.2292521232481752,0.06129932521401649,0.03515095507736899,1.1045074843151603,0.0712028754340635,-0.4013488185330683,0.09155811581170128,0.41834266281665433,0.0791869604531937
1.0,1428,LearningFairRepresentations,XGBoost,0.6,0.6000323206205559,compas_t1.0_k1428,0.7102531970953023,0.004732929630003527,0.7119591096784925,0.004640305985776187,0.7114695679336531,0.004779705264183394,0.6680331067227392,0.007915943885767378,0.7325299017921969,0.017486104742541583,0.6986086886494822,0.0063159198059031495,0.7325299017921969,0.017486104742541583,0.30861168243521186,0.016793310432706376,0.6913883175647881,0.016793310432706387,0.2674700982078031,0.01748610474254159,-0.2934452920514915,0.015879064273166967,0.588441626264971,0.022204955191421384,-0.11942557566718644,0.04096482863776976,0.8528167487849908,0.04816599370756262,-0.32731675080093636,0.03940016833401589,0.4255945522140744,0.03819178976225551,0.32731675080093636,0.03940016833401593,1.7722031940694376,0.16573386570125762,0.11942557566718641,0.04096482863776972,1.6412448505265356,0.26664405657339646,0.0711315010964185,0.033105204208911936,1.1096850792155224,0.05413219989869302,-0.22337116323406142,0.0174166186631973,0.6392056504995326,0.02364257342457294
1.0,1428,ReweighingClassifier,LogReg,0.6,0.6000323206205559,compas_t1.0_k1428,0.6883854936486515,0.01155733747307522,0.6770934232915911,0.012179743844510918,0.663074975540263,0.0143184917511717,0.7104606137348555,0.013573543547494215,0.5407632440419325,0.022150984521732364,0.6139422781005796,0.018038332570444265,0.5407632440419325,0.022150984521732364,0.18657639745875038,0.009747097960701435,0.8134236025412495,0.00974709796070146,0.45923675595806746,0.022150984521732364,-0.10560947046301705,0.008905696207725187,0.7514197417617584,0.01733090127853464,0.03187218945608208,0.02257385228373856,1.061848239703566,0.04366771474268356,-0.11320378792154022,0.00937065097287085,0.5906941977216462,0.023587297795163775,0.11320378792154025,0.009370650972870832,1.1566759130610074,0.015086341399074131,-0.03187218945608207,0.02257385228373855,0.9340666225736142,0.04677018852692583,0.12252531858430851,0.014540604808169592,1.204488846499077,0.027547069991628405,-0.040665799232729075,0.011055319488211838,0.8262712187126061,0.017972271648124864
1.0,1428,ReweighingClassifier,XGBoost,0.6,0.6000323206205559,compas_t1.0_k1428,0.7033112294625453,0.006639845034560058,0.7037910763296491,0.006697078476996129,0.7036346485978571,0.006815335256049146,0.6657004790984615,0.008194355045054702,0.7095676181741756,0.015945325722501465,0.6868044007624329,0.008069608115460796,0.7095676181741756,0.015945325722501465,0.3019854655148773,0.014346999514737398,0.6980145344851227,0.014346999514737422,0.2904323818258245,0.015945325722501465,-0.012662605125116234,0.01308769634583165,0.9746945497174128,0.026711926656920522,0.18706754344338236,0.029723021258977342,1.317404237171756,0.06043155963380962,-0.0629990752409315,0.02377798334153771,0.8219981230956774,0.06491126259389944,0.06299907524093154,0.023777983341537703,1.0975503183808546,0.03752679674892199,-0.1870675434433824,0.02972302125897736,0.542114226633251,0.05555212997047293,0.1240301217637492,0.025634920115915297,1.2029610995627156,0.04622331715187638,0.06203423410122544,0.014100448292515416,1.0697011801337166,0.030382767712845992
1.0,1428,FairBalanceClassifier,LogReg,0.6,0.6000323206205559,compas_t1.0_k1428,0.6927835748559433,0.01590288010300851,0.6869475857904016,0.016915443124409776,0.6831343740735074,0.018369536683283626,0.6824692464544315,0.014563771763849423,0.6164679582712369,0.030271358472085244,0.6476268389226215,0.022800854326003782,0.6164679582712369,0.030271358472085244,0.24257278669043378,0.008207517234522557,0.7574272133095662,0.008207517234522522,0.383532041728763,0.030271358472085234,-0.11040408001636157,0.01276773264084511,0.7765985315301022,0.019331082676445517,0.0476193704381624,0.03322153074962872,1.0818330549984398,0.056472335563895165,-0.13395149610482118,0.02471033907319041,0.6181486686857343,0.050762487376577556,0.1339514961048212,0.0247103390731904,1.206855629233545,0.04482239605546978,-0.047619370438162376,0.03322153074962873,0.8854391464282146,0.08120835993691788,0.1127325987917603,0.02401675495382085,1.184801736634769,0.041625243362076535,-0.04316606283332939,0.011279173761689514,0.8499908618420872,0.01967307167734953
1.0,1428,FairBalanceClassifier,XGBoost,0.6,0.6000323206205559,compas_t1.0_k1428,0.7020374788466894,0.006775869644401929,0.7063796802683012,0.007109295145604811,0.7043218536296025,0.006832659235325809,0.6500734450965968,0.006687722894024663,0.7587699186059842,0.016814367820669935,0.7001335766885524,0.008496150958277935,0.7587699186059842,0.016814367820669935,0.3460105580693816,0.01193981262275866,0.6539894419306183,0.011939812622758655,0.2412300813940158,0.01681436782066994,-0.05712822881092457,0.018209635122251815,0.9017637842554027,0.027965198610722202,0.13889363432987595,0.048323941362791,1.211347078002175,0.08343385537047539,-0.1040459663901939,0.029363846922441327,0.7601550052485927,0.05231260688651803,0.10404596639019395,0.029363846922441355,1.1849283158627908,0.06213308002850059,-0.13889363432987595,0.04832394136279095,0.5876943240245718,0.10335069559255344,0.0972240693338829,0.0383594118604889,1.1570391181442818,0.06912716179411757,0.017423833969841013,0.01668184757714293,0.9857510416253839,0.02693349907047696
1.0,1428,FairMask,LogReg,0.6,0.6000323206205559,compas_t1.0_k1428,0.6859547372705268,0.01111519724657865,0.6762797903371676,0.012501640911192049,0.6657989053140139,0.015890853415058602,0.6958337105762836,0.0077204898568902025,0.5594399225546767,0.030029031402560552,0.6199047218909233,0.021082413098771405,0.5594399225546767,0.030029031402560552,0.2068803418803419,0.006900617785651802,0.793119658119658,0.006900617785651836,0.4405600774453234,0.030029031402560552,-0.2763533379176657,0.014426020018731844,0.5121969348277414,0.008609797747031831,-0.15237972566831626,0.023617245039141647,0.7673637553799086,0.03223298123600598,-0.2819563806464186,0.024692361991017913,0.3462652488958563,0.019294770747894624,0.2819563806464186,0.024692361991017903,1.4982049000748152,0.06732828819043701,0.15237972566831626,0.02361724503914167,1.4473656004094473,0.09318460039197198,0.0906773854398212,0.01869423658807434,1.1467715123934406,0.03294485203131422,-0.21716805315736742,0.010312965039890131,0.5568145021378824,0.008538616975249146
1.0,1428,FairMask,XGBoost,0.6,0.6000323206205559,compas_t1.0_k1428,0.7146509435983119,0.010628151405243485,0.7164855550535396,0.01207227126765314,0.7156048516242468,0.012131455935519201,0.6719773631294192,0.009498061599733796,0.7385885971951546,0.03712822296104227,0.7031878934165791,0.017735212065450107,0.7385885971951546,0.03712822296104227,0.30561748708807535,0.021342784925414176,0.6943825129119245,0.021342784925414186,0.2614114028048454,0.03712822296104227,-0.28443156335528735,0.00901224766095716,0.59764796709822,0.017974582607371965,-0.1022000768309493,0.036422426556087864,0.8728417045214159,0.04488510558202507,-0.3232205166829254,0.03139936063424857,0.42548845078617203,0.028378116606746443,0.3232205166829254,0.031399360634248565,1.7508681538809108,0.14804960837113187,0.10220007683094934,0.03642242655608785,1.5520481583780428,0.2707952457665937,0.0778420603023799,0.029877146739184717,1.119894465120089,0.049264978734258856,-0.21271029675693737,0.007697108583542377,0.6491650776537938,0.01953884039058836
1.0,3490,Baseline,LogReg,0.7,0.7,compas_t1.0_k3490,0.7340248901072518,0.007726918386781951,0.6852027435616019,0.010877529146435805,0.6586583862620541,0.014733600028574918,0.6974762332656296,0.009510919206453264,0.49709357127389914,0.02409769182824808,0.5802284354914751,0.01815972292091151,0.49709357127389914,0.02409769182824808,0.1266880841506952,0.005671371506980312,0.8733119158493048,0.0056713715069803125,0.5029064287261009,0.024097691828248072,-0.526364258571416,0.024809627212725064,0.2139588126045155,0.01341130471917788,-0.40493706641357646,0.027217260072106137,0.4599194090353459,0.03375467036828351,-0.489009869463905,0.05317793582405813,0.10548994581997881,0.022106476529669076,0.489009869463905,0.05317793582405813,2.09917938012865,0.21937654458987488,0.40493706641357646,0.02721726007210613,2.636515684932797,0.2125194368950483,0.13021570961285828,0.026966467227292845,1.2069574723163368,0.04966986401006498,-0.44697346793874076,0.026504368985020794,0.28270467742766237,0.01585389437100194
1.0,3490,Baseline,XGBoost,0.7,0.7,compas_t1.0_k3490,0.7692450029901303,0.005476645853851087,0.7652166823469609,0.0069391588729239735,0.7649315972139386,0.007075577476621482,0.6679485469112256,0.00844907144580102,0.7496863337027271,0.01900892746475878,0.7062924850915768,0.008513899466671616,0.7496863337027271,0.01900892746475878,0.21925296900880528,0.011009195268553502,0.7807470309911947,0.011009195268553486,0.25031366629727286,0.019008927464758792,-0.4039383989107585,0.03366188792430044,0.4450432253655472,0.03483268185291242,-0.1059598219329763,0.020793823344998196,0.870078926904376,0.025431996375087383,-0.4329260031850706,0.06793129536740718,0.27121017678629117,0.058634524871874566,0.43292600318507046,0.06793129536740715,2.0902737241641267,0.27556713441740877,0.1059598219329763,0.020793823344998227,1.578154729008366,0.12185930791344078,0.1468402601181187,0.03242517618189023,1.225826880894299,0.05543928731090945,-0.2694429125590234,0.039922665005893955,0.5706445518453337,0.03672768081097496
1.0,3490,FairSmote,LogReg,0.7,0.7,compas_t1.0_k3490,0.7465433656209213,0.01252752775246258,0.719577932853128,0.014485419371254532,0.7119216857486561,0.015773297337887876,0.6721319082616894,0.017373407703607853,0.6156877730648223,0.02395109234194585,0.6425620414214663,0.019539712284212998,0.6156877730648223,0.02395109234194585,0.17653190735856653,0.010077691874548916,0.8234680926414335,0.010077691874548912,0.38431222693517775,0.023951092341945843,-0.19709265228031597,0.019636953079054286,0.5994918786552917,0.024686885792891463,0.05399227171039252,0.04254237045198936,1.0936936523885115,0.07259271740212192,-0.20364224170324272,0.04169288039452395,0.4262759117619873,0.06660433168585972,0.20364224170324272,0.04169288039452395,1.3184675086885167,0.07895554475157311,-0.0539922717103925,0.04254237045198937,0.8724189043082513,0.10316933376099588,0.17925031267830221,0.027167153541529383,1.2956523716552195,0.0504422831636199,-0.0748249849964251,0.02449492647517136,0.7599847820752494,0.035817600581730294
1.0,3490,FairSmote,XGBoost,0.7,0.7,compas_t1.0_k3490,0.7494402126702957,0.00592576286577095,0.7594728311536699,0.0035120729874931196,0.7584022398476441,0.003923834508081592,0.6271886193660359,0.009396780098077364,0.7981316952628428,0.009219957160440476,0.7022975801794803,0.0035295779679351004,0.7981316952628428,0.009219957160440476,0.2791860329555028,0.01394884307087249,0.7208139670444972,0.01394884307087249,0.20186830473715717,0.009219957160440473,-0.142421491610901,0.03775724047490346,0.7578844355540645,0.05051189716378899,0.21696291776828688,0.04810506777086135,1.3328784642199614,0.0945982596667625,-0.20589835106581006,0.06849090427655048,0.5616257590090558,0.11321107775066964,0.20589835106581011,0.0684909042765505,1.3950590801956826,0.15428659818507812,-0.21696291776828688,0.048105067770861355,0.3645552867023048,0.07082940624523626,0.17295474383050757,0.04243702492496023,1.2844854866202724,0.08145722191104049,0.00553228335123841,0.04135421332343582,0.9472521116145085,0.06719605802060015
1.0,3490,Massaging,LogReg,0.7,0.7,compas_t1.0_k3490,0.7280454150606539,0.012816735569770263,0.6917389348249141,0.01408124535145721,0.677342574949784,0.015489321803907835,0.6584419874516492,0.020950120601306695,0.5518488797177322,0.02123244996544454,0.6003354042979503,0.019592930438139502,0.5518488797177322,0.02123244996544454,0.16837101006790395,0.01198315324077659,0.831628989932096,0.011983153240776607,0.4481511202822678,0.02123244996544457,-0.04515399642545409,0.01357122389302787,0.8704691738950074,0.0340367330142051,0.19709443427564236,0.03281992761043111,1.4609769938113808,0.08204268805860947,-0.05605237630449957,0.03124328257325101,0.7545140798794435,0.1370638151615015,0.05605237630449959,0.031243282573250975,1.072780497077288,0.04079242940180819,-0.19709443427564233,0.03281992761043115,0.6551591271580155,0.056330753464844875,0.20705927221842266,0.023828825668879967,1.3649444650804252,0.04639689823709019,0.0705210289855714,0.01745537331347714,1.1077455368454123,0.05951799964326988
1.0,3490,Massaging,XGBoost,0.7,0.7,compas_t1.0_k3490,0.7542967518890202,0.007771249434317724,0.7387375703313209,0.008832837439728916,0.7361111875216482,0.009482973203054136,0.6650350080489629,0.013563963148958344,0.6787780070566957,0.021927943476658503,0.6715516807861956,0.011528454384182995,0.6787780070566957,0.021927943476658503,0.20130286639405384,0.014426510149998984,0.7986971336059462,0.014426510149998973,0.3212219929433044,0.02192794347665852,-0.0603770528763255,0.03168962498233973,0.8602211845339319,0.06955900042495682,0.2615085982871218,0.046380108874665836,1.5108405267245166,0.10376772272930983,-0.09739043891493013,0.05348826131656621,0.6795449979686432,0.17067178707156447,0.09739043891493011,0.05348826131656621,1.1404615437736472,0.07909299608760655,-0.2615085982871218,0.04638010887466582,0.4621882501268864,0.0828858213834886,0.20781744373364974,0.03320987541951303,1.3521883319592984,0.06702830528679425,0.08205907968609583,0.038373828782945055,1.09519276234658,0.10072679765426192
1.0,3490,FairOversampling,LogReg,0.7,0.7,compas_t1.0_k3490,0.7401907135716999,0.011212049401410297,0.7296647352230361,0.014098801338197194,0.7284044427371059,0.014624900667267977,0.6379396479309019,0.011974093534120425,0.6891168940349268,0.0265408086375005,0.6624323184887426,0.017721456251268718,0.6891168940349268,0.0265408086375005,0.2297874235888547,0.007060257953888173,0.7702125764111452,0.007060257953888189,0.3108831059650732,0.026540808637500517,-0.3414218732484662,0.028592580883891057,0.4858953913512984,0.02384354071535827,-0.08024585903780534,0.038787976413606484,0.8915702373167184,0.05126155378511699,-0.3686849154975857,0.06809660468246632,0.3305492562883553,0.061788972655651545,0.36868491549758575,0.06809660468246632,1.8411097358596542,0.2377234667184323,0.08024585903780534,0.038787976413606456,1.310242301983634,0.16112640935855024,0.14667823418943585,0.03709071677769763,1.235779330923491,0.06546208252025067,-0.22446538726769555,0.02844906697154849,0.6110597468025369,0.02650375977992375
1.0,3490,FairOversampling,XGBoost,0.7,0.7,compas_t1.0_k3490,0.7613985516419526,0.009140479838955676,0.7794734508589056,0.009601354803111915,0.7762823300031264,0.009422959075481137,0.6325015162036982,0.010264775256354844,0.849109633535863,0.016580630903923747,0.7248933363773766,0.010412112152661003,0.849109633535863,0.016580630903923747,0.2901627318180518,0.012126664073478692,0.7098372681819481,0.012126664073478696,0.15089036646413695,0.016580630903923716,-0.31146666968953846,0.025235110866245015,0.5778686135132954,0.028758062871219292,0.03062391250310712,0.024808193315494245,1.0369820111534855,0.030136352901810444,-0.35498247563735513,0.060745078264372164,0.40725565445810474,0.06463129559736953,0.35498247563735524,0.060745078264372136,1.8984030260618094,0.2212331365454621,-0.030623912503107132,0.024808193315494248,0.821186290252957,0.14054987146197584,0.1276698671321889,0.03527843942767238,1.1944650471054616,0.057953140643510426,-0.16217928156712405,0.02932762354693735,0.7221188328057951,0.030974923015490444
1.0,3490,FAWOS,LogReg,0.7,0.7,compas_t1.0_k3490,0.7095499526380807,0.017872090520795914,0.716305587051765,0.01258562546094193,0.7152830540611034,0.013674517307822804,0.5861982022891009,0.022835444772819683,0.7423602353930223,0.022124653830976962,0.6545074514505381,0.012202430916149656,0.7423602353930223,0.022124653830976962,0.30974906128949237,0.036607520367315696,0.6902509387105076,0.03660752036731568,0.25763976460697774,0.02212465383097696,-0.24522567879216117,0.02125421892263005,0.6273986931260547,0.03336369558590008,0.009305131855467419,0.0328176393245949,1.0131216198491502,0.0448664726733956,-0.26808966294998027,0.04865911658481217,0.5051621683524716,0.06796316120285976,0.2680896629499802,0.048659116584812194,1.595402167820922,0.14071857531144455,-0.009305131855467441,0.03281763932459489,0.9678687084789201,0.1241444463845763,0.10586190765882357,0.03518594863463494,1.1700725846257118,0.060962023298061184,-0.12939226554725644,0.018964523026585564,0.759141894100811,0.030131975185468736
1.0,3490,FAWOS,XGBoost,0.7,0.7,compas_t1.0_k3490,0.7528031708477566,0.011344020315716498,0.7754540439057044,0.011143334036221926,0.7704819804551567,0.0112590126860777,0.6193981852408891,0.012216860760888647,0.8627288012533916,0.013861486368626587,0.7210390890044839,0.011749159733297368,0.8627288012533916,0.013861486368626587,0.3118207134419825,0.013792806208939802,0.6881792865580174,0.013792806208939783,0.1372711987466086,0.013861486368626573,-0.26765730709984414,0.03017719039593301,0.6301023456967488,0.0335157202878921,0.07722097936863034,0.026005735111209596,1.0953223242288541,0.03396871275555363,-0.31277975910100264,0.06013236019541152,0.46549753479634576,0.072686127053448,0.3127797591010026,0.06013236019541153,1.7628573846067355,0.19409801034062654,-0.07722097936863039,0.02600573511120956,0.5878966891948024,0.11529384007210206,0.12128605561832213,0.034216959689832675,1.1855384874597485,0.05647906511272292,-0.11777938986618612,0.030756888367876094,0.7804099295125999,0.03670092530755646
1.0,3490,HeterogeneousFOS,LogReg,0.7,0.7,compas_t1.0_k3490,0.7486922872096627,0.013186907211728072,0.7250800433328971,0.014499920298802725,0.7192546412156186,0.015301911335934393,0.6696921985620718,0.019002671895100395,0.6341087418956273,0.0222051007512305,0.6513039493889644,0.01889761494886143,0.6341087418956273,0.0222051007512305,0.18394865522983284,0.012479285345037934,0.8160513447701672,0.012479285345037951,0.36589125810437284,0.022205100751230472,-0.21866141694596744,0.02662585356958369,0.5803083555651248,0.028943113811344005,0.03506564526698754,0.04203801306841417,1.0586345607566774,0.0681456392704565,-0.22399451873732096,0.05186442410206409,0.4123344339751792,0.0773665872238201,0.22399451873732099,0.05186442410206407,1.3668556567971542,0.10630558511097654,-0.03506564526698754,0.042038013068414155,0.9126914631760691,0.11071797046440943,0.1709337776954885,0.02994788674340356,1.278147299901644,0.05356076762921062,-0.09446443673516669,0.029786546536319496,0.7354844973659284,0.03936525568512016
1.0,3490,HeterogeneousFOS,XGBoost,0.7,0.7,compas_t1.0_k3490,0.7541109272896322,0.0024328793297753995,0.761158000337151,0.0038123155113493974,0.7606124234412521,0.0035471553602423505,0.6353960960572346,0.003608445532223498,0.788298495675545,0.012963649112218669,0.7035680642469508,0.004495286040377582,0.788298495675545,0.012963649112218669,0.26598249500124277,0.007224041206469385,0.7340175049987572,0.007224041206469401,0.21170150432445514,0.012963649112218674,-0.17168710253959016,0.03205427235231935,0.7111332248866725,0.046141887130973384,0.17645131403520664,0.04367632126670569,1.262513426209641,0.07127269654088493,-0.22492187050170065,0.061440631362433946,0.5197637816521714,0.10036379897361199,0.22492187050170065,0.06144063136243393,1.4269282255519398,0.13331524004814022,-0.17645131403520667,0.04367632126670567,0.4579781843258083,0.10942518758285423,0.16844779311465372,0.03784753177019418,1.27300133194359,0.07109104109028441,-0.02423527823324699,0.037120626181458304,0.8911386039309063,0.05903131419058175
1.0,3490,FairwayRemover,LogReg,0.7,0.7,compas_t1.0_k3490,0.7312257788525757,0.04276772208911754,0.718125307859902,0.02959286517335946,0.7142318514837857,0.02884879689729174,0.6388961261850278,0.06465826467683464,0.667672946361471,0.032759186082232924,0.6496992647450017,0.02834542897497097,0.667672946361471,0.032759186082232924,0.23142233064166665,0.08263194846650324,0.7685776693583334,0.08263194846650326,0.3323270536385291,0.03275918608223294,-0.28642194000355187,0.054530641739131386,0.5308209808111318,0.0931808384906238,-0.07906763383273448,0.029323818449692424,0.8904156184515586,0.03944655323358836,-0.26042513084017277,0.08475578065449632,0.42437442327108804,0.17203075553407238,0.26042513084017277,0.08475578065449627,1.482571647358944,0.16899355996210977,0.0790676338327345,0.029323818449692455,1.2899251172250539,0.11875988831999973,0.10596113846390251,0.06792943920492196,1.1650386511934858,0.10820069584720102,-0.16974638233645362,0.04484974875841771,0.6573950208613233,0.08894783406836164
1.0,3490,FairwayRemover,XGBoost,0.7,0.7,compas_t1.0_k3490,0.46094732568849384,0.016307679088533516,0.5162852351762358,0.008969101516466646,0.46853065245026115,0.022583151884181814,0.38119672397740995,0.0064930393696528334,0.729502146305425,0.028291087260834933,0.50044736475007,0.005689737546596654,0.729502146305425,0.028291087260834933,0.6969316759529536,0.04046525892274478,0.3030683240470466,0.04046525892274477,0.270497853694575,0.028291087260834923,0.052773023892023006,0.046367176564988316,1.0828103815290862,0.07823453657241373,-0.0382233972838,0.031360455818162374,0.9504764507568181,0.04036196279234175,0.186223832254493,0.07838634214356141,1.3762342969455603,0.23493248401866318,-0.186223832254493,0.07838634214356141,0.6072071078810891,0.1087017334851294,0.03822339728379998,0.031360455818162346,1.172348542600158,0.1488195862233069,-0.23095922523795664,0.037992674287613236,0.6398466931394913,0.04972910394377601,0.07400021748534649,0.05067454375113037,1.1633553738511893,0.1314361816021206
1.0,3490,DisparateImpactRemover,LogReg,0.7,0.7,compas_t1.0_k3490,0.7381355991391916,0.006862376846967246,0.6929906433467389,0.009244657482038777,0.67062636541676,0.012254114014509246,0.6964587916170136,0.011598151711644421,0.5190479829824092,0.021302534106496403,0.5945573638253585,0.01502578161928102,0.5190479829824092,0.021302534106496403,0.13306669628893147,0.00826144943377244,0.8669333037110686,0.008261449433772444,0.4809520170175908,0.021302534106496414,-0.5037405972942779,0.02332282873835432,0.24171651739414912,0.010481050226112697,-0.3568878946060154,0.019625637593983357,0.5188386337038315,0.02519116654840237,-0.4803545524148056,0.053027547303623086,0.11977404856823744,0.026961786030299563,0.4803545524148056,0.05302754730362314,2.0775909507011114,0.2211780248945715,0.3568878946060154,0.019625637593983364,2.3946443392594046,0.1506816150084723,0.14136469059017792,0.026908542726674024,1.2259552500547193,0.04879523229155368,-0.41862122351041053,0.022022397846260918,0.31930634113603446,0.008774710680367854
1.0,3490,DisparateImpactRemover,XGBoost,0.7,0.7,compas_t1.0_k3490,0.768497644999498,0.008897338255151193,0.7638441614118106,0.010778846547205071,0.7634811229103476,0.010978930481697666,0.6678471489481825,0.011357995190093917,0.745902276230145,0.02337432648943733,0.7045314137900853,0.013108186082754233,0.745902276230145,0.02337432648943733,0.21821395340652378,0.011934590100357184,0.7817860465934763,0.011934590100357195,0.25409772376985496,0.023374326489437356,-0.4103198374702594,0.028039282579950385,0.4381653153538786,0.031805488817300075,-0.11526179016111901,0.0230747836339565,0.8589557971573845,0.028620184534295354,-0.43894379324003807,0.05386987279968443,0.26427327642046977,0.049973549488441585,0.43894379324003807,0.05386987279968443,2.1004903902874767,0.21374051143859465,0.11526179016111901,0.023074783633956503,1.6364355190613125,0.12937122721342975,0.14639910724519395,0.028217977652264727,1.2248198912341317,0.04978875104392863,-0.27710279170057855,0.033624342250395955,0.5616145367889273,0.033317313667986126
1.0,3490,LearningFairRepresentations,LogReg,0.7,0.7,compas_t1.0_k3490,0.6835767197614879,0.005285060781689765,0.6049108612751585,0.009334389522038614,0.5229276377765733,0.020298938947974438,0.6584160246308015,0.005418553301673316,0.3017966550753436,0.02540449106236131,0.4132970954301799,0.024583571670591674,0.3017966550753436,0.02540449106236131,0.09197493252502678,0.007090047663998882,0.9080250674749732,0.0070900476639989074,0.6982033449246564,0.025404491062361298,-0.4640276592770046,0.026653047648864305,0.12012731010230777,0.03122383484253691,-0.40991164440828876,0.025947240869251754,0.2641850340592978,0.05051051694973494,-0.45336199295603163,0.037529069309227635,0.05726440278731767,0.02338389324777756,0.45336199295603163,0.037529069309227635,1.8796806658310292,0.12549477387062377,0.40991164440828876,0.025947240869251736,1.930051976480129,0.084478738817158,0.18266307448733987,0.012567102622508602,1.3374018454655927,0.03280158752249438,-0.43163681868216025,0.0311571564471483,0.16072471842330774,0.03675166079599421
1.0,3490,LearningFairRepresentations,XGBoost,0.7,0.7,compas_t1.0_k3490,0.7558858861480572,0.003597001587761602,0.7442120719664477,0.0058634024494700395,0.7427883597721839,0.006466046578570598,0.6610051239443664,0.0023408793205838808,0.6992229992229992,0.015000938199608285,0.6795085232223136,0.007795820894826227,0.6992229992229992,0.015000938199608285,0.21079885529010384,0.0038675899485073623,0.7892011447098961,0.0038675899485073753,0.30077700077700076,0.015000938199608295,-0.4076006332916429,0.027005358112296207,0.4229920041302376,0.027281480604904484,-0.12650577361986762,0.03616482521515321,0.8380404925913674,0.04480408088363213,-0.44760180189804677,0.0477289797776391,0.24896118245423665,0.03432869888912552,0.44760180189804677,0.04772897977763908,2.122582816194137,0.210675088731653,0.1265057736198676,0.03616482521515324,1.580197628582826,0.18473703557686463,0.1612345358065463,0.025408581648104556,1.2567407291361907,0.04691777321130485,-0.28705378775895724,0.03285103332970284,0.543500837522802,0.031591636290595006
1.0,3490,ReweighingClassifier,LogReg,0.7,0.7,compas_t1.0_k3490,0.7247760021301951,0.00890141024659924,0.6637716612392104,0.009934192082326345,0.6206208015742601,0.01285719280515225,0.7139634267954307,0.022196922196056377,0.4287143184684169,0.017394144114607824,0.5355094435114645,0.01657206126226171,0.4287143184684169,0.017394144114607824,0.10117099598999588,0.010146461472455745,0.8988290040100042,0.010146461472455725,0.5712856815315832,0.017394144114607827,-0.11691694281860124,0.012285420335146941,0.6266552505943738,0.024945781321327343,0.059100625946263544,0.023449342687880518,1.151912763033066,0.06204221818824408,-0.10429024423575997,0.03235817380393101,0.4665242443110643,0.11822322712421285,0.10429024423576001,0.03235817380393104,1.130350441487633,0.043390116493199495,-0.05910062594626351,0.02344934268788047,0.9030624329181329,0.03816819432550282,0.21867566474840258,0.02175586180124267,1.3942048537501759,0.04665510056973218,-0.022594809144748207,0.015605314158996443,0.8092185036720652,0.04469953125300743
1.0,3490,ReweighingClassifier,XGBoost,0.7,0.7,compas_t1.0_k3490,0.7498135206275345,0.007304892587496098,0.7334589778578771,0.008959676833459733,0.730583223112683,0.00964521131663835,0.6596602984948865,0.011227372775497409,0.6704472212668934,0.02166749829686769,0.6647904801601837,0.011799214860756937,0.6704472212668934,0.02166749829686769,0.2035292655511391,0.01204376297336631,0.7964707344488609,0.012043762973366307,0.3295527787331066,0.021667498296867694,0.026278101686888423,0.040216625562665836,1.0861280435353506,0.12624595859844806,0.3601319684541161,0.03974220914791696,1.820404383280175,0.14821418415230825,-0.01746432404196412,0.05112811751887643,0.9731080524929834,0.2950069734635844,0.01746432404196414,0.05112811751887641,1.025690757857518,0.06349589360260251,-0.36013196845411616,0.03974220914791696,0.3515819718865369,0.040207997140760884,0.2231426883658481,0.023811866648918916,1.3873983730004156,0.05093834485103228,0.171333822206076,0.040340873860438095,1.3967562178865793,0.1993823873325496
1.0,3490,FairBalanceClassifier,LogReg,0.7,0.7,compas_t1.0_k3490,0.7339311702540957,0.013594915554392123,0.7115925532737938,0.01528102999634036,0.7062832459334989,0.016189817710584215,0.645023402179881,0.018410030330722717,0.6255279783968308,0.023137766091167463,0.6350604062336357,0.01993508821670184,0.6255279783968308,0.023137766091167463,0.20234287184924318,0.010775786538060864,0.7976571281507568,0.010775786538060878,0.3744720216031691,0.02313776609116747,-0.16863341255776518,0.030782843573253133,0.6575234998837566,0.04539559097693859,0.09019185139990511,0.044112316711070604,1.1597989163417075,0.07779766995709543,-0.1904443860183404,0.05292356727476784,0.49033636615924286,0.1022234192521566,0.1904443860183404,0.05292356727476787,1.3069402553767522,0.09713120661654331,-0.09019185139990507,0.044112316711070604,0.7927365727750935,0.10184880228058533,0.1803286315081485,0.027772477253894128,1.3038659381738968,0.050502209591450346,-0.05012626730921763,0.03418350032688733,0.8250676412504753,0.05960361916701694
1.0,3490,FairBalanceClassifier,XGBoost,0.7,0.7,compas_t1.0_k3490,0.7500006111215389,0.007205425357741857,0.759451945434253,0.005981985487899353,0.7585097080974972,0.006122680817506699,0.6283568932411374,0.010133924633782201,0.7958637446342365,0.010155330433782908,0.702168281252764,0.006479693270315852,0.7958637446342365,0.010155330433782908,0.2769598537657304,0.013189142276383922,0.7230401462342696,0.01318914227638391,0.20413625536576357,0.010155330433782906,-0.1395132722965135,0.04659994155149885,0.7616216307628431,0.06822560493025663,0.20472962285042823,0.052757352889995925,1.310138620768814,0.08777250276025457,-0.1855539823671868,0.0813406409939092,0.5969142690791625,0.16011201613686635,0.18555398236718676,0.08134064099390918,1.3469122287262496,0.161155082854614,-0.20472962285042823,0.052757352889995904,0.3928534111362591,0.12347349694498841,0.15941298852442293,0.04373800847323649,1.2576872409200148,0.07892955273865603,0.00958782024162073,0.052549045958184985,0.9535264449239884,0.09321730178473066
1.0,3490,FairMask,LogReg,0.7,0.7,compas_t1.0_k3490,0.7381353808814992,0.009142912840461362,0.7063516528888111,0.011033864789021823,0.6955361587918103,0.012574007534568096,0.6672452250375827,0.013031428747483437,0.5838950666819518,0.02078872841419423,0.6226603785919981,0.015567283375648194,0.5838950666819518,0.02078872841419423,0.17119176090432964,0.008461076857834265,0.8288082390956705,0.008461076857834248,0.4161049333180481,0.020788728414194248,-0.3557793404345631,0.016120579658653232,0.40543806006713945,0.010071168564474117,-0.14220188461799202,0.03032919537238357,0.7886883016719869,0.04398536970679587,-0.36455479886813685,0.04482832559317226,0.24855434099519552,0.03469193887200853,0.36455479886813685,0.044828325593172284,1.7166357571014879,0.13433220462597675,0.142201884617992,0.030329195372383558,1.4356365909824942,0.09875882411330102,0.16463476277383754,0.026087824587302185,1.2704385059704817,0.047683337987824245,-0.2533783417430644,0.018297238711880884,0.5186213213335911,0.014045703370091558
1.0,3490,FairMask,XGBoost,0.7,0.7,compas_t1.0_k3490,0.7690577815415105,0.0073753832675099405,0.7625711014516284,0.008911674590586892,0.7620603975946856,0.009140591319444946,0.6712702147279928,0.009802485805433157,0.7375724457691671,0.019082381563688668,0.7027336229810426,0.010991039760885135,0.7375724457691671,0.019082381563688668,0.2124302428659101,0.009687025996258626,0.7875697571340898,0.009687025996258638,0.26242755423083286,0.019082381563688668,-0.3878389010853369,0.03802685383870941,0.45161346595823615,0.03668394900236494,-0.09305312634171695,0.026506899879509452,0.8833431150961457,0.03227378715735699,-0.41432665263977697,0.07024835391843692,0.27552423378881225,0.06085712514155419,0.41432665263977697,0.07024835391843688,1.9910756160741285,0.25425726418335054,0.09305312634171696,0.026506899879509452,1.4636290640050509,0.1470581075376877,0.15083367025758643,0.02980831777158287,1.2329077699401458,0.05155437709188173,-0.25368988949074694,0.04377552600769722,0.5794336744424791,0.04063944779157181
1.0,7615,Baseline,LogReg,0.8,0.8,compas_t1.0_k7615,0.800120807032825,0.007654726602025031,0.6912037989545549,0.011232976431803378,0.6502706281805062,0.014771833731522493,0.6901410095083991,0.019473620720966082,0.457228336326697,0.019488114618103545,0.5499675624560887,0.019610898737074306,0.457228336326697,0.019488114618103545,0.07482073841758709,0.004592133399098776,0.9251792615824129,0.004592133399098799,0.542771663673303,0.01948811461810355,-0.5760128270526874,0.022463620413746235,0.12437260385762297,0.006529334975165902,-0.43005536347818224,0.039755315337461655,0.4082480313268734,0.037248707502210744,-0.5246465563708232,0.03854070774911555,0.051187993661635775,0.006322212501733412,0.5246465563708232,0.03854070774911556,2.1915697315012146,0.21165921377071212,0.43005536347818224,0.039755315337461655,2.600305317201756,0.2972826812382307,0.22048485856108785,0.026967399566075568,1.36037761038609,0.059390521651888115,-0.47735095992450277,0.024024127575385006,0.22971801249425453,0.01685536625074617
1.0,7615,Baseline,XGBoost,0.8,0.8,compas_t1.0_k7615,0.8337039113323683,0.00499976890130796,0.8075804821421675,0.011712703877200161,0.8054650970989341,0.012823797383294895,0.6678349215345123,0.005083301811794967,0.7514575133427592,0.026887525514457902,0.7069804938962302,0.013278922464170145,0.7514575133427592,0.026887525514457902,0.13629654905842423,0.004664855041236907,0.8637034509415757,0.004664855041236904,0.2485424866572407,0.02688752551445788,-0.5078832331797127,0.032398095940457027,0.2995556015030828,0.020363654505545288,-0.09994441054843739,0.041322766948680006,0.8781891052035006,0.047463460230916237,-0.4945952015211136,0.03647552825830181,0.15814960483198498,0.017389527898833166,0.49459520152111364,0.03647552825830182,2.2111649680971155,0.1783340521725769,0.09994441054843739,0.041322766948680034,1.5957508342396067,0.37422384756838495,0.21285879955882864,0.015296909911461824,1.325173005412333,0.03102978983326031,-0.2972698060347755,0.03606445299322559,0.5181693550177429,0.03076751331961062
1.0,7615,FairSmote,LogReg,0.8,0.8,compas_t1.0_k7615,0.8101685317237857,0.008067613304445073,0.7509588030562998,0.012872709000494961,0.7399562885140021,0.014891193353865089,0.651196928589201,0.014619630575561588,0.6237660336020993,0.02510631106782265,0.6370200943250293,0.017975896790959574,0.6237660336020993,0.02510631106782265,0.12184842748949958,0.006374414750762978,0.8781515725105005,0.006374414750762987,0.37623396639790074,0.025106311067822677,-0.285568417035394,0.029748457660999768,0.42369603849502513,0.03451624614670013,0.07549137911554013,0.053628444233083786,1.1342591032144116,0.09472733613262385,-0.2696122649495867,0.032589319339037526,0.26832911466957815,0.02511693295180882,0.2696122649495867,0.03258931933903755,1.4301322624798556,0.0724410472147772,-0.07549137911554019,0.05362844423308374,0.8269833858306352,0.12510091429704687,0.25351777889456095,0.015990183514841966,1.4246988344918903,0.03899242038401809,-0.09706044291702327,0.038791826696309546,0.7012941089419947,0.0584491856416937
1.0,7615,FairSmote,XGBoost,0.8,0.8,compas_t1.0_k7615,0.813743323717136,0.002898161950234312,0.8192859985709603,0.006200171041111461,0.8191220482030109,0.006129357051238307,0.6115482620507788,0.005164363639063603,0.8311905307806947,0.01703768059276175,0.7045444582857732,0.006020676499652069,0.8311905307806947,0.01703768059276175,0.19261853363877407,0.0064920965817028406,0.8073814663612259,0.00649209658170285,0.16880946921930529,0.01703768059276175,-0.2658920759194254,0.009774778540468555,0.5456240280667609,0.015073814446626001,0.24296974216437306,0.024727362319504228,1.3581112080311766,0.039771906645590924,-0.2714863069021501,0.022144830477356464,0.3838897220587636,0.02925610592576198,0.2714863069021501,0.022144830477356388,1.4862646028529056,0.05325051538199607,-0.24296974216437306,0.0247273623195042,0.2418641695650836,0.07013938013750634,0.2172558873577203,0.018734864520008675,1.3443002326191544,0.03674161925045982,-0.014258282368888509,0.014965076115277485,0.8710004650449701,0.020879386265646727
1.0,7615,Massaging,LogReg,0.8,0.8,compas_t1.0_k7615,0.7901405587097845,0.0045842890704189026,0.7054713712092096,0.008526980411221198,0.6815183402827689,0.011124985827797813,0.62889807750884,0.008582971606108552,0.5235880239978601,0.01775235834590945,0.5713327455130374,0.013132263522284027,0.5235880239978601,0.01775235834590945,0.11264528157944091,0.003204942431725462,0.887354718420559,0.0032049424317254728,0.47641197600213997,0.01775235834590947,-0.03908624631115175,0.03163785876960861,0.8559322865578375,0.11341995282259192,0.32829819447269115,0.079421970142334,2.0689878018293775,0.3614433689417632,-0.049085902020040165,0.015730039175855366,0.6939850704370542,0.06994340177008099,0.04908590202004013,0.015730039175855373,1.0585735218947767,0.019844807609653025,-0.32829819447269115,0.07942197014233396,0.5228513233165908,0.09329675867944266,0.31789523649983353,0.030113237178882677,1.6092626677522504,0.08141238710847444,0.13960614622632547,0.04077650176385264,1.3814864361332158,0.1870514512450095
1.0,7615,Massaging,XGBoost,0.8,0.8,compas_t1.0_k7615,0.8083478978734823,0.007094530267780021,0.7582953276773916,0.012389960914885501,0.7504970398932704,0.01424306343766374,0.6387006391716883,0.01073267026432173,0.6507709503611142,0.02454853431596458,0.6445654467295723,0.01675003260001978,0.6507709503611142,0.02454853431596458,0.13418029500633136,0.003833408371816216,0.8658197049936686,0.0038334083718161976,0.3492290496388857,0.024548534315964602,-0.031219329921686623,0.01845108953327719,0.8974262246262248,0.05872815018163976,0.4383124307956523,0.04699099822540478,2.1721839924901634,0.17783800757523988,-0.047047166283852346,0.02229594037675164,0.7455360026777471,0.09401210991331067,0.047047166283852374,0.02229594037675164,1.0579197050721114,0.02873514473344368,-0.4383124307956523,0.0469909982254048,0.29711229309850623,0.061027281814373294,0.3065115815875199,0.021583399553484303,1.5569662146365109,0.057732140257191256,0.19563263225589997,0.027580982074417972,1.4588599975839553,0.09566120167685101
1.0,7615,FairOversampling,LogReg,0.8,0.8,compas_t1.0_k7615,0.8023458669871812,0.007609826965596662,0.7660575361351392,0.012378231542148887,0.7619232794934128,0.013515880859527388,0.616744972109337,0.01250332490031278,0.6881067930248259,0.025829861631977282,0.6502870143851949,0.01563378793879159,0.6881067930248259,0.025829861631977282,0.15599172075454765,0.007863562149847582,0.8440082792454524,0.007863562149847573,0.3118932069751742,0.0258298616319773,-0.42396341989242775,0.022821320062504816,0.3500831193013398,0.02149626153130191,-0.03775698822678684,0.05458106426887146,0.9488511196500975,0.07450751522578344,-0.44350057921234676,0.0327922407382263,0.20852438314455016,0.01033790212414585,0.44350057921234676,0.03279224073822629,2.0229433588571593,0.18007528901067477,0.03775698822678688,0.05458106426887146,1.1440810348965869,0.20511635119403582,0.2368244345445393,0.0236921690651284,1.3938811253741428,0.05574163125569879,-0.24062878371956678,0.0322259533221246,0.5786877513973238,0.04039264003687169
1.0,7615,FairOversampling,XGBoost,0.8,0.8,compas_t1.0_k7615,0.8195427208190862,0.0047245968490509825,0.8329448718848317,0.011011065223994785,0.832275620961432,0.010599967886386378,0.6161512862964271,0.0062669444718999635,0.8617285719744736,0.027675732375925948,0.7183381132278847,0.010720314038855514,0.8617285719744736,0.027675732375925948,0.19583882820481013,0.008136790020739046,0.8041611717951899,0.008136790020739058,0.1382714280255264,0.02767573237592596,-0.4212560720887749,0.032012774069489686,0.4198686596088822,0.0192763459593851,0.07340022145391274,0.039479463181082246,1.0918591178690564,0.049522491448647336,-0.42808302025651523,0.03642244074389548,0.27023543264069094,0.01884433168404254,0.42808302025651523,0.03642244074389547,2.050585845947709,0.18796203134788383,-0.07340022145391273,0.03947946318108222,0.6301973001336174,0.19414910240700003,0.19393903623289716,0.021090483678122874,1.296161815299572,0.04175579478359225,-0.17734139940130125,0.036808637403475675,0.6810472752548736,0.03132093787868278
1.0,7615,FAWOS,LogReg,0.8,0.8,compas_t1.0_k7615,0.7970862580863047,0.007168978545234184,0.77713716927937,0.004865544628964625,0.7757641988154098,0.0052811452454147485,0.598713102670431,0.015106768746038036,0.7342867514998662,0.019788144984193744,0.659221025083779,0.00624499238963784,0.7342867514998662,0.019788144984193744,0.18001241294112616,0.015466132093822626,0.8199875870588738,0.015466132093822608,0.2657132485001338,0.019788144984193713,-0.38857360335975405,0.02875438768998646,0.40485397281502095,0.032752299398421746,0.0340320430253316,0.049222947289590153,1.0498282977624127,0.07045267789337356,-0.4160050049126487,0.03708676475979329,0.25661702582202817,0.03224096486273432,0.4160050049126487,0.037086764759793306,1.9569137824469394,0.17242264640335106,-0.034032043025331624,0.04922294728959012,0.8924811333778331,0.16684593785752533,0.22905449020316632,0.02387098035520257,1.3799772694759966,0.053967321906644036,-0.19098648094365858,0.03271681397479522,0.6532226617922204,0.045861034942147653
1.0,7615,FAWOS,XGBoost,0.8,0.8,compas_t1.0_k7615,0.8171149815958036,0.003691178332115845,0.8360956614540698,0.004461369781594558,0.8350455644862542,0.004228231157231137,0.6098722175478652,0.0066247475130432444,0.8768654387506848,0.013129076442126021,0.719307946836915,0.004692080589404312,0.8768654387506848,0.013129076442126021,0.2046741158425453,0.0075404205667159475,0.7953258841574546,0.007540420566715953,0.12313456124931535,0.013129076442126021,-0.39888721035535124,0.03003616441811395,0.4445140494742891,0.02428735445336283,0.09981560572164597,0.0331709475306579,1.1232935795629453,0.0426927650023939,-0.3979470685704327,0.04353961871178022,0.3002205630235696,0.02787208429846435,0.39794706857043277,0.043539618711780206,1.9375127170408493,0.19282387058166237,-0.099815605721646,0.03317094753065788,0.4708029643609888,0.14208117586588312,0.18321471668343942,0.012045016311028561,1.27620216476741,0.022875260882312235,-0.14906573142439336,0.03764017769094656,0.7117570712932575,0.03428805983865792
1.0,7615,HeterogeneousFOS,LogReg,0.8,0.8,compas_t1.0_k7615,0.8106405024226222,0.00804590310956097,0.759536868134683,0.013045086870194839,0.7513880052601637,0.014872645209871417,0.6446088178252268,0.014212654807582608,0.6497570280357166,0.02652578510370821,0.6469593850307492,0.01751141821749022,0.6497570280357166,0.02652578510370821,0.13068329176635052,0.007490084715063354,0.8693167082336494,0.007490084715063339,0.35024297196428344,0.026525785103708194,-0.31929950823753556,0.025545682783319597,0.40495520073212515,0.02602318267105034,0.05039432354868596,0.04573245273879119,1.0831284810063748,0.07510233697824992,-0.3053690853300917,0.03327334329291449,0.2546182192003434,0.01982630868359266,0.3053690853300917,0.03327334329291449,1.5219269157651119,0.08605401892785859,-0.05039432354868596,0.04573245273879116,0.8712306277045456,0.1189697855722406,0.2433410290611338,0.013248773894896733,1.4012880897499154,0.031567549989457294,-0.12748738089070286,0.032371409032541994,0.668873350103359,0.04489908676242235
1.0,7615,HeterogeneousFOS,XGBoost,0.8,0.8,compas_t1.0_k7615,0.81644065002007,0.0023693628347530972,0.8170401709348042,0.004353986656870348,0.8169882330549777,0.004363309245778925,0.6183845173540972,0.005039960598725009,0.8183241621766211,0.013018201837718216,0.7043624597380367,0.004146048417563246,0.8183241621766211,0.013018201837718216,0.18424382030701286,0.005892109956318544,0.8157561796929871,0.005892109956318542,0.18167583782337882,0.013018201837718214,-0.29739220376171205,0.021836015095107283,0.5064385654962748,0.0239797648865134,0.2008442365489346,0.045168888098400216,1.2924275110010641,0.07462383739832557,-0.30452370508136756,0.008872840492470703,0.34046390199142473,0.01270714004028298,0.30452370508136756,0.008872840492470667,1.5660640502712238,0.024307775461457622,-0.20084423654893452,0.04516888809840019,0.35251012272445376,0.1071045374857635,0.22098300096438006,0.016883104660581832,1.3504430314766915,0.03492907883490832,-0.051839734266216506,0.02546022647900406,0.8164457064962443,0.04135974841739035
1.0,7615,FairwayRemover,LogReg,0.8,0.8,compas_t1.0_k7615,0.7985049447419261,0.02730443071317262,0.7551862052519221,0.01291676046991812,0.7485444936982163,0.011204402531323364,0.6229921018881919,0.06346153595535202,0.6621272625370986,0.030480639283461907,0.6387053652054662,0.023976712019836338,0.6621272625370986,0.030480639283461907,0.15175485203325417,0.04628154746991002,0.8482451479667457,0.04628154746991002,0.3378727374629014,0.03048063928346191,-0.3998698217051432,0.04002438656249961,0.3560400762340544,0.06793188396214292,-0.09660994734820236,0.03923811693772056,0.8666906540053196,0.05513509196879306,-0.3458826931782436,0.04750972055075805,0.2579473625041401,0.10027041660941752,0.3458826931782436,0.047509720550758076,1.6515154282597073,0.10245176164053675,0.09660994734820239,0.03923811693772057,1.354282911928302,0.1403889664124035,0.18044227637361188,0.04034690250428816,1.2792609229968777,0.06513345069892207,-0.22124632026322297,0.037377181940646986,0.5623190082547299,0.06854693719247773
1.0,7615,FairwayRemover,XGBoost,0.8,0.8,compas_t1.0_k7615,0.3457420410521037,0.02094239175281384,0.4760542226451111,0.012927549800725907,0.38293595909441175,0.030445348821431996,0.2554736447526166,0.006085942352898618,0.7559940514858547,0.029006833246141315,0.3817826762775537,0.008667570457985151,0.7559940514858547,0.029006833246141315,0.8038856061956325,0.03487096197859488,0.1961143938043675,0.03487096197859489,0.2440059485141452,0.029006833246141304,0.0987989055524697,0.05085667729119862,1.1412534190509795,0.07431598462069085,-0.09157842406164554,0.0414261997816367,0.888093791570258,0.04954690633661766,0.28131130222151,0.05798209594873726,1.5185208601622338,0.12548708904103426,-0.28131130222151,0.05798209594873721,0.3823004987068897,0.10057447639333678,0.09157842406164554,0.04142619978163668,1.5284843719608858,0.3031263281781497,-0.3899296552540661,0.031618490888636816,0.4193571926041727,0.04062793722184483,0.09486643907993222,0.04808500782270353,1.203307325866246,0.08461926342636873
1.0,7615,DisparateImpactRemover,LogReg,0.8,0.8,compas_t1.0_k7615,0.800660458780172,0.006743334213377192,0.6967006983832918,0.0099743175320819,0.6598465897304528,0.012829848762518936,0.6832817882729213,0.016218836850839247,0.4733756225559505,0.017192151525652666,0.5592379817159909,0.017027860992037576,0.4733756225559505,0.017192151525652666,0.07997422578936696,0.003697463920633053,0.920025774210633,0.003697463920633069,0.5266243774440496,0.017192151525652663,-0.5555692945079037,0.01672214882231783,0.1437149358582129,0.005134427138819885,-0.3740532845230832,0.025493957773330772,0.47116126396537705,0.026997355724733215,-0.5258083263056287,0.02976568854286228,0.05966230996380465,0.007431465893200389,0.5258083263056288,0.029765688542862358,2.2025998861254146,0.15493826018749304,0.3740532845230832,0.025493957773330824,2.2888549102731854,0.16722148481555796,0.23773057899330813,0.019445912184846228,1.3961672952382957,0.04546877521557516,-0.4499308054143559,0.015199635618231578,0.26541178696459083,0.01187039596870677
1.0,7615,DisparateImpactRemover,XGBoost,0.8,0.8,compas_t1.0_k7615,0.8318157556295691,0.004669385293438724,0.8042061885848536,0.008742819393262201,0.8019467841511702,0.009528630588670362,0.6655816689965413,0.006197882839954128,0.7448931305488682,0.018312368158909364,0.7029322264234189,0.010653866025703687,0.7448931305488682,0.018312368158909364,0.1364807533791607,0.003261245587471047,0.8635192466208392,0.003261245587471038,0.25510686945113176,0.01831236815890934,-0.50201155492747,0.02950816882391591,0.3013936789930322,0.02047409516121124,-0.10397351591982466,0.041941126202950596,0.8725404155376054,0.05018662624064663,-0.48303641079347504,0.04113125971322714,0.16339073434051504,0.01923046992335027,0.48303641079347504,0.04113125971322717,2.1573322063572107,0.19215498276900428,0.10397351591982465,0.04194112620295062,1.5742566449130393,0.26967314123356584,0.20864610693996788,0.017218560288626145,1.318014880042586,0.033115176017962863,-0.2935049633566499,0.03768541352255211,0.5179655749390601,0.03158361510550008
1.0,7615,LearningFairRepresentations,LogReg,0.8,0.8,compas_t1.0_k7615,0.7663357057329897,0.004331233489951835,0.6070714987004747,0.0070551288314106815,0.5013370767373457,0.012600933556287476,0.6551175696521484,0.017550165224879958,0.26494389035372645,0.012997175746005799,0.377240574204017,0.015825951394473618,0.26494389035372645,0.012997175746005799,0.05080089295277705,0.001971040489946765,0.949199107047223,0.0019710404899467566,0.7350561096462735,0.012997175746005804,-0.4965479979562028,0.018696208732911834,0.04959074103780833,0.0044108161156950244,-0.4656466228278309,0.030891016460449172,0.16253239918129075,0.028038410122864586,-0.4612452337055723,0.018705900688381637,0.02087428080715465,0.004277238332404676,0.4612452337055723,0.01870590068838164,1.8742072126230478,0.06523947396668751,0.4656466228278308,0.030891016460449196,2.0554058876630186,0.13285851165749113,0.2649588247074427,0.016875904426688605,1.4872309737771139,0.043948438172038966,-0.46344592826670167,0.01770209315188399,0.09170333999422271,0.012602022760346849
1.0,7615,LearningFairRepresentations,XGBoost,0.8,0.8,compas_t1.0_k7615,0.8210262002526669,0.005350969288665105,0.7764074444094013,0.008421674169947635,0.7704054726233347,0.00939752646520944,0.6602449358065321,0.009407519104666704,0.680552689569083,0.016641725911729775,0.6701671141497278,0.011167827328894687,0.680552689569083,0.016641725911729775,0.12773780075028016,0.004659533921149705,0.8722621992497197,0.00465953392114973,0.31944731043091695,0.01664172591172977,-0.4975707110592185,0.0214884131582136,0.27985745801745865,0.010792779280510421,-0.14997175332745802,0.029885632105563862,0.8071012177429843,0.033530210663264566,-0.4767371649295692,0.018297453427626117,0.15192499424449118,0.006739710134427137,0.4767371649295692,0.018297453427626093,2.092715963000652,0.09047000993827313,0.14997175332745802,0.02988563210556388,1.6892593323685063,0.22103002350544862,0.21475926394750955,0.011848907773689977,1.3351228159403847,0.02500778265627481,-0.3133544591285136,0.021629129909375596,0.47951310599373775,0.01895180832827801
1.0,7615,ReweighingClassifier,LogReg,0.8,0.8,compas_t1.0_k7615,0.7875782761118421,0.0037184275811259914,0.6509041198630819,0.0053791337452142995,0.580883076360074,0.00787440286576508,0.7012950985330394,0.012781617025040628,0.3573022150891004,0.00917005770854698,0.4733861281342235,0.010615763143270599,0.3573022150891004,0.00917005770854698,0.05549397536293671,0.0023517339543099682,0.9445060246370633,0.0023517339543099847,0.6426977849108996,0.009170057708546984,-0.10736120505105085,0.025170042306135863,0.5307165227788084,0.06777551856073663,0.11800601089191691,0.05932738931838298,1.4458826218727912,0.2731614615731346,-0.08908895050607565,0.020909391380304208,0.35604111307778413,0.06284951440020306,0.08908895050607571,0.020909391380304208,1.1037676620362515,0.02695602507518877,-0.11800601089191695,0.05932738931838298,0.8385107019044324,0.07436480422064445,0.3304499989713839,0.027803522235593868,1.6488111476101974,0.08014466284511193,0.01445853019292063,0.03088961668221774,0.9009618674752875,0.1303388927828117
1.0,7615,ReweighingClassifier,XGBoost,0.8,0.8,compas_t1.0_k7615,0.8043019766459446,0.0035818809871413166,0.7378999836679896,0.006400677608752059,0.7239239027839564,0.00794143840359287,0.6450799612090858,0.007068808927439123,0.5952548817302916,0.013793476174690185,0.6190925426727623,0.009169086776146447,0.5952548817302916,0.013793476174690185,0.1194549143943124,0.0036564134726088083,0.8805450856056876,0.0036564134726088052,0.4047451182697085,0.013793476174690207,0.06211188236326439,0.01511718595007554,1.323960325917134,0.09510100007153834,0.559300838361241,0.03647767122373069,3.2968544798635704,0.3081542287214027,0.0038533187221825665,0.003972157868959277,1.0344108670936734,0.03449212368427562,-0.0038533187221825526,0.003972157868959285,0.9956610569287461,0.004490619905572495,-0.559300838361241,0.036477671223730655,0.25877529932244714,0.03614606102376219,0.36807258922824826,0.013448830264705327,1.7414560820252198,0.044771949552264115,0.28157707854171177,0.01826555236286444,2.165632673478622,0.15430307782868796
1.0,7615,FairBalanceClassifier,LogReg,0.8,0.8,compas_t1.0_k7615,0.7989742091085137,0.007032235686679925,0.7458844902080262,0.01166341477504528,0.7369638034102783,0.013419757779779046,0.6219804856718139,0.012337628341314043,0.6318391990523138,0.024121023000874996,0.6266963265036913,0.015674836440320878,0.6318391990523138,0.024121023000874996,0.14007021863626146,0.006747662618960152,0.8599297813637385,0.006747662618960164,0.36816080094768616,0.024121023000875017,-0.26747485495463386,0.026843813700556652,0.46046747662544724,0.033181003319266614,0.10778523489932887,0.055473900248167986,1.1948805394325537,0.10146941908129967,-0.27119920965976196,0.027341171712394256,0.30069360934609707,0.019858745453550247,0.271199209659762,0.02734117171239427,1.4458493813647684,0.06847969882907645,-0.10778523489932886,0.05547390024816799,0.7578701668273131,0.12375531206189481,0.2581723011737559,0.019181444841939246,1.4439903018270985,0.04701746298593399,-0.08170698738021653,0.03606816836960264,0.7477870743893253,0.05849602873809352
1.0,7615,FairBalanceClassifier,XGBoost,0.8,0.8,compas_t1.0_k7615,0.8094947687052475,0.0024974046594666397,0.8143863126112025,0.00559310135130776,0.8142229546018429,0.005481062962998073,0.6054952838612784,0.005492967386433067,0.8248879080846294,0.017754402436819226,0.6982290552470399,0.0048676475481530205,0.8248879080846294,0.017754402436819226,0.1961152828622244,0.00783287581062515,0.8038847171377755,0.007832875810625164,0.1751120919153706,0.017754402436819215,-0.2565382021721853,0.03989924199230334,0.5587282130239154,0.04272079594205765,0.25006033489254964,0.055810089180100414,1.3802379723623115,0.10298699489239843,-0.26646791077270215,0.04136275416322225,0.3962111424996074,0.043616322615751144,0.26646791077270215,0.041362754163222236,1.4817922234058787,0.10809333869714796,-0.2500603348925497,0.055810089180100345,0.2535448261961746,0.09073243183385951,0.21949539200979412,0.02640038668491252,1.3522813026910105,0.05324727062133459,-0.008203787940076252,0.045147622640954635,0.8882245574309595,0.06626173985840754
1.0,7615,FairMask,LogReg,0.8,0.8,compas_t1.0_k7615,0.8076055668572091,0.010655730002280013,0.7514533127148335,0.016039286967300795,0.7414812338510697,0.018214333727116668,0.6427912144170321,0.019827639321664363,0.6308284611563301,0.030823818444160125,0.6364748440531287,0.02217531485148742,0.6308284611563301,0.030823818444160125,0.12792183572666296,0.009487658431729148,0.8720781642733371,0.009487658431729142,0.36917153884367,0.030823818444160142,-0.4537727060706403,0.02592264112649426,0.29241696094433633,0.0167619913548912,-0.12302533161593565,0.055108647907080636,0.8279248605357076,0.07292383797743099,-0.45044715624812837,0.03566268591334859,0.16338161151437136,0.007777461509794761,0.45044715624812853,0.035662685913348625,1.9921201423994437,0.18531255271304456,0.12302533161593562,0.05510864790708064,1.4370975123803742,0.22085454254550138,0.23580120755331696,0.023355184007876277,1.387955884785714,0.05223955714866019,-0.286736243932032,0.03547322186336214,0.4956532360250394,0.036444969525511066
1.0,7615,FairMask,XGBoost,0.8,0.8,compas_t1.0_k7615,0.8310741751087933,0.006096891162411454,0.8015388416236957,0.0130947484257842,0.7988563958099187,0.014458457505689115,0.6658311579354861,0.00538614783996381,0.7380857757906939,0.02821336938895273,0.6999325365862799,0.015689059212190073,0.7380857757906939,0.02821336938895273,0.1350080925433024,0.00227275802565355,0.8649919074566975,0.0022727580256535524,0.2619142242093061,0.028213369388952723,-0.4966922997798761,0.018526309641547868,0.30123047421815863,0.015054052156745656,-0.10627889634601047,0.026647744161164978,0.8677952338699036,0.033781229596294704,-0.4733278514540199,0.030835736249498938,0.1648179467854491,0.015293237333160022,0.4733278514540199,0.030835736249498917,2.099773911454629,0.139096644397958,0.10627889634601044,0.026647744161164937,1.5548267679532046,0.16599661472479954,0.20677511891012035,0.016610548317424718,1.314899228040255,0.03352300668591799,-0.28980337390001515,0.02471024652848999,0.5163065903276765,0.0221231008579985
