t,k,method,classifier,women_rejection_rate_target,women_rejection_rate_actual,dataset,accuracy,accuracy_std,balanced_accuracy,balanced_accuracy_std,geometric_mean,geometric_mean_std,precision,precision_std,recall,recall_std,f1_score,f1_score_std,true_positive_rate,true_positive_rate_std,false_positive_rate,false_positive_rate_std,true_negative_rate,true_negative_rate_std,false_negative_rate,false_negative_rate_std,spd,spd_std,disparate_impact,disparate_impact_std,eod,eod_std,equal_opportunity_ratio,equal_opportunity_ratio_std,false_positive_rate_difference,false_positive_rate_difference_std,predictive_equality,predictive_equality_std,true_negative_rate_difference,true_negative_rate_difference_std,true_negative_rate_parity,true_negative_rate_parity_std,false_negative_rate_difference,false_negative_rate_difference_std,false_negative_rate_parity,false_negative_rate_parity_std,accuracy_difference,accuracy_difference_std,accuracy_parity,accuracy_parity_std,aod,aod_std,average_odds_ratio,average_odds_ratio_std
,0,Baseline,LogReg,0.35161290322580646,0.35161290322580646,german_baseline,0.751,0.030561413579872278,0.6621428571428571,0.04155017729878043,0.6210209132083897,0.05605844421085429,0.7871803648922093,0.024823978302415457,0.8842857142857143,0.03077237032648288,0.832519154300873,0.02060579757814994,0.8842857142857143,0.03077237032648288,0.5599999999999999,0.08069145624606804,0.44000000000000006,0.08069145624606802,0.1157142857142857,0.03077237032648288,-0.10736503323850352,0.044017117370344264,0.8685590295509765,0.05452496168041114,-0.047025868440502626,0.07625525860767074,0.9473879182066218,0.08501152549926112,-0.15837145310829523,0.09987816814471724,0.7432467532467533,0.14313960269378792,0.1583714531082952,0.0998781681447173,1.4638828398492265,0.40521195058961257,0.04702586844050259,0.07625525860767074,1.4826250307957625,0.8169392296183018,-0.013692583014705417,0.07059284711369286,0.9824202381475848,0.09548663350963729,-0.10269866077439893,0.04366564475547497,0.8453173357266875,0.06516102112786919
,0,Baseline,XGBoost,0.35161290322580646,0.35161290322580646,german_baseline,0.756,0.02034698994937582,0.6866666666666668,0.013581867330430106,0.6641958406232087,0.010285429535700275,0.8047152441253896,0.004950866525481336,0.86,0.031493439550069405,0.831225433794262,0.01641897365863695,0.86,0.031493439550069405,0.4866666666666667,0.012472191289246468,0.5133333333333333,0.012472191289246475,0.13999999999999999,0.03149343955006943,-0.10703855929240065,0.0231330336052063,0.8625778901102826,0.030807090002128366,-0.09651786154225181,0.07556171547477479,0.8905303629050817,0.08463841294900491,-0.04395954922270713,0.08907293298588498,0.9248983339892431,0.15650406807370487,0.04395954922270713,0.08907293298588498,1.1050123685837971,0.20873891628269756,0.09651786154225181,0.07556171547477483,1.8159266208046696,0.7139254129367191,-0.07649402177278124,0.07459056960768772,0.902321443307922,0.09540334225670265,-0.07023870538247948,0.015930965672199638,0.9077143484471624,0.04106993370405539
,0,FairSmote,LogReg,0.35161290322580646,0.35161290322580646,german_baseline,0.713,0.03558089374931438,0.7121428571428572,0.02899878799562871,0.7098886280214554,0.02863635046091629,0.8531597359409412,0.0249116089338098,0.7142857142857143,0.06194138111051087,0.77564203014938,0.03534178459331806,0.7142857142857143,0.06194138111051087,0.29,0.06548960901462834,0.71,0.06548960901462832,0.2857142857142857,0.061941381110510854,-0.06060373046759102,0.06298737195544098,0.910454326281674,0.1083179483264771,0.010189948263118965,0.09091330660401234,1.0248055770482,0.14351196994694085,-0.10974814659025185,0.09021478794172735,0.6870129870129871,0.19699031515226367,0.10974814659025182,0.09021478794172734,1.177504486855136,0.16270896903180135,-0.010189948263118998,0.09091330660401237,0.9977771325332301,0.27660491583529084,0.04167453405525627,0.07410133504554177,1.0632016942448375,0.10957494388030856,-0.049779099163566445,0.057993872989675836,0.8559092820305937,0.09926151380410278
,0,FairSmote,XGBoost,0.35161290322580646,0.35161290322580646,german_baseline,0.7209999999999999,0.023748684174075853,0.6759523809523811,0.02026468841043159,0.6658829964387705,0.020812697736185007,0.8082453091636002,0.011643747526022263,0.7885714285714286,0.035742845723419424,0.7978994862425296,0.02031982715234114,0.7885714285714286,0.035742845723419424,0.43666666666666665,0.03399346342395189,0.5633333333333334,0.033993463423951875,0.21142857142857144,0.03574284572341944,-0.013002602450524958,0.036374694475153985,0.9808506984747674,0.054189754229182,0.010460458240946036,0.041989048143924915,1.013643273881619,0.054215591637478466,0.01920009814746656,0.06692526521784281,1.0435026737967914,0.15196228560530953,-0.019200098147466604,0.06692526521784282,0.9655048508803448,0.11965798295721593,-0.010460458240946041,0.041989048143924915,0.9554344842149721,0.18743692188125124,-0.016516301873549754,0.03580707855140961,0.9779627833949813,0.04925396253873699,0.014830278194206297,0.04195809512797196,1.0285729738392053,0.08466549190313721
,0,Massaging,LogReg,0.35161290322580646,0.35161290322580646,german_baseline,0.7489999999999999,0.028000000000000025,0.6730952380952381,0.042655610812492736,0.6426842786374578,0.05777430547572973,0.7967993099482461,0.027213007598530514,0.8628571428571428,0.02687841103175253,0.8280251700958535,0.018038377491731504,0.8628571428571428,0.02687841103175253,0.5166666666666666,0.08881941729649484,0.4833333333333334,0.08881941729649487,0.13714285714285712,0.026878411031752543,-0.019964637943681397,0.04989682384364483,0.9750702453464678,0.06378066219540852,0.01095319044099532,0.052539105616073174,1.0131339576048588,0.06058726147554757,-0.004067861962598773,0.11811837996719018,1.0067159169333082,0.1956451095464988,0.004067861962598817,0.11811837996719023,1.0292948279790386,0.3085054048262395,-0.010953190440995316,0.052539105616073174,0.9344615451502107,0.4201953682630689,-0.019976802053511444,0.05459635770578867,0.9736279664516136,0.07271191223159036,0.003442664239198273,0.0597314161022212,1.0099249372690835,0.09832536022605133
,0,Massaging,XGBoost,0.35161290322580646,0.35161290322580646,german_baseline,0.745,0.024899799195977488,0.674047619047619,0.017175894092258497,0.6500103295345276,0.01330592683322182,0.7976705218484207,0.006660870031881074,0.8514285714285714,0.03736199094463434,0.8233885320382706,0.020510219060881744,0.8514285714285714,0.03736199094463434,0.5033333333333333,0.012472191289246494,0.4966666666666667,0.012472191289246488,0.14857142857142858,0.03736199094463435,-0.00278135208500514,0.03777670953781564,0.9973668992123415,0.05216294118588921,0.013277900960827793,0.06149240251983018,1.016251617433448,0.0722738931552448,0.0451250503882083,0.06748371948122221,1.103058984359294,0.14735462933153637,-0.045125050388208285,0.06748371948122225,0.9204906204906205,0.12540620704605418,-0.013277900960827791,0.06149240251983018,0.9185513673318552,0.43812302099561645,-0.03248833119049126,0.05068430140742718,0.9575314099100998,0.06616052033111669,0.029201475674518047,0.034917314766515474,1.0596553008963712,0.06918937703933707
,0,FairOversampling,LogReg,0.35161290322580646,0.35161290322580646,german_baseline,0.712,0.036138621999185314,0.7085714285714285,0.024133509977930585,0.705638035831318,0.02296395742246139,0.8498186423505573,0.024314926600748722,0.7171428571428572,0.06978099852468465,0.7752671228142927,0.038453602494778374,0.7171428571428572,0.06978099852468465,0.3,0.06749485577105528,0.7,0.06749485577105531,0.2828571428571428,0.06978099852468465,-0.06293602088496421,0.05985533587722365,0.9066749521243072,0.09936465105691769,-0.0006476964769647874,0.0942384854241939,1.0120902866923405,0.1494004659652171,-0.09628967523704365,0.04987401665661634,0.6922910422910423,0.18154618361505317,0.09628967523704361,0.049874016656616345,1.1458008658008656,0.07867908501196809,0.0006476964769647709,0.09423848542419393,1.0430168408826943,0.3055949813984974,0.029151750470405458,0.0744249061604395,1.0464487757254086,0.11547526142370343,-0.04846868585700422,0.04930652933932331,0.8521906644916915,0.07271866605163607
,0,FairOversampling,XGBoost,0.35161290322580646,0.35161290322580646,german_baseline,0.7310000000000001,0.0312089730686545,0.6764285714285714,0.030280248084127066,0.662081321810765,0.03133140026624591,0.8046828889270309,0.016637607494871285,0.8128571428571428,0.03708787138784905,0.808488762618478,0.024153543501153757,0.8128571428571428,0.03708787138784905,0.4600000000000001,0.03887301263230201,0.54,0.038873012632301994,0.18714285714285714,0.03708787138784906,-0.05710870878378318,0.07942910308783832,0.9248074044026359,0.11010942463807537,-0.04484405025868439,0.09916857478242136,0.9474479201128675,0.11884260743617295,-0.0014213856319119423,0.09670967729660719,1.0292485292485292,0.24316103210057308,0.0014213856319119534,0.09670967729660723,1.0218119247699078,0.17134198111897597,0.04484405025868441,0.09916857478242135,1.2951219512195125,0.6185382061808139,-0.04996412773001675,0.06254909065409088,0.9337218470602204,0.08339756204446955,-0.023132717945298163,0.0782361156869357,0.9883482246806983,0.15373398866095828
,0,FAWOS,LogReg,0.35161290322580646,0.35161290322580646,german_baseline,0.753,0.021118712081942895,0.654047619047619,0.030570909356219905,0.6036153280861802,0.04424996620266275,0.7803686091517539,0.017907642140205595,0.9014285714285715,0.02089819834046827,0.8363258226546348,0.01376677090370237,0.9014285714285715,0.02089819834046827,0.5933333333333334,0.06200358412579424,0.4066666666666666,0.06200358412579427,0.09857142857142856,0.020898198340468275,-0.041138018514650355,0.03900728619719051,0.9497513554967337,0.047645348464328385,0.005588075880758802,0.07665942789906306,1.0068129334790992,0.08497763540389099,-0.06716441453283561,0.12680165704630694,0.902121212121212,0.18860853351171208,0.06716441453283559,0.126801657046307,1.235478377831319,0.44445915151157356,-0.005588075880758808,0.07665942789906306,1.0148242001900538,0.8232330261496024,-0.011840638173555518,0.08231787516959131,0.9867693260837015,0.10886006528134919,-0.030788169326038405,0.047729010114901056,0.9544670728001556,0.07408508023131603
,0,FAWOS,XGBoost,0.35161290322580646,0.35161290322580646,german_baseline,0.751,0.017146428199482262,0.6735714285714287,0.017323780727220215,0.6448029572695461,0.019895048708526476,0.7955738970927735,0.009759106003610159,0.8671428571428571,0.02240626734479734,0.8296947673200783,0.013024768001457323,0.8671428571428571,0.02240626734479734,0.5200000000000001,0.02867441755680876,0.48,0.02867441755680875,0.13285714285714284,0.022406267344797316,-0.06806005048342494,0.034281100357036944,0.9130686477988471,0.04384674784359145,-0.06461961074156194,0.08043113269250037,0.9276155445610816,0.08985892751081377,0.004185288395814701,0.08015644899506395,1.021040581521865,0.15299020482449086,-0.004185288395814712,0.08015644899506391,1.0059969442322383,0.1744140517400849,0.06461961074156196,0.08043113269250035,1.6172711434906557,0.7808671536739311,-0.0738189346583589,0.07315432491272408,0.9062537636208967,0.09268496718893524,-0.030217161172873624,0.022194077516504544,0.9743280630414732,0.04370786395493733
,0,HeterogeneousFOS,LogReg,0.35161290322580646,0.35161290322580646,german_baseline,0.683,0.04456455991031438,0.6964285714285715,0.031016417275203934,0.6931140250732504,0.032331551140310534,0.8524044326164926,0.022312759589099614,0.6628571428571428,0.07455993343257081,0.7430843206603462,0.04768579268281988,0.6628571428571428,0.07455993343257081,0.26999999999999996,0.05617433182117572,0.73,0.05617433182117575,0.3371428571428571,0.0745599334325708,-0.032282824195272106,0.06693588551292232,0.9602745780857636,0.14025043851270835,0.04061566888396158,0.09355412094999771,1.0818165328002354,0.17820968404835336,-0.09238831344094503,0.06409919529225125,0.7014152514152514,0.17441554534715217,0.09238831344094497,0.06409919529225125,1.1365632981116849,0.09988508182300003,-0.040615668883961564,0.09355412094999771,0.9093497863346756,0.23164085746162882,0.06191228942014213,0.0707209520822464,1.0985347917574326,0.11675366497494671,-0.025886322278491736,0.0567860235962683,0.8916158921077436,0.11846129100771208
,0,HeterogeneousFOS,XGBoost,0.35161290322580646,0.35161290322580646,german_baseline,0.726,0.01593737745050924,0.6671428571428573,0.007551786441501781,0.6502861676990662,0.005715068155666216,0.7983236538363012,0.002901243391260236,0.8142857142857143,0.02996596709057576,0.8059551798272653,0.014740153685930691,0.8142857142857143,0.02996596709057576,0.4800000000000001,0.019436506316151018,0.5199999999999999,0.019436506316150997,0.18571428571428572,0.02996596709057576,-0.04833670632889571,0.0558018977363643,0.9332856717429197,0.07650277369807226,-0.025640551860064042,0.06678033867642873,0.9684124991459997,0.08152204276902361,-0.01894421368105579,0.04333475435706469,0.961145287461077,0.08665752633562185,0.0189442136810558,0.04333475435706472,1.037012987012987,0.08669062208118247,0.02564055186006406,0.06678033867642874,1.1350262088147196,0.37569693240872776,-0.03306269332334566,0.03096686302890607,0.9550475648095954,0.04240178198258212,-0.022292382770559914,0.053157928989531665,0.9647788933035384,0.08096010134412034
,0,FairwayRemover,LogReg,0.35161290322580646,0.35161290322580646,german_baseline,0.743,0.025806975801127903,0.6449999999999999,0.026973153697855995,0.5950850443897673,0.03641662938836771,0.7759968564309918,0.014774971428491471,0.89,0.03658928135675912,0.8287354561685507,0.0195547314387406,0.89,0.03658928135675912,0.6,0.05163977794943222,0.4,0.05163977794943224,0.11000000000000001,0.03658928135675914,-0.03750328694969416,0.06131228908462176,0.9542817263577854,0.07650872311050631,-0.020411924119241177,0.08989576092125318,0.9775222679631514,0.10053099891823118,-0.006488248593511758,0.09930276335160619,0.9999498086454608,0.15363151804671585,0.0064882485935117366,0.09930276335160616,1.050434868162141,0.2994336623814216,0.020411924119241195,0.08989576092125318,1.347091932457786,1.073293561503536,-0.04874694391227687,0.07037428643871856,0.9369503947391227,0.09333893410894571,-0.013450086356376467,0.06039151731785023,0.9887360383043061,0.08758825179201118
,0,FairwayRemover,XGBoost,0.35161290322580646,0.35161290322580646,german_baseline,0.753,0.027129319932501096,0.6711904761904762,0.028316321423463804,0.638774555714766,0.03185413660770405,0.7929747016731323,0.015221141535794852,0.8757142857142857,0.029829447168315832,0.8321472801814507,0.01980872978845185,0.8757142857142857,0.029829447168315832,0.5333333333333334,0.039440531887330786,0.4666666666666667,0.039440531887330765,0.12428571428571429,0.029829447168315856,-0.01254479994666513,0.033659129979507804,0.9848456049622445,0.04311452367218325,-0.02112761763981279,0.03472971136332083,0.9765299096182533,0.038380700472172256,0.08361112571638889,0.06389880154803912,1.1685179526355998,0.12483519452017526,-0.08361112571638886,0.06389880154803915,0.8324675324675324,0.1325013239429861,0.021127617639812753,0.03472971136332081,1.2249567744546224,0.3889453525670105,-0.07207937736863265,0.030367853977728173,0.9067578945697843,0.03911026597088792,0.03124175403828805,0.03578159205025581,1.0725239311269266,0.06388279384853213
,0,DisparateImpactRemover,LogReg,0.35161290322580646,0.35161290322580646,german_baseline,0.749,0.03231098884280705,0.6635714285714286,0.046264055289083617,0.624819767824078,0.0625282459836274,0.7891266711588653,0.028376590775317897,0.8771428571428572,0.03043896536094645,0.8303300614958316,0.021172870504111752,0.8771428571428572,0.03043896536094645,0.55,0.09189365834726813,0.45,0.09189365834726813,0.12285714285714285,0.030438965360946455,-0.12380184271495134,0.0480329390538577,0.8482023829730989,0.05879834970554483,-0.0720056664203006,0.08511964612543337,0.920590741325787,0.09260158381097036,-0.15736894684263106,0.09168751881182408,0.7376157176157176,0.14515055344361194,0.15736894684263109,0.0916875188118241,1.437070894473492,0.326112183146658,0.07200566642030057,0.08511964612543342,1.889555972482802,1.2614162217662381,-0.02949268074982723,0.07624678591184128,0.9622978301703944,0.09834189122294748,-0.11468730663146583,0.04131684279130414,0.8291032294707523,0.062189316196650565
,0,DisparateImpactRemover,XGBoost,0.35161290322580646,0.35161290322580646,german_baseline,0.741,0.030886890422961027,0.6645238095238095,0.02351484309547885,0.636210578524033,0.019466815789246302,0.7909606909892334,0.00987390277796891,0.8557142857142856,0.042714046822074456,0.8217578381689906,0.024430044548833543,0.8557142857142856,0.042714046822074456,0.5266666666666666,0.01333333333333333,0.47333333333333333,0.01333333333333333,0.1442857142857143,0.04271404682207444,-0.10624395771771374,0.03858372279677112,0.8656639961123288,0.049379157258531425,-0.08368095590046809,0.06871720570784691,0.9041826616611107,0.0790896167491221,-0.0778694989221305,0.09750103784590874,0.8693769998117824,0.17528059575287103,0.07786949892213052,0.09750103784590874,1.1910669722434428,0.22581764377965455,0.0836809559004681,0.06871720570784692,1.6785583856602506,0.5360323909438581,-0.05963707837613517,0.06569686959095196,0.9214633802110411,0.08516343765375808,-0.0807752274112993,0.04250834641351467,0.8867798307364465,0.0762849031472131
,0,LearningFairRepresentations,LogReg,0.35161290322580646,0.35161290322580646,german_baseline,0.74,0.03361547262794325,0.6466666666666667,0.0409869732084368,0.6008701354610857,0.05280543195836824,0.7781484225607551,0.023535829754594017,0.8800000000000001,0.035398604838182475,0.8255971551712585,0.023453325772717172,0.8800000000000001,0.035398604838182475,0.5866666666666667,0.0725718035235908,0.4133333333333333,0.07257180352359083,0.12,0.035398604838182475,-0.11013407249468439,0.06298831347101554,0.8679105943142407,0.07500052287016151,-0.05524956885932495,0.10856024476659804,0.9398374239306833,0.11994790588961271,-0.15741451530925218,0.1419647263429396,0.7596354679802955,0.19744699739544125,0.15741451530925216,0.14196472634293963,1.5233258804687377,0.6058716402564188,0.05524956885932497,0.10856024476659809,1.8093432312944508,1.4239269578692533,-0.02130255005281594,0.10289922692286399,0.972997168836962,0.13824608051376244,-0.10633204208428856,0.06422606672480759,0.8497364459554895,0.08581969253417417
,0,LearningFairRepresentations,XGBoost,0.35161290322580646,0.35161290322580646,german_baseline,0.7310000000000001,0.021307275752662534,0.6364285714285715,0.019351738834491535,0.5907805034847279,0.019574437593285598,0.7723142505524725,0.009286638063543426,0.8728571428571428,0.025314350209527648,0.8194373839168133,0.01595320678978462,0.8728571428571428,0.025314350209527648,0.6,0.018257418583505554,0.4,0.018257418583505533,0.12714285714285714,0.02531435020952764,-0.10387283524735809,0.05140839283438064,0.8752604820727665,0.05938052027537279,-0.07968021680216801,0.039385556404658593,0.911414863914054,0.043070156187958286,-0.09250573987416093,0.08875523334180206,0.8632674362674362,0.133498944999476,0.09250573987416094,0.08875523334180203,1.2845027521498111,0.2741535926442332,0.07968021680216804,0.0393855564046586,1.8403600464576075,0.479692175852866,-0.05888737130565256,0.012080858460357065,0.9213200317565942,0.016283448652908532,-0.08609297833816447,0.06239978636055624,0.8873411500907451,0.08606958509131062
,0,ReweighingClassifier,LogReg,0.35161290322580646,0.35161290322580646,german_baseline,0.746,0.030232432915661973,0.6595238095238096,0.03655362910100056,0.6213259293877116,0.046565815624577796,0.7862275328872015,0.021192757093736865,0.8757142857142858,0.03307381972225778,0.8282441965527598,0.0211286109761469,0.8757142857142858,0.03307381972225778,0.5566666666666668,0.06548960901462832,0.44333333333333336,0.06548960901462834,0.12428571428571426,0.033073819722257786,-0.03651979835024384,0.05182631894263362,0.9552554624306172,0.06527428141755776,-0.00010741561961074009,0.06903440828801907,0.9996445330608354,0.07806165010041491,-0.0379778116620222,0.12899398911050247,0.9580911479824522,0.20574596210719606,0.03797781166202219,0.1289939891105025,1.1421500721500721,0.38218647782786513,0.00010741561961074009,0.06903440828801906,0.9772357723577235,0.6416517293545259,-0.02028596483463525,0.0666938132907775,0.9733750238050778,0.0890177575342812,-0.01904261364081647,0.06309205963796387,0.9788678405216438,0.10204758748884314
,0,ReweighingClassifier,XGBoost,0.35161290322580646,0.35161290322580646,german_baseline,0.75,0.02664582518894848,0.671904761904762,0.029205270856559225,0.6409767204627986,0.03818857989346122,0.7949381759985897,0.017612012663523084,0.8671428571428571,0.040304959941902516,0.8289075489033774,0.02000161165382335,0.8671428571428571,0.040304959941902516,0.5233333333333333,0.06200358412579425,0.4766666666666667,0.06200358412579424,0.13285714285714284,0.04030495994190253,-0.0980499042735918,0.05251097779206984,0.8755860233341588,0.06742157349372786,-0.10692411924119241,0.08990637253769136,0.8802910841606144,0.09943875037913252,-0.0016457226983543239,0.0806345149073689,1.0039256198347108,0.14961895672032408,0.0016457226983542684,0.08063451490736889,1.0092573986116187,0.18307245376681194,0.10692411924119243,0.08990637253769136,2.017273783127442,0.9581062290947172,-0.10053649297786471,0.07228149458807935,0.8716050334294649,0.09066016043122474,-0.054284920969773366,0.0427366961897554,0.9421083519976625,0.06272621980246236
,0,FairBalanceClassifier,LogReg,0.35161290322580646,0.35161290322580646,german_baseline,0.707,0.033105890714493685,0.7011904761904763,0.01663261828245047,0.6989011492471452,0.015088398572944077,0.8429024330722952,0.014159628920173303,0.7157142857142857,0.06442841305016961,0.7721912159771902,0.03525884217351673,0.7157142857142857,0.06442841305016961,0.3133333333333333,0.04988876515698587,0.6866666666666666,0.049888765156985884,0.2842857142857143,0.0644284130501696,-0.044112805566249635,0.06631561521549213,0.9394776766804489,0.12132742209399379,0.022088199063808833,0.11231948184415377,1.044313000012894,0.17624070172827008,-0.08803827751196172,0.0917912374975691,0.7669866081630787,0.1972613858594586,0.08803827751196172,0.0917912374975691,1.147523958799821,0.17013463771882725,-0.022088199063808822,0.11231948184415379,0.9607059599774507,0.3662881666112371,0.04092498931845519,0.09462655239412733,1.0641947529820812,0.1405671529480202,-0.03297503922407644,0.053540311236714704,0.9056498040879862,0.09165046035098892
,0,FairBalanceClassifier,XGBoost,0.35161290322580646,0.35161290322580646,german_baseline,0.7369999999999999,0.026570660511172867,0.6797619047619048,0.02424599927257326,0.6642399802534036,0.024387956914876892,0.8054613702034091,0.012581071256465952,0.8228571428571427,0.033319725113401706,0.8138550992363669,0.02087561155314218,0.8228571428571427,0.033319725113401706,0.4633333333333334,0.02867441755680875,0.5366666666666667,0.028674417556808763,0.17714285714285713,0.03331972511340171,-0.10164215928862645,0.05232045242969567,0.8646319501747876,0.06992560794887874,-0.09366075388026607,0.0846053263018173,0.8899736901184584,0.09908892011778311,-0.03582557793084109,0.09997162653391914,0.9312392835922247,0.1973961579266213,0.03582557793084109,0.09997162653391913,1.0754669140383426,0.2046377643994666,0.09366075388026607,0.0846053263018173,1.6351841845385604,0.5774855816585772,-0.07258474303172438,0.07411235865288898,0.9043659921969139,0.0965959811075726,-0.06474316590555358,0.05036759108715694,0.9106064868553416,0.09055207322515785
,0,FairMask,LogReg,0.35161290322580646,0.35161290322580646,german_baseline,0.743,0.02135415650406264,0.6535714285714287,0.02764366718799998,0.6122663179470363,0.038870403760843525,0.7825983936754822,0.017147826742350075,0.8771428571428572,0.030438965360946462,0.8267984802015373,0.015409373108573035,0.8771428571428572,0.030438965360946462,0.5700000000000001,0.06091888960832356,0.43,0.060918889608323534,0.12285714285714285,0.03043896536094645,-0.048286120559597245,0.042493376908180946,0.9402379398907318,0.052457353021849104,-0.008965262379896543,0.07024939487406208,0.989481441836362,0.07901173101035044,-0.058597542808069135,0.14421143047930188,0.9206382001836546,0.20428935070338025,0.05859754280806913,0.14421143047930193,1.229124649859944,0.5222282490138542,0.008965262379896522,0.07024939487406208,1.0559912445278299,0.6495833005447863,-0.02062394023629306,0.07980576839026242,0.9738528584604319,0.10887357597732894,-0.03378140259398284,0.0587245565686931,0.9550598210100082,0.08799108444567214
,0,FairMask,XGBoost,0.35161290322580646,0.35161290322580646,german_baseline,0.753,0.022494443758404006,0.6788095238095238,0.017093181995997648,0.6528797067461285,0.01415872421760303,0.7990402252123491,0.006750492452826188,0.8642857142857142,0.030970690555255403,0.8302224217715957,0.01761474629891981,0.8642857142857142,0.030970690555255403,0.5066666666666666,0.008164965809277286,0.49333333333333335,0.00816496580927726,0.13571428571428573,0.03097069055525543,-0.04509756741493607,0.018019878548155635,0.9417829799243893,0.022901785094675612,-0.039497659522049776,0.05371875949507411,0.954347917484079,0.061093094007490946,0.025805773174194212,0.10267680447876759,1.0680239368474662,0.20723457891105565,-0.025805773174194226,0.1026768044787676,0.9643360374452813,0.20835255333862776,0.03949765952204977,0.053718759495074146,1.2889259791698817,0.46789526140818966,-0.06264074343096451,0.06326684580966219,0.9190831676906729,0.08084843293367565,-0.006845943173927782,0.0308352905164907,1.0111859271657726,0.07811235176623157
0.0,92,Baseline,LogReg,0.5,0.5,german_t0.0_k92,0.759096812031335,0.03143344976414836,0.7233875944854579,0.032049033254581805,0.7121284698232564,0.03305679548045695,0.7899633140986746,0.01938506369382669,0.8499559744301823,0.031195466875604483,0.8188092929647498,0.024436546766867493,0.8499559744301823,0.031195466875604483,0.4031807854592665,0.03515822184607744,0.5968192145407335,0.03515822184607745,0.15004402556981772,0.031195466875604476,-0.3471394508216552,0.04480902754358824,0.5761863458124918,0.047008077109388806,-0.1662537570830254,0.04510733272625179,0.8147148400662381,0.05018916181428181,-0.39814110792929797,0.12841352438742418,0.35474529616724737,0.17972879204456454,0.3981411079292979,0.12841352438742415,2.060993047125041,0.41983922753795466,0.16625375708302537,0.04510733272625176,2.7557332910991446,0.6033091054286103,0.0033015992086615543,0.0733830692150403,1.0056335155196976,0.09679888555392095,-0.2821974325061617,0.05036253566282798,0.5847300681167427,0.07349338332588431
0.0,92,Baseline,XGBoost,0.5,0.5,german_t0.0_k92,0.7774831385362992,0.011588561344021942,0.7438336254931264,0.015701392832170827,0.7336111929349479,0.019154152622688582,0.8047450395030561,0.014734895586287081,0.8627727362183201,0.020944330890552067,0.8324698526728291,0.00911065054338145,0.8627727362183201,0.020944330890552067,0.37510548523206755,0.04155529731651313,0.6248945147679325,0.041555297316513175,0.13722726378167982,0.020944330890552084,-0.27325491466906165,0.07504141085658292,0.656341551367657,0.0828996516842886,-0.0864572554816457,0.08991996203557838,0.9061309198470736,0.09679898238011753,-0.29894983706922085,0.101978813096358,0.44628048780487806,0.16011763224907297,0.29894983706922085,0.101978813096358,1.6700793606799702,0.2821886161184101,0.08645725548164573,0.0899199620355784,2.2648218287471336,1.5241884968645105,0.013580930664333435,0.0546720867796127,1.0192744839081487,0.0716745656627731,-0.1927035462754333,0.08575187610028763,0.6762057038259759,0.10789497005182556
0.0,92,FairSmote,LogReg,0.5,0.5,german_t0.0_k92,0.7389510284445561,0.03321580346131212,0.7430586526301077,0.03322374686943678,0.7427364639542728,0.033242542246219815,0.8427208663473891,0.025516598886394563,0.7284736830596314,0.03610114907067719,0.7812357263479555,0.029985852554903002,0.7284736830596314,0.03610114907067719,0.24235637779941577,0.037865726951637785,0.7576436222005842,0.03786572695163778,0.27152631694036866,0.036101149070677206,-0.12481486322631304,0.038204024479899575,0.7945225783156818,0.053130744699260705,0.05306873614190688,0.06534249733898898,1.0776409541258392,0.09611282224757216,-0.11961933445245383,0.11311115018243761,0.6883340592334496,0.34182799339608616,0.11961933445245385,0.11311115018243761,1.19298149705635,0.18024788470232533,-0.05306873614190686,0.06534249733898898,0.824467890183828,0.22344671606077807,0.08258947741485925,0.06706870479940984,1.1210826522142812,0.09939504643737375,-0.03327529915527347,0.04900079309994886,0.8829875066796443,0.1493530711801156
0.0,92,FairSmote,XGBoost,0.5,0.5,german_t0.0_k92,0.7618742407104855,0.03365349136360418,0.7389535032031259,0.03285489854678523,0.7340520354646867,0.03311636001675702,0.8106756640489137,0.0218402743576781,0.8198739002718798,0.041542246839245255,0.8149054293242735,0.028504215697861584,0.8198739002718798,0.041542246839245255,0.34196689386562806,0.04173954347165454,0.658033106134372,0.04173954347165453,0.18012609972812021,0.04154224683924525,-0.1481675140863366,0.06335956678008331,0.7905409410803897,0.08385909593970454,0.015094604582409476,0.04202987391388055,1.021240436866749,0.05318934428368255,-0.12893782298146866,0.15052088673938652,0.7493726461813752,0.38254486357613243,0.1289378229814687,0.15052088673938657,1.255767110482699,0.2721545964475957,-0.015094604582409465,0.042029873913880585,0.9595434088269453,0.22000150870839513,0.0225768553322651,0.06869057047622897,1.0359254327879996,0.09139189794413857,-0.0569216091995296,0.07968085455709191,0.8853065415240622,0.1930413662319067
0.0,92,Massaging,LogReg,0.5,0.5,german_t0.0_k92,0.7161032214821331,0.0199927589004565,0.6847430697545885,0.01974443008890291,0.6750935942806804,0.0211511514058377,0.7694995389474366,0.012658485432423646,0.7956789340564022,0.03176676062119827,0.7820477856762154,0.017678813329225333,0.7956789340564022,0.03176676062119827,0.426192794547225,0.03585233166295751,0.573807205452775,0.0358523316629575,0.20432106594359772,0.03176676062119827,0.006021591626871281,0.03543737247643438,1.0081299938315726,0.05378398252029182,0.11966321754126633,0.060781843524307815,1.158422161340226,0.08094611610395983,0.055316974424804974,0.12349033754098146,1.1656626935952616,0.33282435505934255,-0.05531697442480501,0.12349033754098149,0.9184555851271385,0.19911089381587396,-0.11966321754126634,0.06078184352430783,0.4978838618472765,0.2658196928930517,-0.0031858308268579716,0.08277499365549854,0.9995534194852673,0.11504542862037581,0.08749009598303566,0.044803829069239805,1.1620424274677439,0.1351443035784129
0.0,92,Massaging,XGBoost,0.5,0.5,german_t0.0_k92,0.7435507519584432,0.030633315681345617,0.713960208907187,0.03147072148833959,0.7056446460048178,0.03325529596668781,0.7893542511112706,0.020139233422924525,0.8184754324200213,0.037439701408217334,0.8033337345416852,0.025228933413078566,0.8184754324200213,0.037439701408217334,0.3905550146056475,0.04594374414400105,0.6094449853943524,0.04594374414400106,0.18152456757997856,0.037439701408217355,-0.020561354576552438,0.08071445089541399,0.973801394163889,0.11759159401197555,0.0941552106430155,0.038901417816832116,1.1219841842812825,0.05384299573039275,0.05728103090747509,0.15291736604894302,1.2228885017421605,0.5104359475401675,-0.05728103090747505,0.15291736604894296,0.9241915050749887,0.22527030992229086,-0.0941552106430155,0.038901417816832116,0.5700814712440543,0.12399078317565267,-0.015203246197428365,0.06449614149990836,0.9818748843510872,0.08731749292783737,0.07571812077524531,0.08528389746029877,1.1724363430117215,0.26591713830734476
0.0,92,FairOversampling,LogReg,0.5,0.5,german_t0.0_k92,0.7215784843533994,0.01821271134476792,0.7267091295015059,0.012388579775420154,0.7257838853418896,0.01262418461798352,0.8325567186707765,0.011708502367044332,0.7084328646505289,0.038919439860613365,0.7648020162160083,0.021558946474646696,0.7084328646505289,0.038919439860613365,0.255014605647517,0.028288202589318797,0.7449853943524829,0.028288202589318804,0.2915671353494712,0.038919439860613386,-0.12750588626034892,0.04430902748100755,0.7872012462529704,0.06771161472486346,0.0042310914018231175,0.08252021493016803,1.0145487324582416,0.12749460552256905,-0.07397106744346796,0.11683807712208315,0.8583059724828018,0.48125896360533094,0.07397106744346793,0.11683807712208308,1.1189602746508236,0.16541465538048314,-0.004231091401823106,0.08252021493016799,1.0278165404766981,0.25281374737512874,0.03908019562698868,0.08629024996301896,1.0642034453177533,0.13171021295083798,-0.03486998802082242,0.049332525241806056,0.9364273524705217,0.21499724251542168
0.0,92,FairOversampling,XGBoost,0.5,0.5,german_t0.0_k92,0.7554857358300867,0.01475937763564603,0.7338559135496302,0.022301647813960886,0.7282064419684546,0.027065185770849477,0.810298418744833,0.02327905597846164,0.8098734629317823,0.03385717478323358,0.8092177805000208,0.012626117480120026,0.8098734629317823,0.03385717478323358,0.3421616358325219,0.06588263019661997,0.6578383641674781,0.06588263019661997,0.19012653706821775,0.03385717478323356,-0.1851257973838849,0.022894460557401877,0.7384937372302022,0.03405491796415609,-0.005255235279625503,0.06318350366591785,0.9975693190965776,0.07520950475539408,-0.20068398011915342,0.0667447897202572,0.5367886178861789,0.17807457570850826,0.2006839801191534,0.06674478972025721,1.3564473817098417,0.10466608618129673,0.005255235279625514,0.06318350366591784,1.122982880342995,0.4626680296192584,0.04070321929275578,0.07807094413861042,1.0584032661215943,0.10625854825082638,-0.10296960769938948,0.022496216931977023,0.7671789684913781,0.06338609740032843
0.0,92,FAWOS,LogReg,0.5,0.5,german_t0.0_k92,0.7307276611788363,0.021849813476373457,0.6681790788250591,0.020176225546584915,0.6301200373409392,0.020004583264233104,0.7415338970894104,0.01049359985509625,0.8899771125348961,0.029236335667628992,0.8088888424887811,0.01718700505767149,0.8899771125348961,0.029236335667628992,0.5536189548847776,0.02021124958089315,0.44638104511522236,0.020211249580893178,0.11002288746510389,0.02923633566762899,-0.12664783734210136,0.07072484605324951,0.8477763566099936,0.08578226496881311,0.008116284799211605,0.048893954224621373,1.0099205806465033,0.05477386626102649,-0.14515634771732333,0.15106449691851132,0.7953654794166989,0.22860017526136148,0.14515634771732336,0.15106449691851134,1.4895773475687393,0.4850108082781259,-0.008116284799211627,0.04889395422462135,0.9480351626693091,0.5206932822211322,-0.03835655478579163,0.05922568432557069,0.950318015008939,0.07840527325596226,-0.06852003145905586,0.08115731124601062,0.9026430300316012,0.12178788487530043
0.0,92,FAWOS,XGBoost,0.5,0.5,german_t0.0_k92,0.7801935402789997,0.028724596378098575,0.7425538065121814,0.0309072051573317,0.7297483988917544,0.0343618149003814,0.8005345139188813,0.02039229487524686,0.8756301706355281,0.034571686746664915,0.836094098557931,0.022536110567149707,0.8756301706355281,0.034571686746664915,0.3905225576111652,0.05052300007191751,0.6094774423888347,0.05052300007191752,0.12436982936447194,0.034571686746664915,-0.22031904403484512,0.062237950673956835,0.720308550695344,0.07277579139318564,-0.034823109140182294,0.05466078968677564,0.9629889763053159,0.05961131301595953,-0.2388221256706494,0.14039404598261285,0.5618497782705101,0.24711376198182372,0.23882212567064945,0.1403940459826128,1.531880348737698,0.32804725674068114,0.034823109140182315,0.054660789686775624,1.5694769190935798,0.7976609328619874,0.013276674545268064,0.07327001960275581,1.0206490387958802,0.09813854509692185,-0.13682261740541585,0.07401827964265327,0.762419377287913,0.12619733437270136
0.0,92,HeterogeneousFOS,LogReg,0.5,0.5,german_t0.0_k92,0.7224791588119475,0.02678252394458314,0.7278653148428892,0.02716948739594195,0.7272389465219338,0.027307768302764174,0.8337201698030967,0.02212988484698537,0.7084732457195337,0.03241365540153037,0.765694247874333,0.025105201489546272,0.7084732457195337,0.03241365540153037,0.25274261603375525,0.038489069121394076,0.7472573839662447,0.03848906912139408,0.29152675428046626,0.032413655401530385,-0.1338839892506461,0.0513840653229311,0.7758978626303573,0.08116693281594198,0.025231091401823134,0.06894807943862795,1.040893685079616,0.10599076058708788,-0.12004970211645434,0.11785449948774923,0.653630662020906,0.3614914976656856,0.12004970211645438,0.11785449948774923,1.1855273077077115,0.18028758353228347,-0.025231091401823114,0.06894807943862792,0.9330213558379642,0.20810969714800673,0.06917397342043852,0.0778799383078522,1.1050720326762637,0.12215292220667935,-0.04740930535731561,0.05930154247411477,0.847262173550261,0.1710162067089099
0.0,92,HeterogeneousFOS,XGBoost,0.5,0.5,german_t0.0_k92,0.7610070797201625,0.024657482290965482,0.7263582085737667,0.035742057839615114,0.7138012966754088,0.04326755822419319,0.7948282956170309,0.03161150311606045,0.8484970078648327,0.02836055723932395,0.8200202457780064,0.016419342678240384,0.8484970078648327,0.02836055723932395,0.3957805907172996,0.08302791017251283,0.6042194092827005,0.08302791017251283,0.15150299213516724,0.02836055723932395,-0.18781147619722907,0.060599011568798544,0.7505949174282508,0.07895514887515856,-0.017924858339492488,0.03354094868126827,0.9793761579797984,0.03839684324838404,-0.19762779368684377,0.1075965905488809,0.5969511353498628,0.19913409343294916,0.19762779368684377,0.10759659054888092,1.412031085604974,0.27753566781022265,0.017924858339492485,0.033540948681268286,1.1419636947663077,0.26634988388092473,0.01210368670400963,0.051249347650253005,1.0163972742030107,0.06711741028522819,-0.10777632601316814,0.06550925287351402,0.7881636466648305,0.10857045015957079
0.0,92,FairwayRemover,LogReg,0.5,0.5,german_t0.0_k92,0.7032801307025262,0.01065376992330638,0.6339488998472794,0.012246865125984472,0.5835075628723587,0.02009077443075605,0.7197842041300425,0.009223519608560167,0.8800691726254255,0.021524418353652493,0.7917069265516816,0.00852202733065489,0.8800691726254255,0.021524418353652493,0.6121713729308665,0.0316109132046653,0.3878286270691334,0.03161091320466532,0.11993082737457453,0.0215244183536525,0.01143367072271868,0.07419588617569059,1.017355223628981,0.0955762286300655,0.036157427937915786,0.0700172089954218,1.0432943843823845,0.08101530393226622,0.13178104736512952,0.10718020445060526,1.2634914985171726,0.23308352550875705,-0.13178104736512952,0.10718020445060523,0.7308754355400697,0.1940321829578971,-0.036157427937915744,0.07001720899542181,0.7861321915769549,0.537352497761657,-0.14066428700546035,0.03610349014544328,0.8147032393350797,0.04363033977596484,0.08396923765152266,0.08013249468542359,1.1533929414497786,0.14406506392994944
0.0,92,FairwayRemover,XGBoost,0.5,0.5,german_t0.0_k92,0.6886598801893511,0.013529019928318658,0.6241541659756488,0.014155155047083222,0.5805121523548551,0.017602204273523527,0.7158472367530865,0.009155638238490315,0.8528847681733034,0.015108000614256907,0.778335290434415,0.010297964269761912,0.8528847681733034,0.015108000614256907,0.6045764362220059,0.02159392894479166,0.39542356377799415,0.021593928944791625,0.1471152318266967,0.015108000614256933,-0.023673179725552072,0.02940645488657647,0.9694442286119827,0.03814572506035588,0.004542744518354324,0.086719076575474,1.006788719655308,0.10093593040981284,0.07649912774431392,0.06138547362308436,1.1452725023297663,0.12347350398064122,-0.07649912774431387,0.061385473623084344,0.8366451458632232,0.12160630606458948,-0.004542744518354275,0.08671907657547395,1.0243165650406505,0.6310302289410863,-0.12919892211341122,0.06331056287190007,0.8265644835078003,0.0800903685938876,0.04052093613133412,0.026932994974643024,1.0760306109925373,0.03915673442293546
0.0,92,DisparateImpactRemover,LogReg,0.5,0.5,german_t0.0_k92,0.7618532947928449,0.02847278859416589,0.7266335986593802,0.028408814679688154,0.7156887180447057,0.02901045398067607,0.7923932664538377,0.016361669826443357,0.8513846916387863,0.03163221569206812,0.8207234688483942,0.022509217535036808,0.8513846916387863,0.03163221569206812,0.39811749432002597,0.03147783006182304,0.6018825056799739,0.031477830061823024,0.14861530836121378,0.03163221569206813,-0.35358872618397397,0.048500027961679494,0.5689124828753002,0.053501263620899416,-0.1752739591032274,0.03740175129948897,0.8057066697675703,0.04071495523515162,-0.3978909515815806,0.11582656429233473,0.34736307079276324,0.1642378679841999,0.3978909515815806,0.11582656429233473,2.033738446363536,0.37268220559782134,0.17527395910322738,0.03740175129948895,3.0586728312338067,0.8848285049107883,-0.0010465312999432986,0.061418839586540284,0.9998613521821957,0.08098861972654323,-0.286582455342404,0.05429827083091009,0.5765348702801668,0.07605999571241767
0.0,92,DisparateImpactRemover,XGBoost,0.5,0.5,german_t0.0_k92,0.7664781534079008,0.010542697721061024,0.7329746874833456,0.014732005151635684,0.7226059479163508,0.018664537655365354,0.798363643033508,0.013437312450513767,0.8513437274496513,0.023367253536663073,0.8236717020163526,0.008855347418503055,0.8513437274496513,0.023367253536663073,0.38539435248296006,0.042284550877102756,0.6146056475170399,0.04228455087710274,0.14865627255034877,0.023367253536663087,-0.23199558784510882,0.06454273069287193,0.7019555203027427,0.06440611850689834,-0.07015274698201528,0.08595994875221807,0.9237113456868332,0.09158032198058169,-0.2285267107731806,0.07199169671106179,0.5522642736840229,0.10474060000687441,0.2285267107731806,0.07199169671106177,1.4844087741526764,0.20797469896644868,0.07015274698201528,0.08595994875221809,1.9735958927679083,1.4691182831928857,-0.004344767424538443,0.049021660738615316,0.9955008033548636,0.06336647323965504,-0.14933972887759794,0.07191168367782073,0.7379878096854281,0.08047572765492088
0.0,92,LearningFairRepresentations,LogReg,0.5,0.5,german_t0.0_k92,0.7563487076368816,0.031017498465439674,0.7178280851137643,0.032425501990468224,0.7045549144523273,0.03409939383314541,0.7846555574273821,0.01990481469003694,0.8542215710714103,0.02978182616479099,0.8179057730603286,0.023820316703091406,0.8542215710714103,0.02978182616479099,0.41856540084388183,0.0393173855059963,0.5814345991561182,0.0393173855059963,0.14577842892858967,0.029781826164790998,-0.37203162692878955,0.04824964723192603,0.5550702727065504,0.05223210101819606,-0.1722739591032274,0.042402808509842065,0.8099778602535439,0.04299396880513516,-0.4602656265429051,0.13309737675380384,0.30580216521626913,0.16414742992806805,0.4602656265429051,0.13309737675380384,2.4299852180339987,0.6175002902127487,0.1722739591032274,0.042402808509842065,3.2181676047529706,1.3941338450921608,0.019476965837323435,0.07464722761952562,1.0288532109202069,0.10054514534101303,-0.3162697928230662,0.05668209390212211,0.5578900127349066,0.07031446156827378
0.0,92,LearningFairRepresentations,XGBoost,0.5,0.5,german_t0.0_k92,0.7307695530141175,0.006695785787255405,0.6945408964127757,0.009968024191318032,0.6818896388742212,0.015292731980395484,0.77247887006672,0.010818128941420408,0.8227721530981901,0.021963090084442836,0.7965552564728384,0.007405116562036022,0.8227721530981901,0.021963090084442836,0.43369036027263874,0.03725556851881612,0.5663096397273611,0.037255568518816125,0.17722784690180987,0.02196309008444283,-0.285827789054063,0.09309060156804563,0.6437823777630846,0.09467892370128422,-0.10705099778270508,0.11160349806361575,0.881580900585945,0.1243458759710615,-0.358885323063757,0.09342444668177373,0.4282960915012877,0.08568674592969179,0.358885323063757,0.09342444668177376,2.0361067073170735,0.47429439549143587,0.1070509977827051,0.1116034980636158,2.280601045296167,1.611842501459958,0.02069671242095854,0.04343606550279952,1.0300409201410576,0.06002263357155867,-0.23296816042323104,0.10101309787798644,0.6549384960436164,0.1018768208498554
0.0,92,ReweighingClassifier,LogReg,0.5,0.5,german_t0.0_k92,0.7334799547568178,0.028919015609877415,0.6860346158306851,0.027869069690563908,0.6646307964872082,0.02857720133032551,0.7597669766973818,0.01581705385459863,0.8542827986850641,0.03849717575183385,0.8039936495541167,0.023198127247689902,0.8542827986850641,0.03849717575183385,0.48221356702369367,0.03457296138492399,0.5177864329763063,0.03457296138492398,0.14571720131493587,0.03849717575183388,-0.08534763951594815,0.047653622333596546,0.8872303795906656,0.0625448875945537,0.009400591278640036,0.06663950563796152,1.0118874315303703,0.07608823811997459,-0.018745103847799614,0.15206080568423003,0.9959939024390243,0.3205250680592893,0.01874510384779964,0.15206080568423005,1.066254578391793,0.3017380048850483,-0.00940059127864006,0.06663950563796153,0.9562183451978061,0.5821507388439088,-0.06237962681795748,0.09345657353863264,0.9210616591730527,0.11964965760326164,-0.00467225628457979,0.05523944557704488,1.0039406669846973,0.1307328380668382
0.0,92,ReweighingClassifier,XGBoost,0.5,0.5,german_t0.0_k92,0.7655439654811278,0.013157501904216405,0.7321972580777345,0.01395339463618516,0.7213866517436768,0.018136497655494715,0.798328410311493,0.014320090753032609,0.8498537826273935,0.03712595861775674,0.8225922775733501,0.013839479787068993,0.8498537826273935,0.03712595861775674,0.38545926647192474,0.04984694872085927,0.6145407335280753,0.049846948720859284,0.15014621737260647,0.037125958617756756,-0.21480051298712083,0.0486103933459179,0.7179689986438352,0.06284923856355534,-0.040600147819659996,0.05983655540708095,0.9558360831217255,0.06583268431706127,-0.22829580988117573,0.07130288322981054,0.5420386178861789,0.1543206587643472,0.22829580988117576,0.07130288322981054,1.45643702752817,0.13321146666967962,0.04060014781966002,0.05983655540708095,1.4994341964428046,0.685047796887877,0.012913474925479385,0.05998401089273045,1.0200184043314295,0.07998689544560389,-0.13444797885041787,0.046757749421081955,0.7489373505039522,0.08263436654416917
0.0,92,FairBalanceClassifier,LogReg,0.5,0.5,german_t0.0_k92,0.7252021281052323,0.03835205550597992,0.7311498727962755,0.03471403002068518,0.7305595110299468,0.03508459807429355,0.8359604833289044,0.021313228499644177,0.7098816995036189,0.04928624654346045,0.7673279772642603,0.03683044320454112,0.7098816995036189,0.04928624654346045,0.24758195391106783,0.027394664730065403,0.7524180460889321,0.02739466473006542,0.29011830049638104,0.04928624654346046,-0.14423055997883028,0.049236456161426356,0.7612422407935358,0.07539699294964572,0.009210889381621068,0.06338331960810864,1.0173475702266024,0.09747525029181107,-0.11965159145518581,0.12943274521493436,0.7117194066096506,0.47533168790151087,0.11965159145518581,0.1294327452149344,1.192558840904247,0.19199001382834996,-0.009210889381621096,0.06338331960810864,0.9867771318990833,0.19172144845334083,0.060907999084705546,0.07534380721502106,1.0933062081451415,0.11773398073342382,-0.05522035103678238,0.06202325959605034,0.8645334884181264,0.2290130159679584
0.0,92,FairBalanceClassifier,XGBoost,0.5,0.5,german_t0.0_k92,0.7582547861421809,0.014386058801476696,0.7315866199083245,0.02238737074308115,0.7238024890761381,0.027212154041349714,0.80425833608136,0.024225231995448862,0.825588040206133,0.03289114151697108,0.8139250710946275,0.011778812024294621,0.825588040206133,0.03289114151697108,0.3624148003894839,0.06653789946985729,0.637585199610516,0.06653789946985729,0.17441195979386703,0.03289114151697109,-0.22434473430459062,0.04379626248130306,0.6984735083235083,0.04917796154872752,-0.05519389012071936,0.06668595501845453,0.9377935915697879,0.07349682828447968,-0.2315814160165893,0.10537116150476845,0.5247330623306234,0.17572270571761678,0.23158141601658935,0.10537116150476844,1.4850919641805114,0.3087510099986282,0.0551938901207194,0.0666859550184545,1.5256158999478193,0.7470322385714716,0.016566438869074718,0.07398359217621366,1.0252538857543154,0.09786150094034117,-0.14338765306865434,0.05814683268966256,0.7312633269502057,0.07919918904935234
0.0,92,FairMask,LogReg,0.5,0.5,german_t0.0_k92,0.7536215491600686,0.02740801168322205,0.7151496278375589,0.0279475704908265,0.7018035854222722,0.02938411185637364,0.7830875562299735,0.017050088502090607,0.8513638450941375,0.02983091140994517,0.8156904948794604,0.021713087310679773,0.8513638450941375,0.02983091140994517,0.4210645894190198,0.03493337736714355,0.5789354105809802,0.034933377367143574,0.14863615490586254,0.02983091140994516,-0.18152957256184543,0.058236845394655755,0.7633849163179408,0.07261734045815063,-0.03551860064055186,0.06451375276623283,0.959289511679472,0.0732412957399661,-0.1694256278595175,0.12310692160076542,0.681608145183619,0.236700759103378,0.16942562785951748,0.12310692160076542,1.363782366605179,0.2632682823063717,0.03551860064055186,0.06451375276623286,1.2826080445014978,0.5400972131251609,-0.015462338757647954,0.06950955739476157,0.9810706035776692,0.09058037718564108,-0.10247211425003466,0.06591722537891061,0.8204488284315454,0.11750442066896266
0.0,92,FairMask,XGBoost,0.5,0.5,german_t0.0_k92,0.7793138117380922,0.01386526722035303,0.7463122590836805,0.02098921496367497,0.7355926131385339,0.025863233518595794,0.8077038876156524,0.02282201515135545,0.8627316262491526,0.03269702246008701,0.8335283033577762,0.01121069884612494,0.8627316262491526,0.03269702246008701,0.3701071080817916,0.06339820669496117,0.6298928919182083,0.06339820669496118,0.13726837375084733,0.03269702246008701,-0.20329864878505183,0.07461456429250546,0.7356516991905592,0.08727513218078964,-0.016600147819660016,0.08311043632927671,0.9850298666458899,0.09380655892722234,-0.216716368783121,0.11382041167905405,0.5657120133313135,0.2232533398942426,0.216716368783121,0.11382041167905403,1.4555483971160046,0.27411068294774055,0.016600147819660016,0.08311043632927674,1.3758429375502548,0.8891765301406167,0.022509920481401102,0.05976810090547802,1.0314292673574073,0.07952850617024032,-0.11665825830139051,0.0884336285733919,0.7753709399886016,0.13384694539400332
0.0,264,Baseline,LogReg,0.65,0.6498257839721254,german_t0.0_k264,0.7990432273040968,0.006061953569456772,0.7944805694567997,0.005458845324282373,0.793270230562112,0.005236578789442588,0.8072021979301198,0.005669434652141748,0.8371596218465956,0.01358947429458459,0.8218311383365222,0.00646612286565083,0.8371596218465956,0.01358947429458459,0.24819848293299623,0.008950347118727888,0.7518015170670038,0.008950347118727886,0.16284037815340432,0.01358947429458458,-0.5287192921171255,0.049800036561384896,0.35212743164462856,0.03836103557657172,-0.2111318058635132,0.06213543700096027,0.766636003656751,0.06319451498091795,-0.5267346536820221,0.0754201300685581,0.1205263920046529,0.04436014034015504,0.5267346536820222,0.07542013006855809,2.3609759759759763,0.4226737962103491,0.21113180586351316,0.062135437000960234,3.3830429732868756,1.1917211225230713,0.08413972825481116,0.03652045117000295,1.1118707410884217,0.050845249867177554,-0.3689332297727676,0.05355172193480489,0.4435811978307019,0.043685729092853925
0.0,264,Baseline,XGBoost,0.65,0.6498257839721254,german_t0.0_k264,0.8037894472677081,0.029484393136544843,0.7974855020628843,0.029747162163726932,0.7951845637464323,0.030115332891938306,0.8030573934912528,0.024540477097355882,0.8557010926213436,0.03180639644428075,0.8284093959968797,0.026157098956859293,0.8557010926213436,0.03180639644428075,0.2607300884955752,0.03556996504999799,0.7392699115044248,0.03556996504999798,0.14429890737865633,0.031806396444280766,-0.4046259881636858,0.04766651052704865,0.47797722078085947,0.05221308149135077,-0.06959940872135997,0.04341619074199763,0.920817579764838,0.05022464581701295,-0.37317051464419887,0.12385799091011408,0.2828471280645194,0.10599693317192521,0.3731705146441989,0.12385799091011407,1.8494869498069497,0.44389580339204054,0.06959940872135993,0.04341619074199766,1.6386652798421093,0.4229255925794763,0.07531444132639235,0.04812797257503314,1.1018485719660833,0.06751224220660663,-0.22138496168277944,0.07603720811091554,0.6018323539146787,0.06944116445825899
0.0,264,FairSmote,LogReg,0.65,0.6498257839721254,german_t0.0_k264,0.7602704059225799,0.01763422389844707,0.7623372128076918,0.0154096882874692,0.761599186133311,0.015795922469098292,0.8088639787292953,0.008876367204929006,0.7428002157544482,0.039823710328098,0.773838316502322,0.021626743225219718,0.7428002157544482,0.039823710328098,0.21812579013906447,0.01873250255870419,0.7818742098609356,0.018732502558704216,0.2571997842455519,0.039823710328098005,-0.25523305740314794,0.06375243330682807,0.5969757223002372,0.07639596153707438,0.0818450357230845,0.08973170418626657,1.1242786998733552,0.13886596529766335,-0.2401034394718605,0.057328514985004256,0.3716579794079794,0.08978201594986478,0.24010343947186055,0.05732851498500425,1.3933311466934657,0.113281423485831,-0.0818450357230845,0.08973170418626658,0.7535473919656888,0.27705875540408165,0.14877440685544735,0.049334661883710246,1.218816610723916,0.08174526622748095,-0.07912920187438802,0.06324645250792801,0.7479683396406672,0.09844086289492168
0.0,264,FairSmote,XGBoost,0.65,0.6498257839721254,german_t0.0_k264,0.7990463642637555,0.022590535707566452,0.7959872974471918,0.022843954210471227,0.7953045079039671,0.02304027439704246,0.8151902601109245,0.020583462764003697,0.8243228881940041,0.026305750699301248,0.8195540728790143,0.02042226231734854,0.8243228881940041,0.026305750699301248,0.23234829329962073,0.03001511904571097,0.7676517067003793,0.030015119045710963,0.17567711180599593,0.02630575069930122,-0.28897988265586905,0.03734942581908737,0.5822717882338513,0.05141692608080009,0.0371559497413156,0.07187888938199526,1.0482766258203013,0.09014934906092731,-0.2107682095050516,0.13624650288280815,0.5482475584828526,0.4039802271398533,0.21076820950505165,0.13624650288280815,1.3767664838751794,0.23295475478905533,-0.03715594974131559,0.07187888938199528,0.8491030920299213,0.36238315017326206,0.0809211158190987,0.07557236383822487,1.113314144944483,0.10078821379493519,-0.086806129881868,0.05885559379914362,0.7982620921515771,0.18873185198413026
0.0,264,Massaging,LogReg,0.65,0.6498257839721254,german_t0.0_k264,0.6795376121463079,0.03977926532307206,0.6741409374584955,0.03866501788909119,0.6720842862064877,0.03824488016177365,0.7043987575083392,0.0311012341449234,0.7241668306692033,0.05068094160167995,0.7139393197852996,0.04017342382268635,0.7241668306692033,0.05068094160167995,0.37588495575221237,0.031910601295757145,0.6241150442477876,0.03191060129575715,0.27583316933079677,0.05068094160167993,0.0018172506375130348,0.1058478062086739,1.0294920619312198,0.2246757428248288,0.26159965508745997,0.09385030807450288,1.429659508543672,0.22919237400211032,0.03048955027902398,0.09567314381094369,1.1325958967370733,0.3504690209439911,-0.030489550279023937,0.09567314381094369,0.9627471814671816,0.13323773355037682,-0.26159965508745997,0.09385030807450295,0.2718667315538495,0.09272895291921669,0.070008486554557,0.020520255998771914,1.1106454964737904,0.039494179120702924,0.146044602683242,0.09320395804838774,1.2811277026403727,0.28758692158451504
0.0,264,Massaging,XGBoost,0.65,0.6498257839721254,german_t0.0_k264,0.7048560135516657,0.04024259112091397,0.6997209724218365,0.03882685186629034,0.6972480479105703,0.038520663125931075,0.7269999551763278,0.03107772525184657,0.7470241193063786,0.0609379597678194,0.7361425696075428,0.04226195050723139,0.7470241193063786,0.0609379597678194,0.3475821744627054,0.04222561119461115,0.6524178255372945,0.042225611194611115,0.2529758806936214,0.0609379597678194,-0.004428389673969646,0.11008758037218139,1.0266443620841097,0.2413804773127239,0.22984355752648433,0.12119673784521566,1.373686836818377,0.2793501787046028,0.09880439143597039,0.10759323110191453,1.5299692633810282,0.5424007901987797,-0.09880439143597038,0.10759323110191452,0.8814160086874214,0.14088103897005264,-0.2298435575264844,0.12119673784521567,0.30901087617797207,0.15544656838140072,0.030137208044117746,0.04224928441770927,1.0491690059107417,0.07204027059862149,0.16432397448122738,0.10870056028138908,1.4518280500997025,0.3957405003654664
0.0,264,FairOversampling,LogReg,0.65,0.6498257839721254,german_t0.0_k264,0.7594673442499531,0.025330415275386355,0.7674544276137312,0.024131239317461167,0.7634409088394747,0.02554131920751793,0.8449528602809172,0.020981939185470144,0.6927786403096369,0.03985924478034095,0.7608346078095545,0.029253965448975596,0.6927786403096369,0.03985924478034095,0.15786978508217447,0.023903920293271774,0.8421302149178256,0.023903920293271774,0.3072213596903632,0.03985924478034095,-0.3370824285301085,0.07055427367737552,0.45144976661805536,0.07669151480115616,-0.043098546440009856,0.10507070282829431,0.953000176740898,0.15880358179014448,-0.29155341576394206,0.07338922324118863,0.17709788814788816,0.07942713615052101,0.29155341576394217,0.07338922324118861,1.463463207984947,0.15472161746403254,0.043098546440009836,0.1050707028282943,1.2207023307141323,0.34949953923624,0.15348491368424577,0.06137243235131558,1.2292116390646899,0.10541506401132834,-0.167325981101976,0.07148800370710662,0.5650490324443931,0.09662307557846057
0.0,264,FairOversampling,XGBoost,0.65,0.6498257839721254,german_t0.0_k264,0.7863918690005647,0.029685701464186812,0.7838373119993932,0.029065075546178678,0.7832883241140813,0.029049228864986797,0.8070128466599217,0.022321432018597837,0.8071183660973957,0.03871859089609404,0.8068414207481209,0.028811309011644276,0.8071183660973957,0.03871859089609404,0.23944374209860936,0.028790984837058373,0.7605562579013907,0.02879098483705837,0.19288163390260435,0.03871859089609404,-0.34751803548058346,0.045392858338800385,0.5128750167961069,0.049416207369891156,-0.022315841340231568,0.05513383933717414,0.9748798618661889,0.06914839071686656,-0.3104535142429879,0.12823230669185712,0.33114176514176513,0.1441696036113913,0.31045351424298795,0.12823230669185712,1.6290191824718678,0.36598146286841804,0.02231584134023158,0.05513383933717415,1.1717887664079416,0.29091601121459537,0.09760836098863815,0.0630046504544297,1.138311856716891,0.09430747353214235,-0.16638467779160973,0.07316217204875672,0.6530108135039769,0.07801340269074808
0.0,264,FAWOS,LogReg,0.65,0.6498257839721254,german_t0.0_k264,0.7673787565091913,0.027339487987079934,0.7548576787761496,0.02690734724934881,0.7455409524413318,0.026886609999150463,0.7493644621014776,0.019608775933238946,0.8714252184878237,0.03615124935575291,0.8055919460143486,0.024232037064102697,0.8714252184878237,0.03615124935575291,0.36170986093552465,0.03041304277813799,0.6382901390644753,0.030413042778137982,0.12857478151217627,0.03615124935575293,-0.3242383865043795,0.05278543689861605,0.5919230729302025,0.05089861558204451,0.034135747721113566,0.055619442126322124,1.0422422469960606,0.0677473441769949,-0.37098150782361305,0.04398635866339121,0.3894763685198468,0.05489221113785785,0.37098150782361305,0.043986358663391234,1.9616516592222475,0.1913970395839581,-0.034135747721113587,0.05561944212632212,0.8373255184557193,0.39209067650749646,0.0783100408714102,0.023270444103887237,1.1083700739886437,0.03727502296952299,-0.16842288005124978,0.03679486418746404,0.7158593077579537,0.05343384527783452
0.0,264,FAWOS,XGBoost,0.65,0.6498257839721254,german_t0.0_k264,0.8029989334337161,0.010267858863075466,0.7935338430441865,0.010716034927020921,0.7885173830700624,0.011355720802112433,0.7881484096462765,0.010831268749924234,0.8814260931680188,0.014718751587915187,0.8320790759411449,0.008721682789536667,0.8814260931680188,0.014718751587915187,0.294358407079646,0.020181308729170275,0.705641592920354,0.020181308729170306,0.11857390683198121,0.014718751587915156,-0.3751720769403285,0.04691025080740749,0.5260015685617689,0.0475850008461672,-0.022127617639812767,0.03684063554866936,0.9753361619158556,0.04190012062280556,-0.3618738738738739,0.1102951898186454,0.33617444717444717,0.10392776427737065,0.3618738738738739,0.11029518981864539,1.8509447174447176,0.4345872186080637,0.022127617639812764,0.03684063554866939,1.2166708359391287,0.3100245328441445,0.07047422523989529,0.042262150192423194,1.0932694672282997,0.057460013706814986,-0.19200074575684334,0.05933691536854053,0.6557553045451514,0.06127954457607891
0.0,264,HeterogeneousFOS,LogReg,0.65,0.6498257839721254,german_t0.0_k264,0.7547273982056592,0.01450074184187384,0.7580723671593967,0.01330539901373264,0.7571533673721315,0.013627604050579816,0.810612607593334,0.01245727871202132,0.7270960617524218,0.02988058214713972,0.7662410329435676,0.017601911155776164,0.7270960617524218,0.02988058214713972,0.21095132743362832,0.017600666463007796,0.7890486725663717,0.017600666463007807,0.27290393824757825,0.029880582147139744,-0.2239021071305444,0.06715541858180528,0.631637070599955,0.09559949622985572,0.11072308450357231,0.06038604356733981,1.1650738154632512,0.10175769640528907,-0.20329926687821423,0.08300811328367777,0.4343799871299872,0.18061083410542939,0.20329926687821426,0.08300811328367774,1.3213945871337174,0.14698749685851004,-0.11072308450357231,0.06038604356733983,0.6533280191369293,0.1377446087820896,0.15573637373653504,0.027916442320543154,1.2290331473229221,0.04554994601133338,-0.046288091187320954,0.06986641199897016,0.7997269012966193,0.13707892205035807
0.0,264,HeterogeneousFOS,XGBoost,0.65,0.6498257839721254,german_t0.0_k264,0.7855888073279378,0.019730533646637627,0.778519833244414,0.019652022387583623,0.7757109321959812,0.019634703596251083,0.7848000528771857,0.014893533726537223,0.8443026247694853,0.02169387176945635,0.8134327609865943,0.01753292553390611,0.8443026247694853,0.02169387176945635,0.2872629582806574,0.019487181021270356,0.7127370417193426,0.019487181021270394,0.1556973752305147,0.021693871769456363,-0.3348962597114011,0.053519597818717415,0.5538174775858298,0.06029119535211681,0.016237496920423755,0.0452034458003586,1.0210996775692327,0.05412875877767751,-0.3331973593026224,0.12482801801068871,0.3671455625985038,0.14400350910911336,0.3331973593026225,0.12482801801068868,1.7434069784069783,0.379196751269299,-0.016237496920423748,0.04520344580035857,0.9578830115700537,0.31334317663559696,0.0927784191327724,0.05752232421790188,1.1291164353907956,0.08007769615085444,-0.15847993119109932,0.06639377585826539,0.6941226200838683,0.07970722650624862
0.0,264,FairwayRemover,LogReg,0.65,0.6498257839721254,german_t0.0_k264,0.6281510759771629,0.02009461433263892,0.5981744531749053,0.02404362370333071,0.5261135689601384,0.04539514506793122,0.6160734435360645,0.018606501008836766,0.8772117382082175,0.02237330365344415,0.7233533766827317,0.009183439993300482,0.8772117382082175,0.02237330365344415,0.6808628318584071,0.06325460735807659,0.31913716814159293,0.06325460735807656,0.1227882617917824,0.02237330365344415,0.02782129952554686,0.09491523884152539,1.0366002213929935,0.12208509788810935,0.025974131559497394,0.040586385762040704,1.029382739260282,0.046408394349617584,0.22168523179049493,0.15768567595074645,1.446298750924838,0.32900137520507816,-0.22168523179049493,0.15768567595074645,0.5536244744744745,0.30639802204022537,-0.025974131559497415,0.04058638576204071,0.7776219512195122,0.3252834784172386,-0.285728220443572,0.077117850206178,0.6254335062560842,0.09298714810698899,0.12382968167499617,0.09802022576783878,1.2378407450925597,0.1857593864991262
0.0,264,FairwayRemover,XGBoost,0.65,0.6498257839721254,german_t0.0_k264,0.6352468787251395,0.025164921097329044,0.6087420753071265,0.02652335921437492,0.5551908289031119,0.03895812154418119,0.6250081005526329,0.019484513461350612,0.8557110785535705,0.015926321542602987,0.722237086028762,0.016290747195518072,0.8557110785535705,0.015926321542602987,0.6382269279393172,0.04687829479407243,0.3617730720606827,0.04687829479407243,0.1442889214464295,0.015926321542602984,0.0015207655819923448,0.06894456600762201,1.0040883499266395,0.09073478166179415,0.0002988420793299085,0.043469341343059666,1.0005803681601964,0.05095350259698009,0.20532705985337563,0.13299765668390545,1.4715991575991576,0.3564529698696149,-0.20532705985337563,0.13299765668390542,0.6173865683865685,0.22330845335821994,-0.000298842079329889,0.04346934134305965,1.0060373112659697,0.2964859431613147,-0.2669001420487489,0.053055675580050664,0.6484858071386949,0.062457809962233574,0.10281295096635276,0.08350168049709389,1.236089762879677,0.19852878487357378
0.0,264,DisparateImpactRemover,LogReg,0.65,0.6498257839721254,german_t0.0_k264,0.7958748980488111,0.015482999474482196,0.7912764154547733,0.015005527438447033,0.7900398106398011,0.014825548704889007,0.8043719729356379,0.01124669672848929,0.8343227424139716,0.021485398080316905,0.8189858065616077,0.014653466314089196,0.8343227424139716,0.021485398080316905,0.2517699115044248,0.0142968977180562,0.7482300884955752,0.014296897718056185,0.16567725758602844,0.02148539808031692,-0.5287668996573773,0.03185494624342801,0.3511879900435391,0.028040641530493533,-0.20688790342448876,0.0679040705893502,0.7705552846852719,0.06951784350341046,-0.5372609694714958,0.06639453370422367,0.11713653913653914,0.04004556092934737,0.5372609694714958,0.06639453370422367,2.4153642970701794,0.3938046154399921,0.20688790342448876,0.0679040705893502,3.4228334673456624,1.502102341598915,0.08993153677295347,0.053684909649634495,1.1225785179185903,0.07750462352816877,-0.37207443644799226,0.02722202497847173,0.4438459119109055,0.034690353804802836
0.0,264,DisparateImpactRemover,XGBoost,0.65,0.6498257839721254,german_t0.0_k264,0.7942970073404856,0.025912331906624547,0.7882282662451688,0.026612189218236115,0.7859789813779463,0.027188814402351234,0.7968594898295093,0.023693606502013152,0.8442820697849015,0.027642047115219066,0.8196895214601738,0.022254623200283034,0.8442820697849015,0.027642047115219066,0.2678255372945638,0.037254687374577336,0.7321744627054363,0.037254687374577315,0.15571793021509844,0.02764204711521906,-0.3922601933486033,0.06476614063504568,0.4899252060060707,0.06337198997537964,-0.060396649421039686,0.061621604002894174,0.9314153343584959,0.07235548900136893,-0.3701277309698362,0.1530954419749617,0.3073823823823824,0.13346376347062647,0.3701277309698362,0.15309544197496175,1.919688859248859,0.6169286271778818,0.06039664942103966,0.061621604002894174,1.50716006714723,0.4386108105291007,0.08002947282221658,0.05520204713957279,1.1099707401119567,0.07744992546978365,-0.21526219019543796,0.08958367838639374,0.6193988583704391,0.08832545146145666
0.0,264,LearningFairRepresentations,LogReg,0.65,0.6498257839721254,german_t0.0_k264,0.791147499843152,0.013887011102951588,0.7857955514707043,0.013179179182343863,0.7841093250220498,0.012810223200094001,0.7969979958163916,0.007885046966077235,0.8357820005393861,0.022875499532893136,0.815810627701163,0.01353279898053955,0.8357820005393861,0.022875499532893136,0.2641908975979772,0.011849515102547566,0.7358091024020228,0.01184951510254756,0.16421799946061386,0.022875499532893136,-0.5371507711901601,0.05710520082994396,0.35023797085082203,0.04414724823725301,-0.22990810544469076,0.0763523669480858,0.7471568333354198,0.07839816321481687,-0.5423117044169676,0.07443364944179962,0.1326386895986896,0.05122870012847728,0.5423117044169675,0.07443364944179964,2.490894267894268,0.40753207851056183,0.22990810544469076,0.07635236694808581,3.986768962744572,1.9263863427150079,0.07626680202214489,0.03896546985691177,1.1019062646610105,0.05373712738829613,-0.3861099049308292,0.06460641885502529,0.4398977614670548,0.051059239538236274
0.0,264,LearningFairRepresentations,XGBoost,0.65,0.6498257839721254,german_t0.0_k264,0.7760744086831044,0.02441566376644449,0.7697989169253133,0.02486320183858794,0.7673976757653811,0.025508349654143815,0.7808079561838961,0.02282564967458995,0.8285674925105508,0.023493579035810865,0.8038587626843039,0.02102077404043805,0.8285674925105508,0.023493579035810865,0.2889696586599241,0.03307995871392203,0.7110303413400759,0.03307995871392203,0.1714325074894492,0.023493579035810855,-0.44176537959196527,0.02307725592062651,0.43973143735556597,0.0260065347181955,-0.09407119980290708,0.04574091349141769,0.8905246632591399,0.0525384449847528,-0.4890734945471788,0.07376223347991791,0.20349249042002665,0.05499173893669883,0.4890734945471788,0.07376223347991792,2.3350545711486888,0.4220691228555338,0.09407119980290712,0.045740913491417685,1.6941381430621028,0.37707561707807824,0.11025918178751026,0.044162060325359166,1.1542318353827077,0.06549382612530724,-0.2915723471750429,0.027786318493305227,0.5470085768395834,0.027230446672191332
0.0,264,ReweighingClassifier,LogReg,0.65,0.6498257839721254,german_t0.0_k264,0.765810276679842,0.021413296554279114,0.765780000176097,0.020433910488623915,0.7654780280035778,0.020406924140778483,0.8024689423041081,0.015443102920187872,0.7656782051562397,0.03510754280568871,0.783293935440846,0.022267095244377182,0.7656782051562397,0.03510754280568871,0.2341182048040455,0.02301147596879836,0.7658817951959545,0.023011475968798364,0.23432179484376023,0.0351075428056887,-0.2754922419945418,0.06985016238709132,0.5839739120528595,0.08396903246052517,0.06364227642276424,0.08603917425746989,1.0925557976675864,0.12088384326610939,-0.2633764452711821,0.08213301644785828,0.3721449631449631,0.12733360161808685,0.26337644527118215,0.0821330164478583,1.4633927279434524,0.17273953355458305,-0.06364227642276424,0.08603917425746987,0.7976926603563318,0.3416922622928986,0.13543003823736185,0.04106550183065956,1.1951557725880488,0.0648014901691098,-0.09986708442420893,0.07226185069037779,0.7323503804062746,0.11272161470594588
0.0,264,ReweighingClassifier,XGBoost,0.65,0.6498257839721254,german_t0.0_k264,0.8014147688060731,0.023183303432572803,0.7967395378960033,0.023387566622346288,0.7954127886155575,0.02362492301184326,0.8089414401106568,0.02084970942563968,0.8399866611270254,0.02586022427986492,0.8240389398549415,0.021007432513785198,0.8399866611270254,0.02586022427986492,0.24650758533501893,0.029783124201848303,0.7534924146649811,0.029783124201848313,0.1600133388729746,0.02586022427986495,-0.34520118085157386,0.0461123111850482,0.5291531022362357,0.05594998909265339,-0.026945060359694482,0.03039124450134065,0.968046172174622,0.03655164179423291,-0.2761952073531021,0.141089834164481,0.4216486486486487,0.24950026768074207,0.2761952073531021,0.141089834164481,1.5424126327284222,0.3010026444948784,0.026945060359694507,0.03039124450134067,1.1812520017245627,0.1936313155647755,0.06691408936690028,0.05615233092410841,1.0911875956769947,0.07357422201453417,-0.15157013385639825,0.07372012650643622,0.6948474104116352,0.1281482315736401
0.0,264,FairBalanceClassifier,LogReg,0.65,0.6498257839721254,german_t0.0_k264,0.7539400213313258,0.016336014926628655,0.7573054614650803,0.01514508422329075,0.7563665035625414,0.01566859758909757,0.8102956730791568,0.011455224781883117,0.7256570670515259,0.030764169809034025,0.7653112848304303,0.01898915446876221,0.7256570670515259,0.030764169809034025,0.21104614412136535,0.01787056318591156,0.7889538558786346,0.01787056318591158,0.274342932948474,0.030764169809034018,-0.2511379052898589,0.06550989205321225,0.5945409476938641,0.08525216220139513,0.08488543976348857,0.09270035741890367,1.1317959668947333,0.15107196128896555,-0.24277740088266403,0.07404069890882269,0.36114334923158453,0.1060104915417905,0.24277740088266403,0.07404069890882269,1.3998093956934536,0.15219082051417965,-0.08488543976348853,0.09270035741890366,0.7531415491189224,0.2496857864901445,0.16041544903014265,0.05008368807943985,1.239501449273554,0.08379175701509793,-0.07894598055958772,0.06607035882935798,0.746469658063159,0.10767150747498726
0.0,264,FairBalanceClassifier,XGBoost,0.65,0.6498257839721254,german_t0.0_k264,0.8037863103080495,0.029401671128925513,0.8005451499144446,0.027865605901315028,0.7994261151248544,0.027324845228850505,0.8184718652342591,0.019346136593269822,0.8299145729009497,0.049908914199981676,0.8234910901148902,0.028965402934690535,0.8299145729009497,0.049908914199981676,0.2288242730720607,0.03126491518513198,0.7711757269279393,0.031264915185132,0.17008542709905025,0.04990891419998171,-0.3459581372968071,0.07283737488573709,0.5222064547661935,0.07925760973120138,-0.019519339738851914,0.07496145198523313,0.9807046088318389,0.09692163132138529,-0.27891060291060293,0.1529444604375902,0.3776508404508404,0.1992738848137167,0.27891060291060293,0.15294446043759014,1.5572905419964245,0.39667082486628036,0.01951933973885193,0.07496145198523317,1.2190154858691442,0.36231218680075644,0.08177450503142894,0.06553979421202316,1.1131824151616354,0.0885770274363322,-0.1492149713247274,0.1002246841198888,0.6791777246413397,0.12660178346482392
0.0,264,FairMask,LogReg,0.65,0.6498257839721254,german_t0.0_k264,0.7713438735177865,0.012923148398633854,0.7663436946330178,0.012004440766557984,0.7647422028285609,0.011761801059601196,0.7827148478740762,0.010360812643667467,0.8127916876225463,0.02466734688572273,0.7972798662394169,0.01400493216253539,0.8127916876225463,0.02466734688572273,0.28010429835651074,0.016747518910484305,0.7198957016434893,0.01674751891048434,0.18720831237745367,0.024667346885722724,-0.36094090162402137,0.04691699037690971,0.5132764885345629,0.044385664538981844,-0.03066149297856615,0.07168744337722265,0.965397379041951,0.08577204882624355,-0.3677524163839953,0.040680244690883466,0.2987666971319145,0.03555294697621283,0.3677524163839954,0.04068024469088346,1.783488188188188,0.15202436441473466,0.03066149297856615,0.07168744337722265,1.2322175866495508,0.4528113557622543,0.09972773248771409,0.0269034218635955,1.1381011199190847,0.039308445531387085,-0.19920695468128072,0.051172331502248106,0.6320820380869328,0.055085572886763044
0.0,264,FairMask,XGBoost,0.65,0.6498257839721254,german_t0.0_k264,0.795084384214819,0.02851525594093179,0.7882657615468268,0.02920120125290236,0.7855992677637321,0.02979597706927223,0.7938298771998321,0.0260229506946534,0.8514051008433375,0.0254454042721427,0.8215314587884077,0.024492647851332098,0.8514051008433375,0.0254454042721427,0.2748735777496839,0.03752361682228345,0.725126422250316,0.03752361682228346,0.14859489915666252,0.025445404272142678,-0.3511548984267129,0.04007451234470027,0.5347056824498722,0.04674681099371263,-0.014924858339492485,0.0355919971600956,0.9836013320202202,0.041205611679610434,-0.320000583579531,0.10340477913656651,0.35802348567054454,0.11349578421630856,0.32000058357953093,0.10340477913656652,1.679668884346531,0.3225654606016085,0.01492485833949248,0.03559199716009558,1.1602030242991506,0.30562487618364115,0.07526882694682753,0.045102119627428224,1.1024846611344878,0.06258643251360975,-0.1674627209595117,0.054324859144438846,0.6708124088453824,0.06430974712049745
0.0,695,Baseline,LogReg,0.8,0.8,german_t0.0_k695,0.8412979351032449,0.018030332495499842,0.8370818377602298,0.019748727409173984,0.8365751996805624,0.020187844427500264,0.8048240572696107,0.019270733735353283,0.8128571428571428,0.03238795442501324,0.8086062121718163,0.02334426088527009,0.8128571428571428,0.03238795442501324,0.13869346733668342,0.014770792418793036,0.8613065326633166,0.014770792418793057,0.18714285714285714,0.03238795442501324,-0.6505708341499862,0.02301964220718416,0.18971911372182118,0.008339746021904093,-0.23258339492485836,0.05192971901860377,0.7360043530827728,0.055535558041260126,-0.5730014207760203,0.0648281132068782,0.04844084239641895,0.017904890524351003,0.5730014207760203,0.06482811320687819,2.5007092945874,0.39640914702100044,0.23258339492485836,0.05192971901860376,3.1329268292682926,0.8817928472440413,0.16007934867779108,0.03799804091250592,1.217132908370457,0.05953489177048366,-0.40279240785043935,0.018772582992032768,0.39222259773959584,0.022244210347421706
0.0,695,Baseline,XGBoost,0.8,0.8,german_t0.0_k695,0.8507374631268435,0.016328439531679128,0.8497810480976309,0.018757148163994826,0.8494766962304482,0.018685329977760456,0.8043437827766965,0.018013910495156948,0.8442857142857143,0.03763411392091283,0.8233933165575348,0.021313976228841288,0.8442857142857143,0.03763411392091283,0.14472361809045226,0.016329725436454192,0.8552763819095478,0.01632972543645421,0.15571428571428575,0.037634113920912836,-0.5689681269788547,0.037779981161295106,0.2624271916893727,0.024905437282496345,-0.08890465631929048,0.11215026346150851,0.9008305829272263,0.12522767502159227,-0.45534563834335007,0.07746946695503817,0.1143069302819942,0.029179647274951717,0.45534563834334996,0.07746946695503819,1.9830625420128523,0.32409772267138,0.08890465631929045,0.11215026346150851,1.9126170238975118,1.165263473273198,0.146580818769665,0.0540391546162057,1.1956717613388412,0.08011644882852996,-0.27212514733132026,0.05737065475288917,0.5075687566046103,0.05536510156583138
0.0,695,FairSmote,LogReg,0.8,0.8,german_t0.0_k695,0.8047197640117995,0.019153608354864814,0.794278535534817,0.025666630725256677,0.7908903072726258,0.02944915379179669,0.7801742825385779,0.009581751292024564,0.7342857142857143,0.06458659745975608,0.7549611696307977,0.03525360958174193,0.7342857142857143,0.06458659745975608,0.1457286432160804,0.01651424796497989,0.8542713567839195,0.016514247964979873,0.26571428571428574,0.06458659745975608,-0.3853426781503217,0.08289749928258465,0.3830156450467789,0.0625892357819484,0.12878295146587826,0.10316069177228432,1.20741803089849,0.19410074602643015,-0.32491690136713025,0.08549624218444486,0.2131622096999335,0.05301265166358617,0.32491690136713025,0.08549624218444483,1.584602338684889,0.25360436089527927,-0.1287829514658783,0.1031606917722843,0.6158995796091502,0.2264400302260626,0.23052495720240493,0.055368451558841215,1.3540943755156245,0.1166062063671192,-0.098066974950626,0.08495012097151534,0.7102901202992118,0.11252957871256788
0.0,695,FairSmote,XGBoost,0.8,0.8,german_t0.0_k695,0.8359882005899705,0.013006140227167312,0.834465183058148,0.015836252073569312,0.8341494919291392,0.016145266260257553,0.7875629459814675,0.011146070487883918,0.8257142857142858,0.0351672389288319,0.8058123199879251,0.018679929522960506,0.8257142857142858,0.0351672389288319,0.15678391959798993,0.012060301507537697,0.84321608040201,0.012060301507537697,0.17428571428571427,0.03516723892883192,-0.4403508522441778,0.05310418630245639,0.3675486768045825,0.032655868743706885,0.09776989406257701,0.06686916340866449,1.1256974386013898,0.09108356751414329,-0.32994324230308214,0.10147741076452718,0.2343163837441331,0.06822236015046303,0.32994324230308203,0.10147741076452718,1.6240234388060517,0.32743474592379324,-0.097769894062577,0.06686916340866451,0.5379838961851158,0.25676823927513737,0.16820758370785943,0.03833501954166079,1.230820055096523,0.06268124244030768,-0.11608667412025256,0.0655312324358722,0.6800069111727615,0.05508982230563758
0.0,695,Massaging,LogReg,0.8,0.8,german_t0.0_k695,0.6979351032448378,0.031473695972505336,0.6848994974874371,0.027024940504748005,0.6794386955450049,0.025973386091280973,0.6464328223673619,0.05342530945416479,0.61,0.038225966172170445,0.6255495971538471,0.02877410890132994,0.61,0.038225966172170445,0.24020100502512562,0.061577783646393526,0.7597989949748744,0.061577783646393505,0.39,0.03822596617217044,-0.02649898097513028,0.04550271388412005,0.9405019177087921,0.10916496069908704,0.40772012811037206,0.06807071330478147,1.856628484908331,0.26366276529243104,0.0637118087861795,0.07969722232899214,1.5225711839919915,0.6692671032946049,-0.06371180878617948,0.07969722232899214,0.9276287118953153,0.092171069391892,-0.40772012811037206,0.06807071330478144,0.19931226060300516,0.07037275103259004,0.19712457866605151,0.07688968965232881,1.348960548346799,0.1643026523696385,0.23571596844827578,0.04905056698104809,1.6895998344501613,0.3413579074320319
0.0,695,Massaging,XGBoost,0.8,0.8,german_t0.0_k695,0.6884955752212389,0.022818972986210877,0.6794005743000717,0.024500592510340324,0.6763700457142777,0.02577333463201258,0.6225288679740227,0.029940689920482946,0.6271428571428572,0.050990195135927854,0.6237952269152919,0.03248979252491735,0.6271428571428572,0.050990195135927854,0.2683417085427136,0.03504642366665867,0.7316582914572864,0.03504642366665869,0.3728571428571429,0.05099019513592785,0.008427388061214713,0.0699623201193885,1.0523125095292971,0.21132377211203726,0.42537447647203736,0.10349699365549489,1.8962507761967977,0.38094841247291894,0.12473634965339772,0.055199402962867974,1.9540228482697426,0.6667602444092902,-0.12473634965339768,0.05519940296286802,0.8532140818941532,0.05771956866241861,-0.4253744764720374,0.10349699365549486,0.14718016804857875,0.11261883984402556,0.15675870639708958,0.058918156306343505,1.2707493405843677,0.1193132531595785,0.2750554130627176,0.07130476949050166,1.92513681223327,0.49528755700134564
0.0,695,FairOversampling,LogReg,0.8,0.8,german_t0.0_k695,0.8265486725663717,0.013886256396389175,0.830448671931084,0.01700912428988838,0.8299223971673999,0.016554178039695548,0.757487886701061,0.008456410641522973,0.8528571428571429,0.03602720060833855,0.8020819078122814,0.019260637960807285,0.8528571428571429,0.03602720060833855,0.19195979899497487,0.007385396209396515,0.8080402010050252,0.007385396209396497,0.14714285714285713,0.03602720060833855,-0.5358217273118052,0.030837139494375738,0.3155112281514453,0.028530617698076407,0.03195245134269527,0.06852892834485644,1.0402493368731487,0.08574410901157103,-0.533288384003487,0.06457703356614782,0.14647022684310018,0.03536589547274123,0.5332883840034869,0.06457703356614779,2.460381828316611,0.33557944917987437,-0.03195245134269524,0.06852892834485642,0.8248836331987727,0.3929953721241023,0.18904340998811808,0.04817570984954713,1.2694869282446004,0.08412098662743778,-0.25066796633039584,0.042748578200749,0.5933597818581247,0.046721078801557014
0.0,695,FairOversampling,XGBoost,0.8,0.8,german_t0.0_k695,0.855457227138643,0.01527100779415314,0.8578248384781049,0.016381533618476933,0.8572029651553998,0.01625102801110327,0.7986729963242702,0.026721264899548992,0.8714285714285716,0.038861344310672695,0.8326016753461578,0.018585803957277703,0.8714285714285716,0.038861344310672695,0.15577889447236182,0.02824817954282451,0.8442211055276381,0.0282481795428245,0.12857142857142856,0.038861344310672695,-0.5488454885201335,0.032082229417629726,0.29326468557483,0.007037703612317962,-0.02190391722099041,0.04960500269103056,0.9736135034019586,0.056812878572226166,-0.4419198917025004,0.10753060264208228,0.14239634589013472,0.0314546085747749,0.4419198917025004,0.10753060264208225,2.0101987565420236,0.45935535291385987,0.02190391722099039,0.04960500269103057,1.112441125748156,0.4428798594028529,0.14477250012638287,0.027837237128055435,1.188907657942153,0.039842798196818144,-0.2319119044617454,0.0334818069485902,0.5580049246460467,0.015117758375602834
0.0,695,FAWOS,LogReg,0.8,0.8,german_t0.0_k695,0.8206489675516224,0.014134688555411163,0.825635319454415,0.015301977778219776,0.8249787121209071,0.015116287560995947,0.7476603580366123,0.015472016341689418,0.8542857142857143,0.027330180671012835,0.7972223004449563,0.01705906607277781,0.8542857142857143,0.027330180671012835,0.2030150753768844,0.016080402010050253,0.7969849246231154,0.016080402010050232,0.14571428571428574,0.02733018067101285,-0.5092426869274564,0.0371075537334537,0.3426928651358068,0.01904765574268012,0.08572875092387286,0.07845484054951285,1.1083431782683255,0.10044944836407449,-0.526368031282219,0.09345543830316293,0.16669444545334725,0.03659181518049396,0.526368031282219,0.09345543830316293,2.580762939958592,0.6940872850052533,-0.08572875092387289,0.07845484054951286,0.5753400562851783,0.40349434422014974,0.19866326912290705,0.05741567370953546,1.2891538303021606,0.09910475581880468,-0.22031964017917302,0.04878571649689775,0.6375188118608363,0.041813131868391876
0.0,695,FAWOS,XGBoost,0.8,0.8,german_t0.0_k695,0.847197640117994,0.013375556399710492,0.8505778894472362,0.014803558254057906,0.850202615882426,0.014617107407028113,0.7839519484383348,0.014843683194149878,0.8699999999999999,0.02762725657973386,0.8245147964240932,0.01648000101747276,0.8699999999999999,0.02762725657973386,0.1688442211055276,0.014424824215484749,0.8311557788944723,0.014424824215484761,0.13,0.02762725657973388,-0.5345160026879793,0.020674569151491407,0.31059099788474065,0.016758248144066214,-0.013147819660014793,0.06536240579604734,0.9853980199350125,0.07568244795148453,-0.4317364062329737,0.09952964915971367,0.1730096636810192,0.04402475772247282,0.4317364062329737,0.09952964915971371,1.9803218520609824,0.45345495682353976,0.013147819660014774,0.06536240579604734,1.1422909407665505,0.4991637238475289,0.13813795313437477,0.050284197731686325,1.1842169469871378,0.07599380501224363,-0.22244211294649424,0.04257148421236449,0.5792038418080159,0.030546024947989504
0.0,695,HeterogeneousFOS,LogReg,0.8,0.8,german_t0.0_k695,0.8165191740412979,0.006299161210637949,0.8106819813352477,0.009271943877652974,0.8093728056705064,0.0102906919024977,0.7795831666209521,0.019635686303500502,0.7771428571428572,0.03870347766898306,0.777345919413741,0.012355993679886676,0.7771428571428572,0.03870347766898306,0.15577889447236182,0.025024923815052724,0.8442211055276381,0.02502492381505273,0.22285714285714286,0.03870347766898305,-0.39942250625183384,0.0637359994864782,0.38830224959210263,0.03932602984583388,0.14519487558511948,0.05799159020669281,1.2040972414969526,0.09948076979855604,-0.3322728644353358,0.10516132790954834,0.22910728402032748,0.0557724269944204,0.3322728644353358,0.10516132790954834,1.6388303936401762,0.32684437735303484,-0.14519487558511948,0.057991590206692804,0.46631560138620465,0.10895060816089579,0.21125204026460712,0.02476581972992731,1.3068912089988907,0.045383024538280164,-0.09353899442510819,0.07319674653812039,0.71660226275864,0.06885623786052383
0.0,695,HeterogeneousFOS,XGBoost,0.8,0.8,german_t0.0_k695,0.8306784660766962,0.010652194740570968,0.831848528356066,0.011426384225442744,0.8315020363648289,0.011551513419336978,0.7720600438093492,0.018557283044790176,0.8385714285714286,0.029137254363387346,0.8034455014489381,0.013350086206133864,0.8385714285714286,0.029137254363387346,0.1748743718592965,0.02164890374727439,0.8251256281407034,0.0216489037472744,0.16142857142857142,0.029137254363387346,-0.5088454512770667,0.040806247886233,0.3228183198294954,0.022363058016697353,0.030953190440995315,0.056764689740164,1.0384625685636988,0.06853544165439053,-0.45707210123972136,0.11862417016976809,0.16999916502148643,0.05609399189495053,0.45707210123972136,0.11862417016976803,2.1271702898550724,0.5296448338370607,-0.030953190440995322,0.056764689740163986,0.8481610400997057,0.3376018281187269,0.17631050105662086,0.0498579780442544,1.2462972849569731,0.0804120831580274,-0.21305945539936305,0.05777907858846052,0.6042308667925926,0.034008793956994084
0.0,695,FairwayRemover,LogReg,0.8,0.8,german_t0.0_k695,0.5238938053097345,0.052788350343994185,0.574989231873654,0.046160770226304174,0.4880676339354769,0.080751356310435,0.46141800771072833,0.030716575359079762,0.8685714285714287,0.022406267344797337,0.6021089420751181,0.02840370363215988,0.8685714285714287,0.022406267344797337,0.7185929648241206,0.08604564740906125,0.2814070351758794,0.08604564740906129,0.13142857142857142,0.022406267344797316,-0.010499059451090465,0.05565257693574191,0.9870423648625282,0.06787992768037737,-0.004046809559004693,0.0367281000348065,0.9968046656778734,0.042077568816063095,0.18412693523105422,0.08030470699310063,1.365514590013482,0.2237903978983616,-0.18412693523105422,0.0803047069931006,0.5718110573151757,0.13294794294705786,0.004046809559004677,0.03672810003480648,1.105178328366994,0.32894055313290954,-0.378006905262109,0.04852545657781397,0.4923658611922278,0.07547756856052823,0.09004006283602475,0.05023570826797169,1.1811596278456775,0.12261907793519423
0.0,695,FairwayRemover,XGBoost,0.8,0.8,german_t0.0_k695,0.5581120943952802,0.06946636474116825,0.601170136396267,0.057992624389404515,0.5388412081919636,0.09282463156408156,0.4852304388276769,0.04789956565756144,0.8485714285714285,0.0188441513689613,0.6156658071004029,0.03591942292596135,0.8485714285714285,0.0188441513689613,0.6462311557788945,0.12474463195438235,0.35376884422110555,0.12474463195438235,0.1514285714285714,0.01884415136896132,-0.03982363384426228,0.09768971103690195,0.9438470880701084,0.13289974635579052,-0.0038029071199802813,0.02925289943669815,0.9953535700140183,0.034260517060090964,0.17826480918014095,0.09924340136766814,1.3449008773469862,0.18127601484190223,-0.178264809180141,0.0992434013676681,0.622575359524574,0.22587260310427787,0.003802907119980292,0.02925289943669817,1.0194337256478576,0.20057751763573933,-0.32764726941340816,0.10542888873434632,0.563110495391411,0.14471504277288025,0.08723095103008034,0.05032706953228164,1.1701272236805023,0.08799027406488806
0.0,695,DisparateImpactRemover,LogReg,0.8,0.8,german_t0.0_k695,0.8377581120943951,0.02238780644366993,0.8327961234745154,0.024750997972763398,0.8320875055653459,0.025405874496360115,0.80296446878342,0.022327100158913187,0.8042857142857143,0.04055734161879538,0.8033518427189541,0.02950248850869201,0.8042857142857143,0.04055734161879538,0.1386934673366834,0.015763203157143843,0.8613065326633166,0.01576320315714387,0.19571428571428573,0.04055734161879541,-0.6467476002717734,0.02800172640122386,0.18867181956045365,0.009474891864372921,-0.23452278886425232,0.06252998774429944,0.7314602064098096,0.06640876777742993,-0.5730014207760202,0.06329724900598112,0.04816097103904287,0.017507112771197146,0.5730014207760202,0.06329724900598109,2.500119232475599,0.39296881669475753,0.23452278886425226,0.06252998774429941,3.0604878048780493,0.9484338126995732,0.16392373986056336,0.04059387617448806,1.2247601468102518,0.065755114464073,-0.40376210482013636,0.030354751786381504,0.3898105887244262,0.026888543706933592
0.0,695,DisparateImpactRemover,XGBoost,0.8,0.8,german_t0.0_k695,0.8371681415929203,0.012708353527161074,0.8356819813352476,0.014501629423770701,0.8354247278376249,0.014608435436951674,0.7890918952449878,0.015010434569578656,0.8271428571428571,0.030101867865293546,0.8073412138571893,0.01668369678760297,0.8271428571428571,0.030101867865293546,0.1557788944723618,0.014906931632353094,0.8442211055276383,0.014906931632353074,0.17285714285714288,0.03010186786529354,-0.5528171001617949,0.031962312116786504,0.27357899541297753,0.027130089555071527,-0.07176250307957624,0.11995801370690833,0.9175050608208725,0.14102885244239735,-0.46767156184776315,0.05135829706191963,0.12423069985569986,0.014910857742517747,0.46767156184776326,0.05135829706191962,2.0307204968944097,0.2422006355738594,0.07176250307957625,0.11995801370690835,1.5529204107830552,0.8224378764620721,0.16042922287666397,0.03895022134935099,1.2175397247905564,0.0575812419650439,-0.26971703246366974,0.060620953063505394,0.5208678803382861,0.0661351578513665
0.0,695,LearningFairRepresentations,LogReg,0.8,0.8,german_t0.0_k695,0.8277286135693215,0.01378563002424533,0.8215003589375449,0.01615390036404763,0.8205348063513437,0.016831280730983916,0.7947449787501495,0.012162373868793406,0.7857142857142858,0.03162277660168379,0.7899548534940284,0.019668621058004626,0.7857142857142858,0.03162277660168379,0.14271356783919598,0.009320219593463016,0.857286432160804,0.009320219593463009,0.21428571428571427,0.03162277660168379,-0.6582053123231102,0.022740582073076453,0.17571819501967817,0.017109668969820285,-0.27131929046563197,0.07576381071453013,0.6864444270445915,0.08351488993152603,-0.6008293518076127,0.044489543775802026,0.043969697176529474,0.011401835642056341,0.6008293518076127,0.04448954377580207,2.649135154061625,0.29236429240852696,0.2713192904656319,0.0757638107145301,3.1464693842742624,0.9411673953150466,0.16900184252259834,0.03469995719331334,1.234298943383243,0.054870460273046574,-0.43607432113662237,0.022597567407278182,0.3652070621105604,0.04085426786773052
0.0,695,LearningFairRepresentations,XGBoost,0.8,0.8,german_t0.0_k695,0.8176991150442477,0.01078210435545552,0.8125340990667624,0.014354152516739003,0.8116971750247085,0.01512666328202968,0.7773244705403198,0.00460215546089515,0.7828571428571428,0.03545621041711673,0.7796778689874775,0.017832825427481904,0.7828571428571428,0.03545621041711673,0.1577889447236181,0.008164862718227094,0.8422110552763818,0.008164862718227096,0.21714285714285717,0.035456210417116725,-0.5768171708398464,0.039486038217700484,0.23935906780156446,0.03238729298424039,-0.15574648928307464,0.10268770175716384,0.8133789158236633,0.1200484110379442,-0.517396249821879,0.028031969761319997,0.10172955588834606,0.015175617051643926,0.517396249821879,0.02803196976131998,2.2281319013112495,0.13473246498210448,0.15574648928307464,0.10268770175716388,2.022121954161522,0.8433625871305276,0.17163966768567201,0.02780047011960207,1.2408100065888426,0.04377991781685711,-0.33657136955247685,0.05738918104047559,0.4575542358560047,0.06468396845671372
0.0,695,ReweighingClassifier,LogReg,0.8,0.8,german_t0.0_k695,0.7994100294985251,0.019832137243624332,0.7800143575017946,0.024336721522604802,0.7710095844253598,0.029631615564466255,0.8134450951467009,0.025167893616340028,0.6685714285714285,0.05671266640365489,0.732346067893376,0.0360122311712819,0.6685714285714285,0.05671266640365489,0.1085427135678392,0.022156188628189546,0.8914572864321608,0.02215618862818954,0.3314285714285714,0.056712666403654875,-0.2919759581970793,0.07374963737520678,0.4396838195455216,0.06643950529003982,0.20004631682680465,0.08392244808452076,1.3530378182577902,0.20628926594963798,-0.18317564395939684,0.1027063690237761,0.3325428794706289,0.13436082994902415,0.18317564395939676,0.10270636902377608,1.2750168769974937,0.2049629651649686,-0.20004631682680465,0.08392244808452073,0.5025954704394648,0.12376870459587583,0.2558268492036767,0.05179514192065299,1.4048448388822001,0.12579655677418436,0.008435336433703904,0.08062458242409573,0.8427903488642094,0.13550371654679477
0.0,695,ReweighingClassifier,XGBoost,0.8,0.8,german_t0.0_k695,0.8448377581120944,0.01775801409238043,0.8409440057430008,0.02210959887837132,0.8399639147378265,0.022949214508582616,0.8089122852905449,0.019179358350035088,0.8185714285714285,0.05279919603593236,0.8126014082605261,0.02596430653196089,0.8185714285714285,0.05279919603593236,0.13668341708542714,0.020200755017328424,0.8633165829145728,0.020200755017328435,0.18142857142857144,0.05279919603593237,-0.4872518745454378,0.04837574592308456,0.3116986872946532,0.025405875828378884,-0.0038642522788864485,0.08056110687463618,0.997377091287954,0.09876437032925366,-0.3419276556776557,0.09819353149751842,0.18114537937907502,0.044750463355209553,0.34192765567765565,0.09819353149751844,1.63071802510124,0.29673599666433204,0.003864252278886418,0.08056110687463618,1.1289956958393115,0.5311241996234117,0.15132185020292666,0.04731813420770857,1.2040350369495652,0.06982056942906294,-0.17289595397827107,0.06318229927940643,0.5892612353335145,0.0496441772401141
0.0,695,FairBalanceClassifier,LogReg,0.8,0.8,german_t0.0_k695,0.8094395280235988,0.016645116200195743,0.799145728643216,0.02066240305769098,0.7964212146592521,0.023181230418089983,0.786078039168222,0.013416175143538923,0.74,0.04642307659791977,0.7616048401385218,0.027685385489177046,0.74,0.04642307659791977,0.14170854271356786,0.013257191917862225,0.858291457286432,0.01325719191786224,0.25999999999999995,0.04642307659791977,-0.3731702489525185,0.05739529495585066,0.39154972652698955,0.042099296376645196,0.14880389258438037,0.08547693595032439,1.2246227325811736,0.14192491398367837,-0.297493828635133,0.08316243383988649,0.23508912396480333,0.07594843403748663,0.29749382863513296,0.08316243383988646,1.5066416515566528,0.20006233947702917,-0.14880389258438043,0.08547693595032439,0.5353659888594451,0.21173696678720952,0.22625659321324648,0.052528359014395884,1.3418229147381715,0.09955340755792662,-0.07434496802537632,0.062037179650205033,0.7298559282729885,0.07623627920122412
0.0,695,FairBalanceClassifier,XGBoost,0.8,0.8,german_t0.0_k695,0.8495575221238937,0.013836034689744616,0.8487760229720029,0.01691845711519969,0.8483592224702476,0.01734898128050816,0.8023580564602236,0.015551072300964884,0.8442857142857143,0.040254293724586776,0.8221520197457733,0.01970661658711188,0.8442857142857143,0.040254293724586776,0.14673366834170853,0.017232591155258537,0.8532663316582914,0.017232591155258534,0.1557142857142857,0.040254293724586776,-0.5083569442677185,0.023741622683150443,0.3092359106756672,0.01580964503762183,-0.012209164818920915,0.07796247118935173,0.9857098186366479,0.09451530906662096,-0.3685298949715426,0.08883044552801946,0.17948255850429765,0.05516797429065255,0.36852989497154254,0.0888304455280195,1.7028928299544333,0.2661557063220838,0.01220916481892092,0.0779624711893517,1.1153301954072172,0.49134980556438235,0.13976342556042134,0.0479388653233907,1.1850313209141352,0.06888406468814366,-0.19036952989523176,0.027996246203763495,0.5825961885704727,0.027446432296704393
0.0,695,FairMask,LogReg,0.8,0.8,german_t0.0_k695,0.8265486725663717,0.006299161210637949,0.8213424264178032,0.009099405870628394,0.8204678320690816,0.009943248873121625,0.7897587520406312,0.0128115691126361,0.7914285714285715,0.030772370326482883,0.7900519497163095,0.011591150638610702,0.7914285714285715,0.030772370326482883,0.1487437185929648,0.01639146374904531,0.8512562814070351,0.016391463749045303,0.20857142857142855,0.030772370326482872,-0.5137840236490032,0.02486658460477145,0.28512651568686237,0.008177894676455898,-0.014356984478935696,0.049449427636522554,0.9835512782838671,0.06365112329408347,-0.457549088021056,0.046795496713556754,0.11760168775228004,0.017429554855270413,0.4575490880210561,0.04679549671355676,1.9722402580597458,0.2026771075291499,0.014356984478935696,0.04944942763652251,1.0890801849194962,0.22873867623850197,0.19884125791845816,0.031817424843160365,1.2824082568587933,0.05582696870105324,-0.23595303624999583,0.023697560040752085,0.5505764830180736,0.0239104378622354
0.0,695,FairMask,XGBoost,0.8,0.8,german_t0.0_k695,0.847197640117994,0.013112749717340935,0.8465541995692749,0.014895951357413026,0.8461880486760076,0.014781011788004983,0.7991156817917114,0.02056221023705609,0.8428571428571427,0.03499271061118824,0.8198027866036011,0.016912034085762213,0.8428571428571427,0.03499271061118824,0.14974874371859298,0.020937353423115233,0.8502512562814071,0.020937353423115253,0.15714285714285714,0.03499271061118826,-0.5404988399596855,0.03626653469057896,0.28572926152380157,0.02652680202888579,-0.03086425227888647,0.11557431513016497,0.9676348146671675,0.13263597946663205,-0.44261353634923434,0.08968842448325362,0.13106509593440402,0.036775716785887834,0.44261353634923434,0.0896884244832536,1.9638818268328126,0.37192164695718616,0.030864252278886405,0.115574315130165,1.3727393687470708,0.9344915157926771,0.1601701987546618,0.05986566474486998,1.217701087754378,0.09029999696213378,-0.2367388943140604,0.05404084979867103,0.5493499553007857,0.05851650843915248
0.5,92,Baseline,LogReg,0.5,0.5,german_t0.5_k92,0.7334925223074024,0.01580950132299936,0.6893233561592641,0.019291650730052984,0.6709579383210439,0.02313964418917356,0.7640341041468031,0.01268905069929905,0.8456704059245006,0.015782115767995902,0.8026941736478463,0.01136713834359456,0.8456704059245006,0.015782115767995902,0.4670236936059721,0.035272914080773654,0.5329763063940278,0.03527291408077366,0.15432959407549945,0.01578211576799591,-0.34770708367189673,0.040110340654086946,0.5852937728972497,0.04331574082865083,-0.258050258684405,0.055094380288428405,0.720795396054647,0.054182457193832696,-0.3046752904776011,0.08160575776667932,0.5134127307828262,0.11570478519083581,0.3046752904776011,0.0816057577666793,1.8287132694541228,0.2950076642174821,0.258050258684405,0.05509438028842842,4.857103658536586,1.8467002180698935,-0.09785110245313393,0.057233765486927594,0.8744974086064676,0.07213035137806974,-0.28136277458100306,0.04210192396147714,0.6171040634187367,0.055981764559637305
0.5,92,Baseline,XGBoost,0.5,0.5,german_t0.5_k92,0.7847932637928868,0.008817416338623665,0.7473087123420775,0.012152093463675023,0.734910766781075,0.016230679731350336,0.803453149637045,0.010305690501815026,0.8799468631781504,0.020124070861833945,0.8397452447594009,0.007220673885279509,0.8799468631781504,0.020124070861833945,0.3853294384939955,0.03501485476038164,0.6146705615060045,0.0350148547603816,0.12005313682184951,0.020124070861833945,-0.26515935085071335,0.037052086459861376,0.6694730089453529,0.036847089656407025,-0.07566001478196598,0.0752755351247875,0.9192828490173609,0.07898729625393194,-0.2897268029360456,0.09558319027423255,0.465662362505978,0.1528809116965745,0.2897268029360455,0.09558319027423262,1.6411158935118764,0.24180647552943033,0.075660014781966,0.07527553512478753,2.681569396051103,2.386375321464801,0.009946550253009657,0.07800913889147164,1.0162146943832169,0.09951751677540406,-0.18269340885900576,0.04116836861426129,0.6924726057616695,0.05970480439737777
0.5,92,FairSmote,LogReg,0.5,0.5,german_t0.5_k92,0.6986720288215826,0.02847786811380653,0.7042079459614002,0.029324310410199908,0.7026603278970299,0.029010458457567397,0.8170007580254672,0.030067092780035415,0.6841056030555495,0.044539562366528195,0.7436673837166446,0.029474968905151624,0.6841056030555495,0.044539562366528195,0.2756897111327491,0.057611247491381266,0.7243102888672508,0.05761124749138127,0.31589439694445054,0.044539562366528195,-0.1382405999457284,0.044181902312193856,0.7663017699153337,0.07457287187130107,-0.05948460211874844,0.05983705979512143,0.9223972577249967,0.08685454313018266,-0.0349986833876436,0.07516784690211072,0.8819772656205582,0.24266194822477907,0.03499868338764358,0.07516784690211072,1.0504888238841033,0.10920026900162812,0.05948460211874845,0.05983705979512142,1.243170398032691,0.21565735529816255,-0.011098436670812162,0.06796678476711511,0.9900486087191135,0.0974964953445586,-0.04724164275319602,0.03774110856895672,0.9021872616727776,0.11547326992168545
0.5,92,FairSmote,XGBoost,0.5,0.5,german_t0.5_k92,0.7600435675086926,0.031789949806662006,0.7352315442212692,0.03613562939936115,0.7291728443647332,0.039085537945813806,0.8072623050400629,0.027085035434161915,0.8227513065535413,0.031423409543472995,0.8146116773680119,0.02460541176263903,0.8227513065535413,0.031423409543472995,0.3522882181110029,0.06004749244278734,0.647711781888997,0.06004749244278734,0.17724869344645863,0.03142340954347301,-0.1291976487571183,0.05530651145788522,0.8172126578370733,0.07297669318382974,0.053358709041635866,0.06647571900632485,1.0702760848051647,0.08432649177368783,-0.14011915341825484,0.11434206350531545,0.6964530237815747,0.2406917678460862,0.14011915341825482,0.11434206350531546,1.2739015723142182,0.23957253130890138,-0.053358709041635866,0.06647571900632483,0.7835357723577235,0.33952733161364823,0.045284078601218594,0.06674668215819125,1.0659604549009463,0.09244952542447289,-0.04338022218830948,0.06216880587220128,0.8833645542933697,0.12358594445526402
0.5,92,Massaging,LogReg,0.5,0.5,german_t0.5_k92,0.7133090360688702,0.030296441732290135,0.6837104144666142,0.030351346155277632,0.6754020770085069,0.031027370890817033,0.7696797076931852,0.019674954171076176,0.7884854183522483,0.033315634340084166,0.7788356431984106,0.02520698871065515,0.7884854183522483,0.033315634340084166,0.4210645894190198,0.0357465724289009,0.5789354105809802,0.03574657242890089,0.21151458164775172,0.03331563434008416,-0.031265508486049434,0.048163689331701016,0.9552079377562313,0.0718136321547832,0.045683419561468354,0.0757849995386695,1.0629197779234512,0.10312459341235974,0.06535548533622988,0.10400850006751133,1.1869940029482713,0.2973545705533767,-0.0653554853362299,0.10400850006751135,0.8993362712490761,0.16027957656800654,-0.04568341956146834,0.07578499953866953,0.8306758086190682,0.3170988858562228,-0.0462083039939923,0.07704999727636025,0.939983184967554,0.10321056436230255,0.055519452448849115,0.047191373838706245,1.1249568904358616,0.1333693418210913
0.5,92,Massaging,XGBoost,0.5,0.5,german_t0.5_k92,0.7161157890327174,0.013619752727546723,0.6908991328792166,0.014135033726543421,0.6843902731373214,0.016698882274549368,0.7781142180914994,0.012523669915718502,0.7798833030839765,0.02850840236178703,0.7786309979094963,0.013992184943673925,0.7798833030839765,0.02850840236178703,0.3980850373255437,0.038672069670945546,0.6019149626744564,0.03867206967094557,0.2201166969160234,0.02850840236178702,-0.0016899293428898287,0.019222109117184024,0.9980792892045859,0.029729741056303237,0.09960187238236021,0.079116165861634,1.140076597654368,0.11219783468504613,0.0721720812349824,0.12231349950625564,1.2714858933410764,0.4367303924145356,-0.07217208123498237,0.12231349950625565,0.9002823892931584,0.1799100154373265,-0.09960187238236021,0.07911616586163402,0.6546917520488904,0.283611658794825,-0.011229217056553265,0.09831611848125894,0.9931401740286401,0.13495917619539272,0.0858869768086713,0.03266461560898128,1.2057812454977221,0.1778351244322816
0.5,92,FairOversampling,LogReg,0.5,0.5,german_t0.5_k92,0.6977420300783377,0.03756647753675873,0.7001316445149506,0.036174833774155396,0.6990041586434876,0.036473491620942364,0.8094718820914883,0.030263841603913964,0.6912077875693367,0.05237082682536385,0.7448076199814463,0.03783879139772869,0.6912077875693367,0.05237082682536385,0.29094449853943527,0.053168420749537565,0.7090555014605648,0.053168420749537565,0.30879221243066335,0.05237082682536387,-0.1108827924789475,0.07026791677249669,0.8185884230539099,0.11686660792843835,-0.048667898497166795,0.09339501537341784,0.945154078912102,0.14849586789236585,0.015553635495869139,0.0659535286855803,1.0567147175317906,0.26235496443736106,-0.015553635495869144,0.06595352868558031,0.9778375733601974,0.08897498244938613,0.04866789849716678,0.09339501537341786,1.231595875291281,0.2803128672588025,-0.029332522838881835,0.07077386371533974,0.9660238017089734,0.1062013148846303,-0.01655713150064883,0.053659646071204256,1.0009343982219465,0.14129160145694095
0.5,92,FairOversampling,XGBoost,0.5,0.5,german_t0.5_k92,0.7563780319215784,0.017183844963174412,0.7367822985509628,0.02335284874659686,0.7317802766453843,0.026515981703913633,0.8142884808213962,0.025962015438016156,0.8055671936614843,0.03767073651878029,0.808866703419646,0.01532702721359942,0.8055671936614843,0.03767073651878029,0.3320025965595585,0.06771250968596862,0.6679974034404415,0.06771250968596862,0.1944328063385158,0.03767073651878028,-0.1748059588930992,0.0527871582166774,0.748121076514971,0.08159316169008231,0.0006228135008622849,0.05713128057408364,1.0029972575483097,0.06883983949359397,-0.17950939732069382,0.08493600577065973,0.5696423447427752,0.22174079037523714,0.17950939732069388,0.08493600577065974,1.3123026607538804,0.14134334416545055,-0.0006228135008622904,0.05713128057408366,1.0483602499592077,0.3660515480748927,0.0390990556051227,0.061166458973203316,1.056197107934481,0.08244270091167197,-0.08944329190991576,0.04846810220519192,0.7863198011455423,0.11565140148527508
0.5,92,FAWOS,LogReg,0.5,0.5,german_t0.5_k92,0.7160822755644926,0.023223661476419872,0.6421082989002529,0.025412551575954682,0.585482919013107,0.033471856399425494,0.7226223929701792,0.014363696759365958,0.9042425633960915,0.022655058333165518,0.8032282201041039,0.01644890268093988,0.9042425633960915,0.022655058333165518,0.6200259655955859,0.037763765385130106,0.37997403440441413,0.0377637653851301,0.09575743660390837,0.022655058333165543,-0.0922663155134766,0.02764801807645373,0.8899191461475944,0.03182767501991285,-0.03988371520078839,0.03730463455095455,0.956960840163992,0.04041124339006566,-0.016536815773016043,0.036068432835753096,0.9747918443345274,0.05879456639006616,0.016536815773016043,0.03606843283575311,1.0464736626357862,0.0950244152710707,0.039883715200788365,0.037304634550954514,1.547237112481015,0.5032649826281944,-0.13329693387643285,0.02731854486362758,0.8259750174061791,0.035538982841921585,-0.028210265486902218,0.028814499581998963,0.9658763422492598,0.03942993006316791
0.5,92,FAWOS,XGBoost,0.5,0.5,german_t0.5_k92,0.7609693770684094,0.015448254836763368,0.7191192048506908,0.02065972086206694,0.7025348103749265,0.027532310881747835,0.7838453815261043,0.016683061564129378,0.8670277638071914,0.02756375581195931,0.822922556019369,0.012221908527624718,0.8670277638071914,0.02756375581195931,0.4287893541058098,0.053217832658696944,0.5712106458941901,0.053217832658696965,0.13297223619280868,0.02756375581195932,-0.23332051210824423,0.05625385603917329,0.7076390919370259,0.06448752688496501,-0.05068095590046806,0.06680578361507065,0.9453111680483242,0.07236923826779075,-0.2766778578716961,0.07962572074432997,0.5169425087108014,0.127749644052404,0.2766778578716961,0.07962572074433,1.6617811026849765,0.21476506185902897,0.050680955900468096,0.06680578361507068,1.740490537678486,0.9689047437395105,0.01232246206983778,0.05353926003612541,1.0184845372260787,0.07028660079859794,-0.16367940688608212,0.055943462953615686,0.7311268383795627,0.07801496134028799
0.5,92,HeterogeneousFOS,LogReg,0.5,0.5,german_t0.5_k92,0.6995768924636587,0.030176458384914968,0.7128102163427494,0.03487741623612274,0.7102029898536723,0.0337467397634344,0.8336817091393307,0.037123665766558823,0.6655749928932234,0.035459102082578284,0.7393786509734561,0.026964996511313084,0.6655749928932234,0.035459102082578284,0.23995456020772474,0.06548745395689724,0.7600454397922752,0.06548745395689727,0.3344250071067766,0.035459102082578256,-0.13845887202928514,0.05607369143513208,0.7557084017375479,0.09833068846758991,-0.04048460211874847,0.0736477383846394,0.9476673212136969,0.11466986699721476,-0.05358694578848623,0.10870724616107039,0.8395842572062084,0.4014234222542293,0.05358694578848624,0.10870724616107037,1.0768600008843912,0.15181616127015893,0.04048460211874848,0.07364773838463941,1.1588628499339182,0.22035694619207208,0.018778987318273342,0.0811529932879657,1.0331479357171327,0.12289871151552423,-0.04703577395361735,0.05418826132446407,0.8936257892099526,0.1895098643573024
0.5,92,HeterogeneousFOS,XGBoost,0.5,0.5,german_t0.5_k92,0.7655481546646559,0.02516985922883744,0.738366009104325,0.026680985796624968,0.7307504709184447,0.029217219892836797,0.8074353122226603,0.02206779729543577,0.8341808984423403,0.04200847867098784,0.8198455894274577,0.021630262525107413,0.8341808984423403,0.04200847867098784,0.3574488802336903,0.05823001909721381,0.6425511197663096,0.05823001909721382,0.16581910155765964,0.04200847867098786,-0.17524460152601498,0.05514039430905502,0.762230576968429,0.06363242831904878,0.0023796501601379915,0.09029147207481757,1.0101857444450844,0.1071579267454614,-0.18117803890589512,0.04191461939965711,0.5939013599185766,0.08980750064583341,0.18117803890589515,0.04191461939965711,1.3351511807975225,0.08926489720235019,-0.0023796501601379637,0.09029147207481761,1.333692218350755,0.9997524724129845,0.02841979838323354,0.06701450850423757,1.0417606866267923,0.08748354649304402,-0.08939919437287856,0.05321648700508093,0.8020435521818305,0.06585162660338852
0.5,92,FairwayRemover,LogReg,0.5,0.5,german_t0.5_k92,0.6968287880692055,0.03254092402377889,0.6339134728507863,0.03306235887519065,0.5926733506093378,0.037034913956410474,0.7219061478329251,0.018919541246277715,0.8571810515113747,0.03740462200941211,0.7835588426947954,0.024934563397807693,0.8571810515113747,0.03740462200941211,0.589354105809802,0.04126209595924926,0.41064589419019804,0.04126209595924925,0.14281894848862553,0.03740462200941212,-0.08640206745707495,0.02886190298682444,0.8913317604404444,0.035108255424531484,-0.05053806356245381,0.08128639086621202,0.9431775492519815,0.09143263324086758,0.005324544945854326,0.06396861999793912,1.0115047077348245,0.11612386445614199,-0.005324544945854315,0.06396861999793911,0.99048862471818,0.14387869905611764,0.05053806356245381,0.081286390866212,1.461138211382114,0.7441877079757684,-0.1303741780368857,0.06940610280532061,0.8262817104914099,0.08892546942577093,-0.02260675930829974,0.02187670410217479,0.9773411284934029,0.03254592162632813
0.5,92,FairwayRemover,XGBoost,0.5,0.5,german_t0.5_k92,0.6877005571614092,0.018395951281234096,0.6308328804322464,0.01819022667024173,0.5958556252341886,0.02710438631235829,0.7228370373447482,0.014479505343124012,0.8328439497642008,0.039055466406589794,0.7733444569734337,0.017524309936520703,0.8328439497642008,0.039055466406589794,0.571178188899708,0.05024302908307472,0.4288218111002921,0.0502430290830747,0.16715605023579921,0.039055466406589766,-0.04361455417632818,0.07682440581204626,0.9461651912450225,0.09918304251023738,-0.0024370534614436947,0.08422774902418917,1.0024696037500918,0.09799087326051618,0.04221865639709029,0.11447633112780826,1.0989430894308945,0.23249354556118157,-0.04221865639709027,0.11447633112780825,0.9372845528455285,0.23518108984248498,0.0024370534614437055,0.08422774902418913,1.188677175685784,0.6962633062544786,-0.1080251467925416,0.06201241850293227,0.8554880679011422,0.07831484593631212,0.0198908014678233,0.08020228445588018,1.050706346590493,0.13855990280424688
0.5,92,DisparateImpactRemover,LogReg,0.5,0.5,german_t0.5_k92,0.7243391562984374,0.012819562812896292,0.6809919559018098,0.019019897106210295,0.6624556699501299,0.026092158068687116,0.7599310372795351,0.014872121818684941,0.8342007245267616,0.022007270369564864,0.7950290540616669,0.009544505261479746,0.8342007245267616,0.022007270369564864,0.4722168127231418,0.04960150914929466,0.5277831872768581,0.04960150914929466,0.16579927547323842,0.02200727036956486,-0.3546946308392829,0.05191789275622181,0.5755037975977781,0.05690428841218447,-0.2558677014042868,0.08020218688000932,0.7213657908980124,0.07692109602120269,-0.33560597083703636,0.0773551144002503,0.4789176961446315,0.11128245393920531,0.33560597083703636,0.07735511440025028,1.9724403112131772,0.3246715287742156,0.2558677014042868,0.08020218688000934,4.9544349593495935,2.7485032542953927,-0.08330617511703112,0.06823969461642511,0.8931744074755456,0.08740660977689649,-0.29573683612066154,0.04899367636450946,0.6001417435213219,0.0642580092515109
0.5,92,DisparateImpactRemover,XGBoost,0.5,0.5,german_t0.5_k92,0.7536424950777094,0.03181241974663471,0.7162169494256349,0.03198778729691973,0.7029387911240422,0.03491414438246821,0.7848373886225548,0.020298759884424176,0.848435197131049,0.04286338777227072,0.8149443654230051,0.02657349427138199,0.848435197131049,0.04286338777227072,0.41600129827977933,0.05041654768090101,0.5839987017202206,0.050416547680900994,0.15156480286895105,0.04286338777227075,-0.23473284505792172,0.05304094144059341,0.7008607752252844,0.05427104181128902,-0.08035624538063561,0.05256078620215942,0.9103266670838123,0.05522695327463038,-0.2404777657088312,0.08562629171423576,0.56362389135255,0.13321117822960485,0.2404777657088312,0.08562629171423576,1.5528342828262125,0.22831513832868125,0.08035624538063561,0.05256078620215939,1.8807645009223202,0.7591838486690068,-0.011440908558811835,0.04329539479146778,0.9867986878114987,0.05674753522560203,-0.1604170055447334,0.059632928287256914,0.7369752792181812,0.07981490700964733
0.5,92,LearningFairRepresentations,LogReg,0.5,0.5,german_t0.5_k92,0.725256587491098,0.012995502269705387,0.6789427510385568,0.017645188539781483,0.6579136207909717,0.02456964891453454,0.7567963579683589,0.012692212265776378,0.8427929996428389,0.02338194878304815,0.7972046387993432,0.010167691443061379,0.8427929996428389,0.02338194878304815,0.48490749756572543,0.04498227968458078,0.5150925024342745,0.04498227968458074,0.15720700035716106,0.023381948783048147,-0.37464827242546733,0.06060918779314888,0.5608669830660314,0.06621643929744928,-0.275050258684405,0.06617695415451945,0.70323233722462,0.06543643099324162,-0.36151690201112535,0.09839843473906586,0.4629686088527552,0.13614755149620814,0.3615169020111254,0.09839843473906586,2.1243554006968646,0.37025868295149134,0.2750502586844051,0.06617695415451948,5.93244549150037,3.3194565684038695,-0.08880846442420096,0.05941007351600371,0.8847082793272338,0.07592852845830723,-0.31828358034776516,0.06459598077163557,0.5831004730386876,0.07993683086229154
0.5,92,LearningFairRepresentations,XGBoost,0.5,0.5,german_t0.5_k92,0.7326295505006074,0.017545085820079732,0.6915280098411601,0.024296304374308474,0.675209371154949,0.03080691807221523,0.7675435123882329,0.018403029289705133,0.83712937248985,0.01244069154830436,0.8006519351732733,0.011082262979202062,0.83712937248985,0.01244069154830436,0.45407335280753003,0.05015388125655525,0.54592664719247,0.050153881256555226,0.16287062751014994,0.012440691548304367,-0.2962707197336739,0.0888060452405392,0.6382426941742728,0.08717319747110482,-0.1410711998029071,0.11495950882322482,0.8442425944910852,0.12434401744504345,-0.33912873177314773,0.093624425179426,0.46622906343259585,0.08738016449034998,0.3391287317731477,0.09362442517942603,2.0205290856919262,0.5413574167490783,0.1410711998029071,0.1149595088232248,2.6251004742109476,1.6214822217515723,-0.013724190787360913,0.05098731168889052,0.9819111122306916,0.0697373736260096,-0.24009996578802745,0.0983116314575951,0.6552358289618404,0.09323492242288643
0.5,92,ReweighingClassifier,LogReg,0.5,0.5,german_t0.5_k92,0.7234007791881363,0.019483611116681444,0.6793086776217309,0.018118773245324574,0.6608073473761898,0.01859269536901809,0.7577183292980068,0.010958023616025369,0.8356702601444681,0.0273387908336343,0.7946293979929704,0.016434122471400497,0.8356702601444681,0.0273387908336343,0.47705290490100616,0.023755903747779618,0.5229470950989938,0.023755903747779642,0.16432973985553198,0.027338790833634285,-0.1149071893090274,0.036526192128349545,0.8473249836657424,0.04596923212104117,-0.03451860064055186,0.05943640328390744,0.9612377773084122,0.06987166163193928,-0.03963101938711696,0.08684424380152904,0.9304175251615409,0.18206317271537142,0.03963101938711695,0.08684424380152907,1.0888486199357792,0.16914992496490286,0.034518600640551865,0.05943640328390745,1.3043762399346481,0.44218360156667924,-0.07408150139854972,0.06225826780219912,0.9039317256454407,0.08056871976328363,-0.037074810013834406,0.03675950193098366,0.9458276512349766,0.07892743356771428
0.5,92,ReweighingClassifier,XGBoost,0.5,0.5,german_t0.5_k92,0.772879225838884,0.022877799773049576,0.7424032125447821,0.027495619518422193,0.7335733508839947,0.030889863373077413,0.8069666591862459,0.022125217619235103,0.8499151560210798,0.02974158093784577,0.82744232936051,0.017561469127397863,0.8499151560210798,0.02974158093784577,0.36510873093151575,0.05638092917724649,0.6348912690684843,0.05638092917724648,0.1500848439789202,0.029741580937845784,-0.2190136857684768,0.056141175591054415,0.7125511104695803,0.06407741715848854,-0.04037644740083768,0.09845691790098199,0.9602669033047407,0.11287169296320311,-0.22751308383529176,0.03698401247072903,0.5192899728997291,0.11352161279685613,0.2275130838352918,0.036984012470729015,1.4375430788723473,0.05133649338132462,0.040376447400837644,0.09845691790098199,1.6500309893358671,0.9692440256437308,0.017043762007214292,0.07470732647232403,1.0266066842165118,0.09937129994937159,-0.13394476561806473,0.04511028755363406,0.7397784381022349,0.06509104786586264
0.5,92,FairBalanceClassifier,LogReg,0.5,0.5,german_t0.5_k92,0.6913451468308827,0.027322898713675058,0.6917942186946482,0.02642285113186238,0.6909854703123628,0.026384995982273018,0.8012676049828299,0.02320354301180867,0.6898201803299003,0.0409084523308169,0.7407502018101393,0.027801811983477084,0.6898201803299003,0.0409084523308169,0.30623174294060374,0.04422305697062023,0.6937682570593963,0.04422305697062021,0.31017981967009983,0.0409084523308169,-0.10230279495152776,0.047661279006772854,0.8288475436565239,0.07474607973117703,-0.039606553338260644,0.08652076145309319,0.9542683951184061,0.12701541464735733,0.015008064250683018,0.07539387410459243,1.0603415690001057,0.23480990181591452,-0.015008064250682995,0.07539387410459246,0.9812763878491382,0.1123562497941407,0.03960655333826065,0.0865207614530932,1.1932066703621582,0.3040981110593902,-0.027138015318553733,0.08079555746165203,0.9698644315307166,0.12078083545681814,-0.012299244543788812,0.03578591598778687,1.007304982059256,0.09456785550902305
0.5,92,FairBalanceClassifier,XGBoost,0.5,0.5,german_t0.5_k92,0.7637258598299191,0.01564543340714419,0.7387144575913572,0.01597749176206866,0.7330805438065049,0.016753372541383534,0.8088202031819053,0.011307549967555064,0.8270881167406501,0.023644759717301827,0.817660049675861,0.01341821779483033,0.8270881167406501,0.023644759717301827,0.34965920155793573,0.029407828171283196,0.6503407984420643,0.0294078281712832,0.17291188325934995,0.023644759717301858,-0.20683497688608168,0.05968527232879675,0.7201441218175002,0.07092076399468912,-0.022214092140921425,0.09676201707708085,0.9799573653148084,0.11679476340692577,-0.22671060860406173,0.057180235062001546,0.5138881757238625,0.1185679713929562,0.22671060860406173,0.05718023506200154,1.4257470963995353,0.11273464406688058,0.02221409214092141,0.09676201707708086,1.3062347391032438,0.6365717548070069,0.03546539474228296,0.06922550618019904,1.0512443594441803,0.09482374821511172,-0.12446235037249158,0.05359933190166644,0.7469227705193355,0.0758986221240531
0.5,92,FairMask,LogReg,0.5,0.5,german_t0.5_k92,0.7353231955091952,0.014163879172329964,0.693543767342563,0.013900353249331308,0.6771273372171087,0.01634947260124423,0.7680292615080497,0.00999705249686636,0.8413231724650675,0.024798127186847024,0.8028097997647292,0.012938033638213489,0.8413231724650675,0.024798127186847024,0.4542356377799416,0.03080372267138633,0.5457643622200584,0.030803722671386334,0.1586768275349325,0.024798127186847038,-0.17860285050284114,0.03871391007357794,0.768933774607266,0.04482924688506263,-0.08435624538063564,0.07770085357819687,0.9069902187467133,0.08760445657400885,-0.11504163786577135,0.06404942978956182,0.7765975609756097,0.12413589730374171,0.1150416378657714,0.06404942978956182,1.237381971188133,0.13248937370375344,0.08435624538063562,0.07770085357819687,1.8927048155096933,0.8213849076692306,-0.06920640630554202,0.07162978785975148,0.9125393009059245,0.09056207941393425,-0.0996989416232035,0.03431622745692586,0.8417938898611614,0.053301647053185214
0.5,92,FairMask,XGBoost,0.5,0.5,german_t0.5_k92,0.7829584014075657,0.013297045277421952,0.7469669136672975,0.017256280319531674,0.7355153612533571,0.020634848856141676,0.8045622912186673,0.013588511436603917,0.8742324316838322,0.019213307395158023,0.8377539167886848,0.009852889143065443,0.8742324316838322,0.019213307395158023,0.38029860434923723,0.03912536877936507,0.6197013956507628,0.03912536877936508,0.1257675683161677,0.01921330739515803,-0.22100105817528704,0.053669484805307255,0.7178836714257506,0.058936392240683665,-0.046619610741561936,0.08578789982054368,0.9518084928478736,0.09225707623640174,-0.2180003949837069,0.1000019604023792,0.5664531666325067,0.1707346396597556,0.2180003949837069,0.10000196040237921,1.4479984100070182,0.23888619755637397,0.04661961074156197,0.08578789982054368,2.0704532222520027,1.7923255723478075,0.001037845981193075,0.07772165207528692,1.0050141444212919,0.09798925920395264,-0.13231000286263445,0.058641158297241036,0.7591308297401902,0.08344443074571616
0.5,264,Baseline,LogReg,0.65,0.6498257839721254,german_t0.5_k264,0.7634199134199136,0.0244866730775532,0.7597351955700417,0.023212664494242995,0.7587174406787704,0.02259749407072207,0.7818130571396725,0.01673022343607277,0.7942807577646089,0.03792501440224883,0.7877148658242461,0.024660444626161446,0.7942807577646089,0.03792501440224883,0.2748103666245259,0.019993609940674888,0.7251896333754742,0.019993609940674926,0.205719242235391,0.03792501440224884,-0.5900169326530792,0.04406616982969646,0.2900419739825253,0.03609250225993485,-0.3319534368070953,0.06573621800550937,0.6281323391869242,0.06810082973015406,-0.605547069336543,0.06618561985090263,0.10492305763320257,0.04943307667099048,0.605547069336543,0.06618561985090263,2.926974610974611,0.44614413949843573,0.33195343680709544,0.0657362180055094,4.709308943089431,1.783248918964086,0.06643579328856816,0.04758557863824379,1.0934623874411173,0.06995539233032803,-0.46875025307181917,0.03451247055908945,0.3665276984100634,0.041429589355995715
0.5,264,Baseline,XGBoost,0.65,0.6498257839721254,german_t0.5_k264,0.808560762908589,0.0376379416371787,0.8029986049624942,0.0376871839346483,0.801085142900136,0.037793643130519514,0.8104459699372708,0.02975826630720202,0.8543537206708797,0.04340297063948939,0.8315519239042668,0.033487947825424885,0.8543537206708797,0.04340297063948939,0.2483565107458913,0.04248257905456778,0.7516434892541086,0.04248257905456776,0.1456462793291203,0.043402970639489405,-0.40897320540734566,0.04285416634378542,0.46934685784426805,0.04415444330588607,-0.08125375708302536,0.048054696702166826,0.9082234811175385,0.054528502741620744,-0.36045986067038693,0.13702263727086175,0.2840417005634397,0.11899873908781741,0.360459860670387,0.13702263727086178,1.8047808294008294,0.43982937041257697,0.08125375708302537,0.04805469670216681,1.8968312040263258,0.6990423310197745,0.06980474515642128,0.06382945593777632,1.0959435652886174,0.0901811982556028,-0.22085680887670617,0.07868656729506662,0.5961325908404891,0.06737867836305211
0.5,264,FairSmote,LogReg,0.65,0.6498257839721254,german_t0.5_k264,0.7238628521237217,0.03625378129578913,0.7294953845944951,0.035539318955301824,0.7263939721557021,0.03712121798687694,0.7949824751632402,0.035653915266104313,0.6770533482028968,0.0569977472863714,0.7299155347947147,0.04083443147098197,0.6770533482028968,0.0569977472863714,0.21806257901390644,0.050771569614445615,0.7819374209860935,0.05077156961444565,0.32294665179710336,0.05699774728637143,-0.2393396381460033,0.08513790226118084,0.5940557359721548,0.12330849997536349,-0.006651884700665156,0.10635455717734998,1.001206981106239,0.16573899523531702,-0.1608405004194478,0.10225962740860148,0.5209551889551889,0.2814539740774999,0.1608405004194478,0.10225962740860148,1.2446076076076076,0.1627923383227813,0.006651884700665184,0.10635455717734997,1.053235155612811,0.32318566010125505,0.10046443367779845,0.07686001107186335,1.1544415783341428,0.1266041237918288,-0.08374619256005647,0.08120528700653361,0.7610810850307138,0.17077393174711555
0.5,264,FairSmote,XGBoost,0.65,0.6498257839721254,german_t0.5_k264,0.790366396888136,0.018008256747879023,0.7864338045930902,0.017298876932827223,0.7854976688909867,0.017022614215571635,0.8032656216339513,0.010613289920624913,0.8229150175300489,0.02654040600161569,0.8128573297594693,0.017516120931812592,0.8229150175300489,0.02654040600161569,0.2500474083438685,0.013942639091198342,0.7499525916561314,0.01394263909119833,0.1770849824699511,0.026540406001615686,-0.2732772652745865,0.03302951355242348,0.6051653865042862,0.04348262133033307,0.08819709288001971,0.03607448529210004,1.111413325458041,0.047210840226905894,-0.2470992449939818,0.1014194970166572,0.4311608553589978,0.16871420015464966,0.24709924499398186,0.10141949701665724,1.4478460841794176,0.2139522857820236,-0.0881970928800197,0.03607448529210001,0.5640402247957181,0.17547563692345058,0.11269907563568146,0.05119169898798535,1.1563397497418113,0.07827436189381307,-0.07945107605698105,0.05573939149720936,0.7712870904085194,0.0872995433524647
0.5,264,Massaging,LogReg,0.65,0.6498257839721254,german_t0.5_k264,0.6668925277620931,0.031812980497645936,0.6644577494794653,0.031138069077569636,0.6636797142180829,0.03129647130120809,0.703979840595312,0.027211653461717042,0.6870539313230267,0.04280309699860985,0.695091980016856,0.03323993955218469,0.6870539313230267,0.04280309699860985,0.3581384323640961,0.03365671892290834,0.6418615676359039,0.033656718922908335,0.31294606867697333,0.042803096998609846,-0.044889280845112935,0.12094869265997864,0.9501338187002473,0.2458800532392479,0.09816481892091651,0.16152746276029303,1.1776424150430764,0.2831901338239087,0.08275230696283328,0.11181199407753586,1.3977086229086229,0.589517322391144,-0.08275230696283327,0.1118119940775359,0.8934734088927637,0.14175176150435942,-0.09816481892091648,0.1615274627602931,0.7746573985613129,0.43940606253074976,-0.0057759986201688426,0.05893190886348179,0.9941384595321658,0.08746592211302866,0.0904585629418749,0.12421478528018598,1.2876755189758498,0.4176816093030767
0.5,264,Massaging,XGBoost,0.65,0.6498257839721254,german_t0.5_k264,0.6914172783738002,0.04632011305538773,0.6869363264263916,0.04640254810287936,0.6855729877142098,0.046533552228085695,0.718059198642704,0.039321504517731705,0.7285344733331875,0.04698488659639534,0.7231740026655219,0.04245383356060515,0.7285344733331875,0.04698488659639534,0.3546618204804045,0.0485390755659071,0.6453381795195956,0.048539075565907065,0.27146552666681245,0.04698488659639534,-0.0011922273302305332,0.0768041584840362,1.0079045326697855,0.14777261167216107,0.15143385070214338,0.12005596342689381,1.2371042432769985,0.20940796029241165,0.17242426231899918,0.04222242472522747,1.8191774319774319,0.47138735569243684,-0.17242426231899916,0.042222424725227456,0.7737131452993522,0.04835157577092867,-0.15143385070214338,0.12005596342689384,0.5477721856039907,0.2994568951335243,-0.031548642994438734,0.05510759635961445,0.9595387045815068,0.07896865799047842,0.16192905651057127,0.07044170829605596,1.5281408376272152,0.25775260888796303
0.5,264,FairOversampling,LogReg,0.65,0.6498257839721254,german_t0.5_k264,0.7420446703055399,0.03524357688973445,0.7527386362690787,0.033405550035408696,0.7453136311685646,0.037079994752927045,0.8458362233517815,0.02855070443308633,0.6526959830312042,0.05615035540958876,0.735827179403431,0.044239439877653185,0.6526959830312042,0.05615035540958876,0.14721871049304677,0.028107564420817584,0.8527812895069532,0.028107564420817573,0.3473040169687958,0.05615035540958879,-0.36749858534058355,0.08853467436126662,0.3922818940367308,0.09236370431539358,-0.14724562700172455,0.1265595839821276,0.8095765706035282,0.1838090718393173,-0.27562709267972424,0.0966299788219818,0.18001320234261411,0.10134757643517316,0.2756270926797243,0.09662997882198181,1.4347438623264712,0.20006703935598424,0.14724562700172455,0.12655958398212763,1.599983433795058,0.46427319534533446,0.11835855446662065,0.07660251865874765,1.182969395391679,0.13091037113639992,-0.21143635984072442,0.08509546729082908,0.49479488647307124,0.11470894711072782
0.5,264,FairOversampling,XGBoost,0.65,0.6498257839721254,german_t0.5_k264,0.7840266014179058,0.03298257564891333,0.7817007592785282,0.03417719198336066,0.7812108916831376,0.03467624318187115,0.8068698832382635,0.032011682247432595,0.8029242745621132,0.02750938640829672,0.8047582292776289,0.028086610835151404,0.8029242745621132,0.02750938640829672,0.23952275600505687,0.04627133158918145,0.7604772439949431,0.04627133158918147,0.19707572543788676,0.027509386408296716,-0.3591593820769271,0.04184161764995167,0.4982679188782912,0.04749578361654906,-0.05101059374230106,0.057795891469355654,0.9382610399214719,0.07143924278605433,-0.310822336506547,0.12426217065546483,0.3297163699584752,0.16862231888822807,0.31082233650654706,0.12426217065546484,1.6346596129349755,0.36912869569560847,0.05101059374230106,0.057795891469355674,1.3018826945412312,0.31293913939873136,0.08611175246610576,0.05731229481990038,1.119374932353026,0.07982064357477178,-0.18091646512442403,0.07028912795229662,0.6339887049399736,0.08402173010622531
0.5,264,FAWOS,LogReg,0.65,0.6498257839721254,german_t0.5_k264,0.6969634230503796,0.03267553552648057,0.6792870412226584,0.0330124597240877,0.6578721729408507,0.0364251532530592,0.683717858782728,0.027105665559727786,0.844240959815734,0.04222683319706191,0.7550597628218678,0.027322563795080763,0.844240959815734,0.04222683319706191,0.4856668773704172,0.052661060899678966,0.5143331226295829,0.05266106089967896,0.15575904018426598,0.04222683319706189,-0.2577342449479926,0.08441632725857386,0.6809367596429381,0.09783186199487584,-0.07384823848238484,0.09182857828687946,0.9178278221579719,0.10565529802677444,-0.22324324324324327,0.08945219418968192,0.6500250082858778,0.13292744900233014,0.22324324324324324,0.08945219418968191,1.6268108108108108,0.28976336180975115,0.07384823848238484,0.09182857828687951,1.6969031781226902,0.766495911601798,-0.06731986579972189,0.04847504303670912,0.9087463097173467,0.06414488326616945,-0.14854574086281402,0.07775163621776031,0.7839264152219249,0.10504562556380746
0.5,264,FAWOS,XGBoost,0.65,0.6498257839721254,german_t0.5_k264,0.8077514273166446,0.020106560663512213,0.7977930176234513,0.020016909290019015,0.7920131830019059,0.020044062677216944,0.7899468850238082,0.01619722400279263,0.8900076534517067,0.033950562221266835,0.8366354123188223,0.017740179776099235,0.8900076534517067,0.033950562221266835,0.29442161820480406,0.03189189200583095,0.7055783817951959,0.03189189200583097,0.10999234654829329,0.03395056222126683,-0.37756796343479426,0.04306328482482797,0.5253720072284642,0.05191120265257724,0.001014535599901456,0.04189168046804702,1.0011106862630688,0.047967440032144294,-0.3858343363606521,0.10514510588698979,0.30791611611611613,0.11154365851307374,0.3858343363606522,0.10514510588698978,1.9175876447876448,0.3956684989136518,-0.0010145355999014547,0.04189168046804698,0.9499738675958188,0.37895712237970036,0.08734231689628673,0.053756598646688934,1.1167384713366362,0.0738543881308904,-0.19240990038037534,0.05963401478184338,0.6545134011895924,0.0644806163572979
0.5,264,HeterogeneousFOS,LogReg,0.65,0.6498257839721254,german_t0.5_k264,0.7135767614028484,0.03397979028712066,0.7203887740602364,0.03442776769708299,0.7168354904699875,0.03505223670737903,0.791384019239572,0.0392003976596445,0.657022807286086,0.04398895655989174,0.7171362862681867,0.03636902544544634,0.657022807286086,0.04398895655989174,0.21624525916561316,0.05031875552603602,0.7837547408343868,0.05031875552603604,0.34297719271391397,0.043988956559891726,-0.21447297182381372,0.06908989842887754,0.6207187268402896,0.10247328868016937,0.021266568120226648,0.11231471913214895,1.0485812515950599,0.18364228203795868,-0.1474857205383521,0.038279974524648944,0.5197649425649427,0.13644116676929832,0.14748572053835213,0.03827997452464896,1.214359746999747,0.05527854421592546,-0.021266568120226658,0.11231471913214901,0.9802642531217366,0.32826599750147584,0.11612672240066269,0.06792739958315407,1.1833860521780906,0.12293900153298275,-0.06310957620906274,0.05937692097148396,0.7841730970800012,0.11621349992849633
0.5,264,HeterogeneousFOS,XGBoost,0.65,0.6498257839721254,german_t0.5_k264,0.7816456490369534,0.01958423687268989,0.773404086398149,0.01808578648195943,0.7692094845505915,0.01669951910992309,0.7768252909148808,0.010805084691349342,0.8500477429606466,0.038643544624448065,0.811387919174828,0.01966912719169054,0.8500477429606466,0.038643544624448065,0.30323957016434894,0.021215809188770786,0.6967604298356511,0.021215809188770824,0.14995225703935333,0.038643544624448085,-0.3092343903694129,0.04356185468511814,0.5853017520455996,0.06095434907750466,0.04305493964030547,0.012521821368578389,1.0513329043033148,0.014460121890945539,-0.30943122879964985,0.1241573381319602,0.4141824890223867,0.1712654046271751,0.3094312287996498,0.12415733813196023,1.6808056635371216,0.34281235683433897,-0.0430549396403055,0.012521821368578379,0.7111269790329483,0.13150564197551753,0.08720815747475515,0.06475524041262838,1.1232519081089458,0.09370575052466759,-0.13318814457967218,0.0661402649053099,0.7327576966628508,0.08959584897960146
0.5,264,FairwayRemover,LogReg,0.65,0.6498257839721254,german_t0.5_k264,0.6479421544638936,0.020006387600334772,0.6232764704125555,0.019529904381350487,0.5788194170391988,0.02222476963168728,0.6358143418274584,0.012977232738948198,0.8528740533409138,0.03327264450294962,0.728301716336769,0.017613786603021396,0.8528740533409138,0.03327264450294962,0.6063211125158028,0.029730470927612985,0.39367888748419727,0.02973047092761298,0.14712594665908613,0.033272644502949617,-0.055589269184962674,0.0515058024384754,0.92866974323464,0.06395720239622617,-0.01653880266075387,0.07106665488975876,0.9807345928693287,0.08329576026208721,0.110018018018018,0.11285024095877474,1.2470165543694953,0.25253306324293245,-0.11001801801801803,0.11285024095877476,0.8030501861678332,0.21866106377230388,0.01653880266075388,0.07106665488975876,1.1077776897898848,0.4973506195008028,-0.22318231736413469,0.048664088169577284,0.7041258612195411,0.054977256812523766,0.04673960767863207,0.07796435626534733,1.1138755736194121,0.14571913749229057
0.5,264,FairwayRemover,XGBoost,0.65,0.6498257839721254,german_t0.5_k264,0.6179308614091223,0.04237703279497207,0.591869905157188,0.0461468398410968,0.5370496811803949,0.06353797471649708,0.6156760664680134,0.03328785777774156,0.8328232489995845,0.03291516141322963,0.7074774997898599,0.02812794836470342,0.8328232489995845,0.03291516141322963,0.6490834386852086,0.08377820914914302,0.35091656131479143,0.08377820914914304,0.16717675100041546,0.032915161413229636,-0.009390086020345013,0.056602892770568194,0.9866309080718331,0.0768327531858828,-0.03076250307957624,0.08141370658941303,0.9637009144322353,0.09863754048987482,0.18250676587518694,0.126888099965122,1.378237041389215,0.3323011826023445,-0.18250676587518688,0.126888099965122,0.6191734343038691,0.2182377894126819,0.03076250307957624,0.08141370658941306,1.2001459890759898,0.4675858482058236,-0.26719559447399405,0.0962224458332857,0.6400859329648263,0.12590518595812394,0.07587213139780533,0.06914137131163656,1.170968977910725,0.17155209845061847
0.5,264,DisparateImpactRemover,LogReg,0.65,0.6498257839721254,german_t0.5_k264,0.7673913043478262,0.018951734537133353,0.764493413016312,0.017265835584263218,0.7637897265571615,0.016630824084804038,0.7890244532369932,0.008487891397114691,0.791423614907466,0.03483946897578478,0.7899455240828354,0.020349917444535355,0.791423614907466,0.03483946897578478,0.26243678887484195,0.011219262454912305,0.737563211125158,0.011219262454912301,0.20857638509253387,0.03483946897578478,-0.5769356644501166,0.05877600806588539,0.2956359440801492,0.045526578920095075,-0.33495343680709533,0.06454091521527473,0.6239659307134657,0.06692645349964017,-0.5609100922785133,0.08019922793488465,0.1183839955579086,0.05823824759430196,0.5609100922785133,0.08019922793488465,2.58933900118606,0.4358437188007143,0.33495343680709533,0.06454091521527477,4.521808943089431,1.4789479386001263,0.05274430388041873,0.03471885457717485,1.072008576242915,0.04893891843561461,-0.44793176454280437,0.06344579788612445,0.3711749631356872,0.05215716435638176
0.5,264,DisparateImpactRemover,XGBoost,0.65,0.6498257839721254,german_t0.5_k264,0.7784773197816677,0.02515358069935117,0.7727680522284703,0.02432287287702256,0.7707787806324908,0.023669382905921323,0.7851993216932854,0.016074223174559085,0.8257510222824779,0.03606905329647653,0.8047590618840765,0.02366460619179834,0.8257510222824779,0.03606905329647653,0.28021491782553726,0.021717046572454327,0.7197850821744627,0.02171704657245432,0.174248977717522,0.03606905329647653,-0.3805456349480539,0.06347208435527493,0.4976967641711809,0.06977977368468698,-0.055274698201527486,0.043736808179678024,0.9347643982598249,0.05265063509078879,-0.3755564795564795,0.11941356826908434,0.3048564243387773,0.12252987181443839,0.3755564795564796,0.11941356826908434,1.8611568711568711,0.4266257810028742,0.055274698201527486,0.043736808179678024,1.391865104835259,0.29438937742999083,0.08668103616957779,0.047468287742360955,1.1202299467644958,0.06808475875202984,-0.21541558887900353,0.07814830105093386,0.6198104112993013,0.082901398317509
0.5,264,LearningFairRepresentations,LogReg,0.65,0.6498257839721254,german_t0.5_k264,0.7674069891461196,0.016437568036994823,0.7645115918992487,0.014896441125483271,0.7637269848443544,0.014296121889697758,0.7892514449893298,0.00940910809595926,0.7914441698920499,0.0334855187200469,0.7899997242896095,0.017926656139989134,0.7914441698920499,0.0334855187200469,0.2624209860935524,0.017463782229850008,0.7375790139064475,0.017463782229849994,0.20855583010795012,0.03348551872004687,-0.5928931011765777,0.05730258689092449,0.2822963612928613,0.040855304464397495,-0.3419736388272973,0.07488314503835726,0.6172322053027666,0.07835226395452465,-0.592359484991064,0.0890086070791662,0.09805109634514933,0.04541032241582093,0.592359484991064,0.08900860707916622,2.835942610648493,0.6389457820393492,0.3419736388272973,0.07488314503835729,4.743161561059696,1.7872800570172767,0.062252407764947094,0.042895273374565446,1.0859420013618681,0.06147977779710972,-0.4671665619091807,0.06988025795045184,0.357641650823958,0.04685164988703637
0.5,264,LearningFairRepresentations,XGBoost,0.65,0.6498257839721254,german_t0.5_k264,0.7586799673756196,0.02290008396569293,0.7521546408138035,0.02215683606848244,0.7495262457939622,0.0216953054209408,0.7657228272652361,0.01645390907405004,0.8128427835239407,0.03247234206242169,0.7883933863307734,0.021810289398788055,0.8128427835239407,0.03247234206242169,0.3085335018963337,0.022266472125532427,0.6914664981036662,0.022266472125532417,0.18715721647605926,0.03247234206242169,-0.4513509932337082,0.040489610057573365,0.4311129020329119,0.04177985451481337,-0.16254299088445429,0.08411209658092332,0.8124917124943517,0.09390193406953949,-0.46785862785862786,0.036403898463634454,0.24301762632197416,0.0193080360113819,0.46785862785862786,0.03640389846363445,2.2535569415569414,0.2506013356274162,0.16254299088445429,0.08411209658092329,2.2877097492856757,0.8125704950681468,0.06867835621762994,0.035870638958877384,1.0964507107786563,0.05489398457289139,-0.3152008093715411,0.05004904625448954,0.527754669408163,0.0546501259481127
0.5,264,ReweighingClassifier,LogReg,0.65,0.6498257839721254,german_t0.5_k264,0.7183512140033879,0.027116033161509293,0.7167912658602708,0.0277379964694865,0.7155737185491612,0.02835300729208753,0.7542512970180328,0.02974087940733429,0.7314017479025898,0.04224509281777016,0.7416939402855008,0.02599947849517567,0.7314017479025898,0.04224509281777016,0.297819216182048,0.052403852720438134,0.7021807838179519,0.05240385272043815,0.2685982520974102,0.04224509281777017,-0.2544035020025537,0.05568836565347455,0.6127473151492029,0.07169049947869735,-0.054975856122197596,0.1044480199913731,0.9330456175323393,0.1449396382293439,-0.16652077178392966,0.06827479711341605,0.6016333418438682,0.127718869770584,0.16652077178392968,0.06827479711341604,1.2965410792732532,0.147502733904165,0.05497585612219759,0.10444801999137314,1.2648801604899167,0.39309466156679757,0.03077364956654165,0.06337561617364572,1.0475153419662235,0.09566653074547946,-0.11074831395306364,0.06518225197350701,0.7673394796881038,0.09706724694448877
0.5,264,ReweighingClassifier,XGBoost,0.65,0.6498257839721254,german_t0.5_k264,0.795865487169835,0.028402910696945064,0.7912580907918041,0.026236369469943156,0.7898337524772383,0.02490964167270601,0.8039665198557395,0.012466436085370812,0.8343018958693229,0.04715649339906227,0.8184840432354591,0.028265435677574672,0.8343018958693229,0.04715649339906227,0.2517857142857143,0.009335632649227746,0.7482142857142857,0.009335632649227706,0.1656981041306772,0.0471564933990623,-0.35000828387382793,0.05289350834624706,0.5241725622117503,0.058514181827406996,-0.025193890120719376,0.0781016771895625,0.9747485863731467,0.09502182880155657,-0.29958171937119304,0.1337721209031682,0.3676193943303918,0.18117352312851012,0.299581719371193,0.1337721209031682,1.600552428802429,0.3672291242676744,0.025193890120719386,0.07810167718956247,1.466492634336762,0.8436784668677795,0.07722958194936644,0.08706460042792129,1.1102653225227848,0.11685989846828787,-0.1623878047459562,0.06206685360107582,0.6711839903517691,0.08690758668306975
0.5,264,FairBalanceClassifier,LogReg,0.65,0.6498257839721254,german_t0.5_k264,0.7128207541251019,0.021818891934335016,0.7170848217732672,0.023795427291723282,0.7145985141697094,0.022828999329546792,0.7788330430181024,0.038605400872182186,0.6770741947475454,0.038597528005573256,0.7228408895103617,0.020745792720473433,0.6770741947475454,0.038597528005573256,0.24290455120101137,0.060417742668570966,0.7570954487989886,0.06041774266857095,0.32292580525245457,0.03859752800557325,-0.23096373605153026,0.04617809612538853,0.6089502408138137,0.06084614553281121,-0.041834441980783434,0.09737372606460765,0.9497409913414913,0.15124279402608623,-0.1230931174089069,0.04153380567710438,0.608445028045028,0.13825460523639851,0.12309311740890685,0.04153380567710441,1.1838560459509986,0.06866669810393919,0.04183444198078344,0.09737372606460772,1.174672015521469,0.2909647686654434,0.06009117428367683,0.07499898466490207,1.0921138600630325,0.11943273925946615,-0.08246377969484515,0.051436064018533324,0.7790930096932597,0.07433985363036931
0.5,264,FairBalanceClassifier,XGBoost,0.65,0.6498257839721254,german_t0.5_k264,0.7990589121023903,0.020897271574185066,0.7951182173662851,0.021313009068314674,0.794011221869009,0.021463865483721402,0.81098996714206,0.020265540906210577,0.8314658911168937,0.02708025394845873,0.8208376205819421,0.018541384996206976,0.8314658911168937,0.02708025394845873,0.24122945638432364,0.03222194467669592,0.7587705436156764,0.0322219446766959,0.1685341088831063,0.02708025394845874,-0.34810831706780426,0.057909656351261975,0.5217252808585157,0.06824846414246684,-0.014559004680955879,0.04128953502413266,0.9823598162049528,0.05008124774518546,-0.29972207024838604,0.13550545137625028,0.3464761657979049,0.1564938731290763,0.29972207024838604,0.1355054513762503,1.6018877111894505,0.3924762124170629,0.0145590046809559,0.041289535024132684,1.0843934321696156,0.2353603825164874,0.0872336872355162,0.05248535387745075,1.1182984246695258,0.07495662029906275,-0.15714053746467097,0.08439087614526801,0.664417991001429,0.09491776421813974
0.5,264,FairMask,LogReg,0.65,0.6498257839721254,german_t0.5_k264,0.7491749796097623,0.023416721191068492,0.7468295736759706,0.021266929207789814,0.7461648604984887,0.02097489601394525,0.7759574710768984,0.012623254103773171,0.7684537111951777,0.042867341772829325,0.7717885872590309,0.02695591251635869,0.7684537111951777,0.042867341772829325,0.2747945638432364,0.011884742200103925,0.7252054361567636,0.01188474220010395,0.2315462888048224,0.04286734177282934,-0.423385086215215,0.06828855765635766,0.43149820045843496,0.06274147866632333,-0.1351786154225178,0.11599286789069863,0.8406674785626105,0.13701243194335144,-0.4391373235583762,0.07595687404086082,0.22812972972972972,0.05432925667477457,0.4391373235583762,0.07595687404086081,2.054654940654941,0.3332903507855926,0.13517861542251786,0.11599286789069863,1.891012825796461,0.7926319321409476,0.09888598740343273,0.06383981847914305,1.1466594744165124,0.09951133509560622,-0.287157969490447,0.06774710694519585,0.5343986041461701,0.07804738181191688
0.5,264,FairMask,XGBoost,0.65,0.6498257839721254,german_t0.5_k264,0.8006399397703745,0.03317873951865688,0.7944801829139481,0.03290454658836406,0.7923200270478812,0.0327453396550862,0.8009352732242719,0.023664761189952747,0.8514761686091855,0.03899232085038725,0.8253000295908361,0.029693147669276398,0.8514761686091855,0.03899232085038725,0.2625158027812895,0.03200481079614127,0.7374841972187104,0.03200481079614124,0.14852383139081438,0.03899232085038726,-0.3569915602702992,0.0529165838877826,0.5262578912090237,0.05652879817850436,-0.007437053461443699,0.05827765124369709,0.993096571385286,0.06815436367136463,-0.33108859466754204,0.1445793374283565,0.3472261291391726,0.15124051616753098,0.33108859466754204,0.14457933742835652,1.741438056628057,0.44516001570430624,0.007437053461443704,0.05827765124369711,1.1888924966649046,0.5438076669249887,0.08749195856196497,0.06527361342491408,1.1215497836153066,0.09163085564936423,-0.16926282406449286,0.08429171148198872,0.6701613502622294,0.0884074331531617
0.5,695,Baseline,LogReg,0.8,0.8,german_t0.5_k695,0.8188790560471976,0.016113864641590158,0.8112096195262023,0.020082953702413777,0.8096417759231509,0.021781911745495184,0.7882439961042884,0.007088348341928453,0.7671428571428571,0.04299976269512117,0.7770857453399344,0.025785819048580554,0.7671428571428571,0.04299976269512117,0.14472361809045226,0.0037604596851999366,0.8552763819095477,0.00376045968519991,0.23285714285714287,0.04299976269512117,-0.7008210126503831,0.03913962190387971,0.14266874791100018,0.01640495206486281,-0.38487262872628725,0.0705542122915794,0.5631834199044496,0.0650304350593942,-0.6372655824343467,0.007041286531987282,0.03394798136645963,0.007582847621100433,0.6372655824343467,0.007041286531987304,2.872744266602962,0.03797039479992434,0.38487262872628725,0.07055421229157938,4.786772983114447,1.633105166472232,0.15175794898460204,0.03859293228020225,1.2116910690228566,0.0673483735881241,-0.511069105580317,0.03677163495317977,0.2985657006354546,0.034335367863534284
0.5,695,Baseline,XGBoost,0.8,0.8,german_t0.5_k695,0.8519174041297936,0.013244804908934288,0.8503625269203159,0.014238950613557776,0.8502261745113449,0.014223749915611665,0.808083665578106,0.01576626015619627,0.8414285714285714,0.023211538298959864,0.82427759625431,0.01622563733866651,0.8414285714285714,0.023211538298959864,0.1407035175879397,0.013103924432568139,0.8592964824120604,0.013103924432568153,0.15857142857142856,0.02321153829895989,-0.5651780633389297,0.0282821707747318,0.261640138070066,0.024665016914021645,-0.0985380635624538,0.11895727319645878,0.8887360312366857,0.13657010744974493,-0.4346978650639978,0.05500610405542854,0.11797466812812081,0.030014288857901732,0.43469786506399777,0.05500610405542851,1.8747053208635234,0.19511680134505383,0.09853806356245381,0.11895727319645878,1.8600147819660016,0.9524230847343932,0.13883923815977223,0.04250371936404909,1.1816580677765347,0.060550144347617386,-0.2666179643132258,0.054496849367712076,0.5033553496824033,0.0614883525763973
0.5,695,FairSmote,LogReg,0.8,0.8,german_t0.5_k695,0.8011799410029499,0.0177580140923804,0.7834278535534818,0.023851608087906623,0.7753472077766831,0.030777591795331537,0.8088593130335416,0.022438396765105725,0.6814285714285713,0.06446008098673416,0.7373138117151817,0.03676732934703937,0.6814285714285713,0.06446008098673416,0.11457286432160804,0.02469991100993871,0.8854271356783918,0.024699911009938704,0.31857142857142856,0.06446008098673416,-0.3796441880030053,0.08007944485638557,0.34404336868194296,0.07228512688507827,0.028575264843557546,0.1282437194663616,1.0639029966294764,0.20328284778886008,-0.24678056973537518,0.0757405487135986,0.2268827639751553,0.10763557334613087,0.24678056973537518,0.0757405487135986,1.3747430242171623,0.14833133021440315,-0.02857526484355753,0.12824371946636157,0.9753537003395729,0.42222276948051085,0.20992971064279548,0.06296241430975569,1.3203061471755035,0.12742812020399844,-0.10910265244590882,0.0849074153295576,0.6453928803023159,0.12959586384744354
0.5,695,FairSmote,XGBoost,0.8,0.8,german_t0.5_k695,0.8466076696165192,0.014451266919074798,0.8460516870064609,0.016445114456985613,0.8458022579671957,0.016595063262920796,0.7975726959338327,0.016573029322647342,0.8428571428571427,0.03319700011034931,0.8192152669887893,0.01892305119756517,0.8428571428571427,0.03319700011034931,0.1507537688442211,0.015890842513408936,0.8492462311557787,0.015890842513408936,0.15714285714285714,0.033197000110349296,-0.45163155912209596,0.03476597038036737,0.3593746961425389,0.02572484623544748,0.09434343434343433,0.06022187151521465,1.1160358855551709,0.07265510877229304,-0.324663540121206,0.07828506090480457,0.22117272996154985,0.04491590533866605,0.324663540121206,0.07828506090480461,1.5821604228429775,0.22971988832211213,-0.09434343434343435,0.06022187151521463,0.4867839889579019,0.3520004415717169,0.15916424154645467,0.028519023314842292,1.2129688274788697,0.04530859690424207,-0.11516005288888584,0.0587849511524166,0.6686043077583603,0.046595566258016564
0.5,695,Massaging,LogReg,0.8,0.8,german_t0.5_k695,0.6589970501474925,0.025756790504947575,0.6474982053122755,0.025785783433523824,0.6436007118624563,0.026373624226109286,0.5889619842648814,0.03418206042233496,0.5814285714285714,0.037688302737922626,0.5846296286687911,0.031116928242321443,0.5814285714285714,0.037688302737922626,0.28643216080402006,0.03437714849545141,0.7135678391959799,0.034377148495451385,0.4185714285714286,0.037688302737922626,-0.003063340800484371,0.09023131354670032,1.0192404223846094,0.2281769131587027,0.23847277654594726,0.10266835246017918,1.4849243905259608,0.235511047015132,0.1796546235991316,0.08659618984380486,3.0096557971014497,1.9970235521902502,-0.1796546235991316,0.08659618984380488,0.7955109396566596,0.08710489264518537,-0.23847277654594728,0.10266835246017918,0.5211468102317258,0.18519034513832736,0.08501062961242764,0.003763436011072382,1.13987786471889,0.007718847772527747,0.2090637000725394,0.08923624748145446,2.2472900938137053,1.0798079319415885
0.5,695,Massaging,XGBoost,0.8,0.8,german_t0.5_k695,0.6825958702064896,0.009253325747113947,0.6739519023689877,0.012046960025670697,0.6715656692216899,0.014085571436057478,0.6138680557087287,0.010380035915201034,0.6242857142857142,0.03602720060833854,0.6184969319852986,0.01945945991168177,0.6242857142857142,0.03602720060833854,0.27638190954773867,0.019332044283086772,0.7236180904522612,0.019332044283086776,0.3757142857142857,0.03602720060833855,0.011988136201388656,0.0673471502881622,1.054855634406076,0.18639515853823832,0.380659522049766,0.11691979946864157,1.7737952977434812,0.31394264908818503,0.16075792533172395,0.05619542834186492,2.704830301685892,1.6171054705468118,-0.16075792533172395,0.05619542834186492,0.8149933280128906,0.051666979755005435,-0.380659522049766,0.11691979946864159,0.22854339380832228,0.17714868053827693,0.12473258975606069,0.04070996914372987,1.208411459693008,0.07646944089712863,0.27070872369074495,0.08194577575169032,2.2393127997146864,0.9403349568422534
0.5,695,FairOversampling,LogReg,0.8,0.8,german_t0.5_k695,0.809439528023599,0.019442191213314537,0.8114285714285714,0.022537086203389893,0.8110973947815502,0.022329766585933927,0.7429394619109321,0.0148456320220541,0.8228571428571427,0.041747540560578465,0.7805854180202019,0.025816252607862303,0.8228571428571427,0.041747540560578465,0.2,0.01024928545445786,0.8,0.010249285454457854,0.17714285714285713,0.04174754056057845,-0.61217051434571,0.04632046847212275,0.25442150516571577,0.02403431607377232,-0.1283158413402316,0.09333734765202056,0.8541415244718487,0.10588760327185952,-0.6397650585493835,0.050108904513983955,0.10820897087692319,0.014800660335614725,0.6397650585493835,0.05010890451398398,3.364888352136993,0.6437951758219143,0.12831584134023158,0.09333734765202055,2.1142416909118924,0.8062749116632706,0.1846675782616113,0.0407085842916411,1.2675957443182928,0.07539994939763939,-0.38404044994480746,0.06332955008047553,0.4811752476743859,0.05329413891226374
0.5,695,FairOversampling,XGBoost,0.8,0.8,german_t0.5_k695,0.8648967551622417,0.015542111943739795,0.8686180904522613,0.013915687816737729,0.86819572032594,0.014101833322518242,0.8048055643422627,0.026771077004127244,0.8899999999999999,0.015386185163241434,0.8449436493549289,0.01568270146344959,0.8899999999999999,0.015386185163241434,0.15276381909547737,0.026323217796399588,0.8472361809045225,0.026323217796399602,0.11000000000000001,0.015386185163241436,-0.5364598433068696,0.030039266465530023,0.3083360421959701,0.0133917187157017,-0.006147819660014808,0.04209885469567278,0.9937239570061702,0.04706379160963559,-0.39319859012078695,0.10900897008403856,0.17230269151138716,0.046781547435668695,0.39319859012078695,0.10900897008403855,1.8266556741934814,0.41805314292351026,0.00614781966001478,0.04209885469567278,1.1189684299440397,0.43999761397278137,0.12400764463647804,0.04055248370021497,1.1590826143590012,0.05844673339143913,-0.19967320489040086,0.05825188942392714,0.5830133242587787,0.0238658761571842
0.5,695,FAWOS,LogReg,0.8,0.8,german_t0.5_k695,0.8011799410029499,0.021074420176391453,0.8056640344580044,0.02209507282485123,0.8050830320882436,0.0218483128205538,0.72680901790613,0.022962007208029767,0.8314285714285715,0.03276384268908487,0.7753854857355064,0.02417287552718333,0.8314285714285715,0.03276384268908487,0.2201005025125628,0.02164890374727439,0.7798994974874371,0.021648903747274375,0.1685714285714286,0.03276384268908491,-0.5374173095811934,0.0537567064121911,0.322201601568862,0.03468767498343433,-0.043027346637102705,0.11231972514123961,0.9550070555139811,0.13796046960990244,-0.5370944606499526,0.06058228621470407,0.18024279242366395,0.04570779283974519,0.5370944606499526,0.06058228621470408,2.615356332332264,0.46939474899861217,0.04302734663710273,0.11231972514123963,1.430933437676623,0.7013192871612848,0.1609245703421191,0.052815504094973924,1.231488439548786,0.08845177239716386,-0.2900609036435277,0.07011670737293392,0.5676249239688225,0.06581513265872736
0.5,695,FAWOS,XGBoost,0.8,0.8,german_t0.5_k695,0.8519174041297933,0.01078210435545547,0.85735104091888,0.0114542116610301,0.8566118440066773,0.011338780645740386,0.7827519818542974,0.015104963551197855,0.8885714285714286,0.023733211036908782,0.8320495790966242,0.012498709382137265,0.8885714285714286,0.023733211036908782,0.17386934673366836,0.016996517110841974,0.8261306532663317,0.01699651711084196,0.11142857142857143,0.023733211036908782,-0.5361654959741813,0.030306832581885455,0.31895747648370215,0.014676327523206013,0.009527469820152734,0.05719172264483269,1.012751551119401,0.06541222628554558,-0.43852048599760274,0.08328710800631234,0.17421759283423516,0.04278956639125526,0.43852048599760274,0.08328710800631232,1.9945497764323121,0.40047952046175905,-0.009527469820152751,0.05719172264483266,1.0290142276422765,0.5148095638083707,0.1363363723136474,0.04620319881808161,1.1795596216103899,0.06665611190519244,-0.21449650808872497,0.048187845120997,0.593484571976818,0.02645891662715116
0.5,695,HeterogeneousFOS,LogReg,0.8,0.8,german_t0.5_k695,0.7852507374631269,0.021304389481141918,0.7724012921751615,0.02304339733491926,0.7687419516362817,0.02421615139255236,0.7613699053836142,0.0249210741278385,0.6985714285714286,0.03362457798839951,0.7285345752790369,0.029182594135916604,0.6985714285714286,0.03362457798839951,0.15376884422110554,0.014070351758793974,0.8462311557788944,0.014070351758793969,0.30142857142857143,0.033624577988399476,-0.36077468603183194,0.09569682425746102,0.40228482119272346,0.11259019375367552,0.06694604582409458,0.1255831210460327,1.1124450196157372,0.19215567642227582,-0.262793145070033,0.10547978848569271,0.31955116829340435,0.19787119726446792,0.262793145070033,0.10547978848569271,1.4378049018968775,0.2028206141239357,-0.06694604582409461,0.12558312104603273,0.8408004527012096,0.3978732646593926,0.20010739669873248,0.026751180771466727,1.3013393834370237,0.04542759623302319,-0.09792354962296919,0.10610472715867307,0.7159980939545708,0.18110642648851422
0.5,695,HeterogeneousFOS,XGBoost,0.8,0.8,german_t0.5_k695,0.8454277286135694,0.010320268840434145,0.8475879396984926,0.009650005019869437,0.8474779161302661,0.009704391306298217,0.7861092713453319,0.015139341533165688,0.86,0.007284313590846858,0.8213493352097068,0.010749489613884337,0.86,0.007284313590846858,0.16482412060301507,0.013998380178074499,0.8351758793969848,0.0139983801780745,0.13999999999999999,0.007284313590846838,-0.5111802729244422,0.06267498822315087,0.32532661953224534,0.04480730124739164,0.000790835181079097,0.10729205562036008,1.00460284279341,0.12345147919448983,-0.391175356870437,0.12625766731931637,0.2044109781593797,0.0841469681653493,0.3911753568704369,0.12625766731931637,1.8586376072167998,0.5004952700848745,-0.0007908351810790859,0.10729205562036008,1.1545157819225251,0.8726963762548064,0.13517840652800245,0.04695594678666866,1.1791133882150824,0.06704252950402907,-0.19519226084467892,0.09809199046423857,0.6045069104763948,0.08121588789200421
0.5,695,FairwayRemover,LogReg,0.8,0.8,german_t0.5_k695,0.5392330383480826,0.039107524293042005,0.5823366834170856,0.03595799599298639,0.52467890651449,0.04773309653227574,0.4683769503294573,0.026834825482178647,0.8300000000000001,0.041255797366267576,0.5983492669995798,0.027340109236027036,0.8300000000000001,0.041255797366267576,0.6653266331658292,0.06240874249752774,0.33467336683417087,0.06240874249752774,0.17,0.041255797366267576,-0.0756119254950095,0.07195886607986711,0.9071662260148694,0.0968966065031541,-0.054579945799458,0.07160945785447824,0.9382578837986808,0.08470477171145173,0.07892701025138096,0.11138043959556328,1.1605841560932673,0.2482972906742979,-0.07892701025138096,0.11138043959556328,0.8326119558495334,0.20541412676359802,0.054579945799458,0.07160945785447821,1.5041811846689894,0.5517650652716601,-0.3078656836836983,0.07145359710854672,0.5744353634738137,0.09358124665061844,0.012173532225961486,0.07635549686440402,1.049421019945974,0.14751209616924846
0.5,695,FairwayRemover,XGBoost,0.8,0.8,german_t0.5_k695,0.5309734513274337,0.04946613289971584,0.5712778176597273,0.045923193307385174,0.5191527578056327,0.06219955374721309,0.4623185367387005,0.032172404193524046,0.8028571428571428,0.04323641700120444,0.5862927447082714,0.033935634062718656,0.8028571428571428,0.04323641700120444,0.6603015075376885,0.07244551272739737,0.33969849246231154,0.0724455127273974,0.19714285714285715,0.043236417001204445,-0.011449730385634793,0.10102038275789182,0.9934788395897117,0.13643425721320937,-0.0022754372998275096,0.09746636839253157,1.0005848712514231,0.12408068036278216,0.16949182110795386,0.1567982120441131,1.3876029948312556,0.35535749357657803,-0.16949182110795383,0.15679821204411307,0.6936289627983863,0.30372266072889187,0.002275437299827543,0.09746636839253162,1.0528338790175231,0.4804277989476054,-0.3071675475941218,0.08618058683906825,0.5694524976775259,0.11915451598337197,0.08360819190406317,0.09149263859097968,1.1940939330413394,0.1955574409675834
0.5,695,DisparateImpactRemover,LogReg,0.8,0.8,german_t0.5_k695,0.824188790560472,0.015675905906296663,0.8170028715003589,0.01870613475305102,0.8157087712019708,0.01977160351705049,0.7936580844589922,0.011118120952740628,0.7757142857142858,0.03714285714285714,0.7842674765353708,0.023189345643152736,0.7757142857142858,0.03714285714285714,0.14170854271356786,0.007385396209396518,0.8582914572864322,0.007385396209396507,0.22428571428571428,0.03714285714285714,-0.7027410251012284,0.04334358142792709,0.1436923483755816,0.023223829184976296,-0.38295343680709537,0.07077157770833144,0.5687174143232737,0.07168261367013888,-0.6277115971366543,0.05620398850768413,0.03345692386535959,0.012485433706439994,0.6277115971366543,0.05620398850768413,2.8493103454516495,0.42851000107601994,0.3829534368070953,0.07077157770833142,5.040460352655475,1.9443379520147868,0.1459891790699029,0.030301392174003048,1.2001113143193851,0.04966156562972377,-0.5053325169718749,0.05886975500667269,0.30108716909431665,0.04165781735523898
0.5,695,DisparateImpactRemover,XGBoost,0.8,0.8,german_t0.5_k695,0.855457227138643,0.003231401519204525,0.8540129217516153,0.004535337448128476,0.8537411766377824,0.0045250055186514615,0.8127089297053456,0.014743713909114052,0.8457142857142858,0.02329929490042868,0.8284727410452462,0.005116995076286063,0.8457142857142858,0.02329929490042868,0.13768844221105528,0.016996517110841974,0.8623115577889446,0.01699651711084201,0.15428571428571428,0.023299294900428702,-0.5627171287231878,0.043212009648367564,0.2637813030236925,0.032789194783823306,-0.1047011579206701,0.12709128655206733,0.8846125359347295,0.13915620181138094,-0.41253795022673734,0.06985577828200262,0.12622631371389137,0.01794356458184165,0.4125379502267374,0.06985577828200261,1.8140523244871072,0.2505891653434863,0.10470115792067011,0.12709128655206736,2.330749128919861,1.8740939294501802,0.1277466247400726,0.047258630993875644,1.166349570987247,0.06654057689065927,-0.25861955407370374,0.06014649187778067,0.5054194248243105,0.06902183206642558
0.5,695,LearningFairRepresentations,LogReg,0.8,0.8,german_t0.5_k695,0.8182890855457228,0.009801326091938749,0.8111306532663317,0.013894121394160899,0.8096749103536725,0.015534727890155196,0.7859944809011022,0.007079355009853562,0.7700000000000001,0.03843892584878206,0.7772944370117514,0.018288852806937567,0.7700000000000001,0.03843892584878206,0.1477386934673367,0.012143764797582482,0.8522613065326633,0.012143764797582484,0.23000000000000004,0.03843892584878202,-0.7056138166374609,0.03195792722819914,0.14251487348821334,0.017002791620833707,-0.39581128356738116,0.04317355336388175,0.5518399277393999,0.04619213929820904,-0.6399015515377071,0.02773179346401319,0.03712712261483528,0.012190774136895014,0.6399015515377071,0.02773179346401319,2.9317241997133303,0.24045375182946602,0.39581128356738116,0.0431735533638817,4.753787554621957,1.1426877507595883,0.14581047847888812,0.01839847210332963,1.2001095814683622,0.03137301933407184,-0.5178564175525442,0.028327555528934005,0.2944835251771176,0.028579916790553467
0.5,695,LearningFairRepresentations,XGBoost,0.8,0.8,german_t0.5_k695,0.8194690265486726,0.025743273426868937,0.8159475951184494,0.031166017270302427,0.8149658964059701,0.03183780524935551,0.7731121315408549,0.017180593671562504,0.7957142857142857,0.06398341621873914,0.7833358784193539,0.037136377340640514,0.7957142857142857,0.06398341621873914,0.1638190954773869,0.012143764797582486,0.836180904522613,0.01214376479758246,0.20428571428571426,0.06398341621873911,-0.6008400299409331,0.06310238898072777,0.2320254912279199,0.027832686898371727,-0.18774648928307464,0.10560771173570355,0.7826657781853964,0.11266542781995012,-0.5423270865290316,0.05278262472825237,0.09980163887388604,0.01041289014872906,0.5423270865290316,0.052782624728252334,2.401254402429868,0.28616835448287414,0.18774648928307464,0.10560771173570356,2.6516785044224065,1.2280077747132983,0.16006755202030326,0.04090238600084216,1.2251197849538156,0.07338021594271296,-0.36503678790605315,0.06957626427587918,0.4412337085296413,0.058317391464342665
0.5,695,ReweighingClassifier,LogReg,0.8,0.8,german_t0.5_k695,0.7811209439528023,0.012708353527161074,0.7542713567839197,0.018360853593680636,0.737129515224306,0.027318918325226982,0.8243638726445743,0.024473351593365708,0.6,0.054210474174315085,0.6921925569039675,0.03234810370084516,0.6,0.054210474174315085,0.0914572864321608,0.02117719347307083,0.9085427135678392,0.02117719347307082,0.4,0.05421047417431507,-0.3199013957128524,0.07199514689573959,0.35522148538622444,0.0654450921947173,0.05934737620103474,0.12098855280265797,1.1187773608505316,0.21365360126009092,-0.19767660162110962,0.08441952594364967,0.2449777163829959,0.0973163203183052,0.19767660162110964,0.0844195259436497,1.2805374353847818,0.14145930532046952,-0.05934737620103473,0.12098855280265798,0.8880721800915488,0.292385396236563,0.2567074613979598,0.04346440972543279,1.4130614593074022,0.08953664645415946,-0.06916461271003745,0.07838522753632526,0.6818775386167637,0.1307181055319669
0.5,695,ReweighingClassifier,XGBoost,0.8,0.8,german_t0.5_k695,0.8448377581120944,0.014761057230910686,0.8403086862885857,0.015489363256731515,0.8397463930402813,0.015682866553405055,0.811255166964086,0.021068103259969523,0.8142857142857143,0.025951288749407077,0.8124757154264672,0.018003837507546878,0.8142857142857143,0.025951288749407077,0.13366834170854272,0.018146201090721393,0.8663316582914572,0.018146201090721407,0.18571428571428572,0.025951288749407074,-0.4639524585761096,0.04053539112013901,0.32836607224452885,0.0322271969497999,0.008749692042374945,0.12324237197369194,1.0162799745421698,0.15418745157633443,-0.2938655899782902,0.08257893443136977,0.2178445313744227,0.05121496888647155,0.29386558997829015,0.0825789344313698,1.4952984396922633,0.21629037727780093,-0.008749692042374965,0.12324237197369194,1.072742832691485,0.6923986206430636,0.14151426861868602,0.055166057681316424,1.1898534644705925,0.08106633658444634,-0.14255794896795765,0.06844821024938548,0.6170622529582961,0.06814883759803185
0.5,695,FairBalanceClassifier,LogReg,0.8,0.8,german_t0.5_k695,0.7988200589970502,0.012148236154556956,0.7820531227566404,0.017917107398267688,0.7751843724848977,0.023376806611600968,0.7996978546788532,0.012835571595534183,0.6857142857142857,0.052098807225172766,0.7367903150446475,0.027577257440995363,0.6857142857142857,0.052098807225172766,0.12160804020100505,0.01752321183332934,0.878391959798995,0.017523211833329378,0.3142857142857143,0.05209880722517278,-0.3868159793238652,0.06855389140734348,0.3417133068703686,0.057560078131866664,0.015596205962059639,0.1298567551563911,1.035303796315274,0.18532220846422914,-0.25756227944443044,0.05947886786658854,0.22600155279503104,0.0483292129686619,0.25756227944443044,0.05947886786658853,1.3948112791430372,0.11497479545296717,-0.015596205962059618,0.12985675515639114,1.0053252032520326,0.4626624261700923,0.20344216740541668,0.04434199837470609,1.3039747409152807,0.08023627536293235,-0.1209830367411854,0.0783672079092488,0.6306526745551526,0.1086684982636774
0.5,695,FairBalanceClassifier,XGBoost,0.8,0.8,german_t0.5_k695,0.8507374631268437,0.011887576212159193,0.8497810480976309,0.014641490551633567,0.8495329538350896,0.014753494118871202,0.8042061672366986,0.010330983110021758,0.8442857142857143,0.03301205716654667,0.8234125153222219,0.016733436883213597,0.8442857142857143,0.03301205716654667,0.14472361809045226,0.010730731911589261,0.8552763819095478,0.010730731911589256,0.15571428571428572,0.0330120571665467,-0.4883893692397943,0.038247848692978835,0.3254384157287671,0.021940042632174365,0.02962847992116282,0.07360883713213849,1.0391884248326804,0.09009456123583047,-0.3519108075372378,0.05528039267812508,0.183053134385245,0.029057873610475998,0.3519108075372377,0.055280392678125144,1.6303946293545775,0.15084966403261363,-0.029628479921162864,0.07360883713213848,0.9150431377565523,0.4885551272839358,0.14904448391555802,0.04115740508892077,1.1982993948459288,0.06356967691161865,-0.16114116380803747,0.04596491930332958,0.6111207796089626,0.045180091513087134
0.5,695,FairMask,LogReg,0.8,0.8,german_t0.5_k695,0.8029498525073745,0.0170377924226474,0.7912885857860731,0.021846770157690324,0.7874366691997574,0.02585625340654509,0.7835089031491517,0.020691227104054733,0.7242857142857143,0.05653245410688391,0.7511330794312092,0.03081084927024657,0.7242857142857143,0.05653245410688391,0.14170854271356786,0.02365548200188909,0.8582914572864322,0.023655482001889074,0.2757142857142857,0.05653245410688395,-0.5209265597574975,0.04588478586380055,0.24602206979022712,0.030436549796307413,-0.12207760532150777,0.09924076375221011,0.844375670856391,0.11775153899935696,-0.4598898269922297,0.05783645375448626,0.10280665527080397,0.019353219790351414,0.4598898269922297,0.05783645375448624,1.98688377524923,0.2963854383119756,0.12207760532150776,0.0992407637522101,1.624033290410544,0.6190430409030039,0.2007192049012101,0.05436179334717198,1.3006666517532408,0.10062084586494319,-0.2909837161568688,0.035230002996116165,0.4735911630635975,0.06070167350916692
0.5,695,FairMask,XGBoost,0.8,0.8,german_t0.5_k695,0.8519174041297936,0.008002749242625689,0.8503625269203159,0.007734570247558376,0.8501449460631608,0.007775749746927866,0.8085550160268999,0.017478434067895968,0.8414285714285714,0.019378085666072225,0.8243479090772559,0.008868715662733895,0.8414285714285714,0.019378085666072225,0.1407035175879397,0.017978435999998304,0.8592964824120604,0.017978435999998307,0.15857142857142856,0.0193780856660722,-0.5284602143108004,0.033721868655588336,0.2894894427521052,0.02619848301973361,-0.02178270509977829,0.10300531899814128,0.9773114419455883,0.12186718453518705,-0.408803478177048,0.04153963122145136,0.13202396937035682,0.03032666763268846,0.408803478177048,0.04153963122145138,1.7837332216241386,0.1350927051335724,0.021782705099778275,0.10300531899814125,1.2468326558265583,0.7048559931609296,0.15599243061397125,0.037704073913516885,1.2064820218649657,0.054634064227136306,-0.2152930916384131,0.055567305160182066,0.5546677056579725,0.057608016490015665
1.0,92,Baseline,LogReg,0.5,0.5,german_t1.0_k92,0.7463114239034812,0.017399281458547314,0.7079191389742981,0.02391445659343859,0.6938038274675516,0.029730319881126715,0.7792553455851545,0.020393394721160935,0.844303062109583,0.015072823653172895,0.8102134382342996,0.011157275202580669,0.844303062109583,0.015072823653172895,0.42846478416098666,0.05160421241257587,0.5715352158390132,0.051604212412575866,0.15569693789041714,0.015072823653172881,-0.35208359790534227,0.03359250936012569,0.5729899800874292,0.03860564920043475,-0.19994850948509485,0.07190693159254234,0.7792473383007412,0.07650023140901022,-0.3796752904776011,0.08036250143252481,0.3971510742998018,0.06798785162198388,0.3796752904776012,0.0803625014325248,2.108275261324042,0.4240129549931409,0.19994850948509485,0.07190693159254231,3.2141850561362757,1.1655114370893416,-0.0275539289292146,0.05327244608439772,0.9660262999696245,0.06826357405020679,-0.28981189998134804,0.033973125024761956,0.5881992063002714,0.038824209853533
1.0,92,Baseline,XGBoost,0.5,0.5,german_t1.0_k92,0.7719576054626953,0.013704569291097998,0.7378454996529349,0.014990255062361247,0.7267326750734853,0.02031072064633053,0.8009006179033609,0.013535142587351114,0.8584563352357628,0.03497275694449733,0.8281023176633273,0.013085566986661223,0.8584563352357628,0.03497275694449733,0.3827653359298929,0.0480410227822811,0.6172346640701071,0.04804102278228108,0.14154366476423724,0.03497275694449734,-0.24972344258659857,0.05623644609426307,0.6822989037662586,0.054452678984007304,-0.06653880266075389,0.06840147747049692,0.9281331371423885,0.07315489922011795,-0.2740655343800401,0.09885217804729261,0.48661415989159895,0.14650535199574313,0.2740655343800401,0.0988521780472926,1.6076108801428923,0.2697710126932017,0.06653880266075388,0.06840147747049695,2.0580487804878045,1.296281613582969,0.014564504184937932,0.06307720333821082,1.0214557604311625,0.08338416276379716,-0.170302168520397,0.06189288247601774,0.7073736485169937,0.07562910755046237
1.0,92,FairSmote,LogReg,0.5,0.5,german_t1.0_k92,0.6913535251979389,0.03125134449765588,0.6957614499551733,0.03463697756149868,0.6950798048524067,0.034172733220735635,0.8086212213722985,0.032780760123279296,0.6798708388911971,0.030494102795297903,0.7383712291064786,0.02774022259524702,0.6798708388911971,0.030494102795297903,0.28834793898085037,0.054078982809399365,0.7116520610191497,0.05407898280939938,0.32012916110880296,0.030494102795297885,-0.11744561563626847,0.1025204199233341,0.8142190873415132,0.15943793834762157,0.02375930032027591,0.14247814859440885,1.0526791397364155,0.21102343174080898,-0.11288716632105592,0.11943845370744835,0.7671319686411151,0.3097163785919554,0.11288716632105593,0.11943845370744834,1.2056998418800182,0.21172831293218208,-0.023759300320275917,0.14247814859440888,1.008223486552755,0.4667226147531754,0.06351946610136694,0.07961427734531207,1.101986122570421,0.12097788693497484,-0.04456393300039,0.1094712168596555,0.9099055541887653,0.22386419514065786
1.0,92,FairSmote,XGBoost,0.5,0.5,german_t1.0_k92,0.7692262578023542,0.022435800401642173,0.7496427123032264,0.027218076685134478,0.7451412151741544,0.029288675355841884,0.8221881802426365,0.02652188424248239,0.8184350513510165,0.035287884014590334,0.8195328475033531,0.01834121675344429,0.8184350513510165,0.035287884014590334,0.3191496267445635,0.06320732805804641,0.6808503732554365,0.06320732805804638,0.18156494864898357,0.03528788401459033,-0.14930707297767695,0.04328126285547584,0.7835029385946961,0.0656429812296006,0.017074402562207425,0.015308246760980932,1.0213474507901246,0.019617458640219902,-0.1225130838352918,0.12836107894240673,0.7239419807834442,0.3190944587853565,0.1225130838352918,0.12836107894240667,1.2264536658306542,0.235778398860702,-0.017074402562207446,0.015308246760980969,0.9112131154551761,0.07248437917492938,0.026633852902162913,0.060763181355978156,1.0390536778758726,0.08032261642160972,-0.05271934063654219,0.06033984398264971,0.8726447157867845,0.15548514837725877
1.0,92,Massaging,LogReg,0.5,0.5,german_t1.0_k92,0.6922541996564869,0.03930766198778169,0.6590942559537251,0.04702685784859754,0.6468968811014274,0.054324972808198285,0.7523068109915406,0.0363395974780958,0.7770979568928443,0.02561092940073686,0.7642084454812159,0.028145367549893843,0.7770979568928443,0.02561092940073686,0.4589094449853944,0.07935588462539012,0.5410905550146057,0.07935588462539013,0.22290204310715564,0.025610929400736893,-0.029678214056280638,0.11848932278085315,0.9632330783495334,0.16800544039533036,0.04072456270017244,0.09834618372897806,1.0608388658693537,0.129112595499981,0.04703745762153979,0.1382429141532846,1.1164489448061903,0.29813205725905784,-0.04703745762153979,0.13824291415328463,0.9195973286875725,0.26003001127734604,-0.04072456270017246,0.09834618372897808,0.9109293308317697,0.4435250615965294,-0.048471715804126035,0.04632971781476997,0.932441548896336,0.06355690038249932,0.04388101016085612,0.10817657799530571,1.088643905337772,0.1946166258906774
1.0,92,Massaging,XGBoost,0.5,0.5,german_t1.0_k92,0.716094843115077,0.021200494740482887,0.6847928590651804,0.024286807236825924,0.675040561593738,0.0273459257095951,0.7697061910892525,0.020363854957562294,0.7956486846996568,0.02474246629642625,0.7821883440789053,0.017045361617809424,0.7956486846996568,0.02474246629642625,0.42606296656929565,0.04686767526048807,0.5739370334307043,0.04686767526048807,0.20435131530034334,0.024742466296426253,-0.013879369088388827,0.07546429693453802,0.9828051897424219,0.1147771469688325,0.09854126632175411,0.06314126290049182,1.1306981231423003,0.08413871131101687,0.033828050426253274,0.14159863475113732,1.1447049150036956,0.4114478765740316,-0.033828050426253274,0.1415986347511373,0.9662144420521939,0.22874952632235365,-0.09854126632175411,0.06314126290049182,0.5928752938332528,0.267189940294636,-0.007208243490189692,0.059527187822255356,0.9922412131698181,0.08213536701506705,0.0661846583740037,0.08164084840886672,1.1377015190729982,0.21670746019420015
1.0,92,FairOversampling,LogReg,0.5,0.5,german_t1.0_k92,0.6995936491977714,0.02014174078017998,0.7033267292281604,0.013431793110877954,0.7026445596709416,0.013729040512481097,0.8130778458436888,0.006752754867554148,0.689840735314484,0.03916304718068859,0.7458483015797531,0.02356368670063869,0.689840735314484,0.03916304718068859,0.2831872768581629,0.01911576451446256,0.7168127231418371,0.019115764514462515,0.310159264685516,0.039163047180688595,-0.15997590284202695,0.07810803492434841,0.74401269911917,0.09816391992409888,-0.02526090169992612,0.10979857387162478,0.9769006805977007,0.1525947235147162,-0.14210295908627102,0.08726823824123588,0.6331705425134407,0.21684608465859753,0.14210295908627102,0.08726823824123586,1.2344278164924507,0.15222043251030826,0.02526090169992611,0.10979857387162477,1.1799363101753648,0.47649483204826,0.046351081975140616,0.07145461222415896,1.0737497482921634,0.10897175721064331,-0.08368193039309857,0.07545215205170792,0.8050356115555708,0.1269003212751135
1.0,92,FairOversampling,XGBoost,0.5,0.5,german_t1.0_k92,0.7563780319215785,0.025471358913304345,0.7312671465157674,0.021907928943384933,0.7250942255153048,0.021779030761006103,0.8040676179091903,0.013937386800378699,0.819853345287296,0.04359448253628712,0.8113073629777958,0.023820929394735103,0.819853345287296,0.04359448253628712,0.3573190522557611,0.036819509811220105,0.6426809477442389,0.03681950981122011,0.180146654712704,0.043594482536287144,-0.15676985411917305,0.04388098684054785,0.7811453131580791,0.05198230554512286,0.015500862281350081,0.06220566666138519,1.024638594923736,0.07776132312332568,-0.1605037688028702,0.12372146521194599,0.6568028455284554,0.2482165512058991,0.16050376880287018,0.123721465211946,1.3078888764860188,0.2530474978075606,-0.015500862281350095,0.062205666661385224,1.0280364148047074,0.39905305853596074,0.03140669515940544,0.08569000213032602,1.0488873755666013,0.11348732149942367,-0.07250145326076007,0.050572481540341704,0.8407207202260956,0.10312184782414284
1.0,92,FAWOS,LogReg,0.5,0.5,german_t1.0_k92,0.7069456662896402,0.022825930395115428,0.6352659161223567,0.0342335177873557,0.5781407330132285,0.05770323237112158,0.7205403782068086,0.025177982089709342,0.8900384859285824,0.018702955141202918,0.7958554556839181,0.011863674673416794,0.8900384859285824,0.018702955141202918,0.6195066536838689,0.08057690588062685,0.38049334631613113,0.08057690588062685,0.10996151407141763,0.018702955141202945,-0.10157428103851414,0.05228058626236191,0.8771077472599466,0.06325036176957566,-0.06184257206208425,0.04568994876377399,0.9318690595274768,0.05039955079373945,-0.016998617557025808,0.12748256637587255,1.0054831236288553,0.23071721198847273,0.016998617557025763,0.12748256637587257,1.1072800614020126,0.33673465424810883,0.06184257206208425,0.045689948763773996,1.6782309154260375,0.48943359057028185,-0.1424385191589315,0.05647254640511933,0.8146388319814502,0.06753141677918474,-0.03942059480955503,0.06072572890343217,0.9686760915781658,0.10745968200520398
1.0,92,FAWOS,XGBoost,0.5,0.5,german_t1.0_k92,0.7774747601692431,0.02578692881585596,0.7353871947117534,0.03260797159590444,0.7189465675278663,0.040105435582111854,0.7932687758175966,0.023402242122563935,0.8842115851391835,0.02410163845107278,0.8359742501785344,0.018071586355672756,0.8842115851391835,0.02410163845107278,0.4134371957156768,0.06307343611663918,0.5865628042843232,0.06307343611663917,0.11578841486081652,0.024101638451072778,-0.22232124163499342,0.06750726564146982,0.7237838302484372,0.07336769579861216,-0.05359940872135993,0.06301776800963793,0.9424874119993811,0.06685683538048376,-0.22469454593331356,0.12245722339634584,0.5960426576781296,0.19984536346789725,0.22469454593331362,0.1224572233963458,1.5217659939992259,0.3078746079337555,0.05359940872135993,0.06301776800963796,1.8528588322246857,1.0691119128633342,-0.00976437376844883,0.055635763944747965,0.988316186887938,0.07142504089121693,-0.13914697732733675,0.0803483915187741,0.7692650348387554,0.11538000284363963
1.0,92,HeterogeneousFOS,LogReg,0.5,0.5,german_t1.0_k92,0.6849524527669557,0.015732578993300595,0.6930155443602075,0.016704150300218597,0.6917056502186887,0.015716969168915032,0.8108305049102433,0.020047087574382835,0.6641875314338195,0.029848424629657713,0.7296399784777893,0.016876900368414077,0.6641875314338195,0.029848424629657713,0.2781564427134048,0.04119111019003095,0.7218435572865953,0.04119111019003092,0.33581246856618047,0.029848424629657703,-0.107667756763946,0.07962931600453817,0.8202744108860701,0.12645138227544067,0.02447499384084755,0.12516640330972262,1.0521220333102328,0.19542164586170588,-0.09144267798953293,0.08000823193123807,0.7621674744632062,0.19302932418229,0.09144267798953291,0.0800082319312381,1.1508049777771867,0.13718058026698174,-0.024474993840847475,0.12516640330972265,0.9840681233637463,0.36637845944014585,0.06155737330513596,0.07513670340881438,1.0987897020790955,0.11532000210299732,-0.03348384207434269,0.07806256682723389,0.9071447538867196,0.13562021032732285
1.0,92,HeterogeneousFOS,XGBoost,0.5,0.5,german_t1.0_k92,0.7591470822336726,0.024105740700443988,0.7283616327224534,0.030847493211630543,0.7194112011468451,0.0344702762347836,0.7979891806471906,0.024358651899627565,0.8371192407775906,0.018475539296025068,0.8168503718563762,0.016661652480871397,0.8371192407775906,0.018475539296025068,0.38039597533268416,0.05786600611305362,0.6196040246673158,0.0578660061130536,0.1628807592224093,0.018475539296025054,-0.17545031649844978,0.07005083513119875,0.7651672292962217,0.08098511737908154,-0.02302660753880268,0.08009356055015024,0.9760108004010443,0.0908204308162681,-0.15655640038181756,0.06564176399074406,0.6613743240260457,0.11823463316492668,0.15655640038181756,0.06564176399074409,1.2997119017054832,0.14741087838343933,0.023026607538802656,0.08009356055015024,1.310955106261589,0.7749203308875201,-0.000845335720562801,0.03463901211805709,0.9988296361318237,0.04528088421011802,-0.08979150396031013,0.07028789230895031,0.8186925622135449,0.09576244757846396
1.0,92,FairwayRemover,LogReg,0.5,0.5,german_t1.0_k92,0.7005404046751288,0.013962350739137607,0.6424441635682909,0.015399796383306115,0.6075461977045074,0.021577009346905346,0.729106026186256,0.01199049719552952,0.8485689503108759,0.027258198829519575,0.7840109845913332,0.011918984558980614,0.8485689503108759,0.027258198829519575,0.563680623174294,0.03929195009932114,0.436319376825706,0.03929195009932113,0.15143104968912408,0.027258198829519565,-0.043507814433244876,0.04954975816598523,0.9453192172334752,0.059974081873666284,-0.024761763981276184,0.05816427089461151,0.97298985142292,0.06715136069074851,0.08835374082485767,0.12250221720500022,1.2311176482584223,0.32818416421421426,-0.08835374082485764,0.12250221720500022,0.8554541434888033,0.21764489044458143,0.02476176398127617,0.05816427089461154,1.2671620283510527,0.5204420940544073,-0.14026573628082264,0.05706497361483933,0.8166529221931255,0.07044938007407676,0.03179598842179074,0.06257606009429509,1.1020537498406713,0.1574745288918562
1.0,92,FairwayRemover,XGBoost,0.5,0.5,german_t1.0_k92,0.7060366134640359,0.010755785611060548,0.6556618278980695,0.017370655252382447,0.6296893862110123,0.02656202282041798,0.7406693926709321,0.013694801398486953,0.8343032078896153,0.021272755891483787,0.7843880616409435,0.007276010821715435,0.8343032078896153,0.021272755891483787,0.5229795520934761,0.04780460250697638,0.47702044790652387,0.047804602506976344,0.16569679211038463,0.021272755891483804,-0.045318384666010944,0.07482384866292212,0.9420697062136391,0.10115330577095404,-0.004335304262133554,0.08840906318313861,0.9984428480472414,0.10082574483099413,0.07018959217932261,0.16353691781359395,1.2004717233985527,0.39444909033892706,-0.07018959217932261,0.16353691781359397,0.8962238163558105,0.305994522839472,0.004335304262133519,0.0884090631831386,1.1731478658536585,0.7818548281911288,-0.10932443586370018,0.09399502521351293,0.8579535698609784,0.11930210256803381,0.03292714395859453,0.08608624470477974,1.099457285722897,0.19926055537787635
1.0,92,DisparateImpactRemover,LogReg,0.5,0.5,german_t1.0_k92,0.7453939927108206,0.018363259117294837,0.7071408973098837,0.020267968535855503,0.6936230187672401,0.022469669556240888,0.778538739038739,0.014786731071897005,0.8428439497642009,0.021737803329805606,0.8092547179876949,0.014173391594309658,0.8428439497642009,0.021737803329805606,0.42856215514443363,0.034654495794936686,0.5714378448555664,0.03465449579493667,0.1571560502357992,0.021737803329805596,-0.36630724765369127,0.039817167276181564,0.5588454068656846,0.03617503064190932,-0.22609066272480907,0.05819656325129826,0.7514903258526833,0.06125555560546879,-0.37955333925808893,0.10312640375159571,0.4033496539201735,0.09817477686765182,0.37955333925808893,0.10312640375159568,2.108807127323895,0.46554474962649756,0.2260906627248091,0.05819656325129828,3.6966002710027097,1.2037091518471492,-0.04196450738136528,0.05072285823544987,0.9467699950502239,0.06263768170716687,-0.30282200099144896,0.05073290649266954,0.5774199898864285,0.046131255518058065
1.0,92,DisparateImpactRemover,XGBoost,0.5,0.5,german_t1.0_k92,0.7710443634535629,0.03395665292654614,0.7381681973818488,0.03852618393583993,0.7275557483035862,0.04371539731084617,0.8024004895947747,0.02701194838639944,0.8542007245267615,0.03992295064817764,0.8269240168155119,0.025952961860052224,0.8542007245267615,0.03992295064817764,0.37786432976306394,0.06858498555492795,0.6221356702369361,0.06858498555492797,0.14579927547323843,0.03992295064817765,-0.24250747334006278,0.0320134057516188,0.685649157024454,0.03969451142002311,-0.05353880266075388,0.03698869354983821,0.9390535624213106,0.04061547882934001,-0.27407228201836675,0.08627922945685308,0.4656056154908379,0.16594001842521253,0.2740722820183667,0.08627922945685308,1.5727019283323085,0.19239543769774492,0.05353880266075388,0.03698869354983819,1.4769284306479427,0.39279468459146427,0.024045341744165262,0.0647640299364023,1.032124409722271,0.084342007218886,-0.1638055423395603,0.028051316096116143,0.7023295889560742,0.0652691863131855
1.0,92,LearningFairRepresentations,LogReg,0.5,0.5,german_t1.0_k92,0.7206694315277952,0.01825542362218768,0.6693999424871511,0.023469974567171068,0.643258494777149,0.03080943904941586,0.7482413130879086,0.018144507514496474,0.8514256558279213,0.017738910381332088,0.7962794944458758,0.012164393839031755,0.8514256558279213,0.017738910381332088,0.5126257708536188,0.048508864936022106,0.48737422914638107,0.04850886493602211,0.14857434417207874,0.017738910381332112,-0.3637959359230765,0.07921241707188705,0.58048100679209,0.07981292514324781,-0.2658669623059867,0.07636628284337198,0.7143358997414858,0.07860891086922332,-0.3588083012409071,0.13006034097544927,0.4957229757013392,0.12797043273617698,0.3588083012409072,0.13006034097544925,2.412924984627998,0.9490141754853219,0.2658669623059867,0.07636628284337196,5.262568718544328,2.4738520877840187,-0.09333817398988176,0.04444533852762792,0.8773726678783161,0.05476464134845462,-0.3123376317734469,0.08671330400688967,0.6050294377214125,0.08785556317958555
1.0,92,LearningFairRepresentations,XGBoost,0.5,0.5,german_t1.0_k92,0.7454191278119895,0.015509092943754223,0.7076610083147779,0.019079181457151945,0.6934471441039584,0.02493116565119955,0.7799195963444021,0.017652980971963255,0.8413849831988512,0.034659934816483724,0.808824573930347,0.013915802402696345,0.8413849831988512,0.034659934816483724,0.42606296656929565,0.055477406807392673,0.5739370334307043,0.05547740680739266,0.15861501680114873,0.03465993481648371,-0.2608895174491247,0.07856736331229648,0.6723940221042067,0.08020598448132892,-0.11225375708302536,0.08104749592071912,0.8735355663933495,0.0867681719219062,-0.27125374411638853,0.1240101390976154,0.54249098621421,0.15219401201137822,0.2712537441163885,0.12401013909761542,1.7164488131168933,0.43064029119776276,0.11225375708302539,0.08104749592071915,2.3947274338127995,1.7557188707008098,-0.018496880833779317,0.040234391172557095,0.9764506908809741,0.053103511036625375,-0.19175375059970695,0.08788347484501488,0.7080132763037797,0.1001940595029288
1.0,92,ReweighingClassifier,LogReg,0.5,0.5,german_t1.0_k92,0.7023375644086968,0.02687067517277197,0.6517885586110005,0.03366336675523393,0.6249140030509299,0.043288924609372455,0.738381828333667,0.025324600452903075,0.8314252184878237,0.02374420880688314,0.7817829465407654,0.018107097331893803,0.8314252184878237,0.02374420880688314,0.5278481012658228,0.06560646550749288,0.47215189873417723,0.06560646550749288,0.16857478151217625,0.02374420880688315,-0.09627816756433001,0.08981842965104199,0.8742142331700322,0.11651396551469592,-0.04255900468095588,0.08205178891814148,0.9505626282361016,0.09550505171403953,-0.01255768407886505,0.13567162087040496,0.9934143690349948,0.23608150633612981,0.012557684078865095,0.1356716208704049,1.0532788475253174,0.3248070959615564,0.0425590046809559,0.08205178891814148,1.3059639054594878,0.58327731485417,-0.0998342643984886,0.05501851313347391,0.865996368436447,0.0715460047563644,-0.027558344379910466,0.08961485927480532,0.9719884986355481,0.1401804967155606
1.0,92,ReweighingClassifier,XGBoost,0.5,0.5,german_t1.0_k92,0.7619287000963512,0.01345047609718657,0.7261308199705955,0.016551961837140014,0.7146155266610309,0.019528625244148227,0.7920281755426248,0.012964680346482058,0.8528134088473902,0.01576231466867569,0.8211741462058069,0.010123427012314735,0.8528134088473902,0.01576231466867569,0.40055176890619926,0.03419008151942246,0.5994482310938007,0.03419008151942244,0.14718659115260982,0.01576231466867569,-0.21867338697186406,0.05505965005145645,0.7178330370772615,0.06509144821858244,-0.04447745750184775,0.07321110093060601,0.9510586776298504,0.08157238741517554,-0.23891758006648894,0.11635381569719977,0.5576796747967478,0.17194890091269638,0.23891758006648894,0.11635381569719977,1.5436231126596982,0.3498992541245213,0.044477457501847735,0.073211100930606,1.501551184826651,0.8250975063927386,0.010758039219035575,0.07070780330931964,1.017317387490823,0.09049020937573701,-0.14169751878416834,0.06705162691649086,0.7543691762132994,0.08804501837953492
1.0,92,FairBalanceClassifier,LogReg,0.5,0.5,german_t1.0_k92,0.7005068912069038,0.022347048654515193,0.7040674480419629,0.018878818073957287,0.7037475507226896,0.01896204331005004,0.8131435026835435,0.01255001327985248,0.6912897159476066,0.03269421899423244,0.7470314336015402,0.023196322181805427,0.6912897159476066,0.03269421899423244,0.28315481986368063,0.014552682645356687,0.7168451801363195,0.014552682645356651,0.3087102840523933,0.032694218994232443,-0.12998627875794505,0.07453621663544681,0.7884827411631489,0.10380292319498963,0.007596945060359683,0.10461604925109655,1.0220808211771202,0.14722830007347912,-0.11182729337414829,0.05933945975945386,0.6857300646507963,0.13849427782143603,0.11182729337414835,0.05933945975945389,1.1751201838105338,0.10122541748616601,-0.007596945060359683,0.10461604925109655,1.0441112353156923,0.40215871925133034,0.05281021644125512,0.059177547376648224,1.0820659571218276,0.08950132150606532,-0.0521151741568943,0.06847346066348182,0.8539054429139583,0.11317960511416061
1.0,92,FairBalanceClassifier,XGBoost,0.5,0.5,german_t1.0_k92,0.7710611201876754,0.005798592723174661,0.7427794166202479,0.009253629826433072,0.7357331428089828,0.011464952562191802,0.8084421473023836,0.00856801928306412,0.8428129715072927,0.013336824893463847,0.8251455154610635,0.0045927158237345925,0.8428129715072927,0.013336824893463847,0.35725413826679653,0.026913601295631816,0.6427458617332035,0.026913601295631834,0.15718702849270735,0.013336824893463866,-0.20744135972296956,0.050999738138831234,0.7230237982239196,0.06152060817968351,-0.02339664942103965,0.07262928583868,0.9755173802287052,0.0837772682556289,-0.22171686251275463,0.09197283871122779,0.5385014546468994,0.16422759579511348,0.22171686251275466,0.09197283871122781,1.430172346053604,0.2009548528721325,0.023396649421039674,0.07262928583868,1.2719969917402523,0.5826510885144027,0.027779024356240557,0.06542014337877476,1.0390272572310546,0.08775228807624828,-0.12255675596689715,0.05520391896784381,0.7570094174378024,0.08438104115905652
1.0,92,FairMask,LogReg,0.5,0.5,german_t1.0_k92,0.7325792802982699,0.020674719546979525,0.6976767994719214,0.02702967318063165,0.6859319226581945,0.03158871939157055,0.7754613476564788,0.02216837618624568,0.8213841085186562,0.010829667411292085,0.7976020476160669,0.013812521483920408,0.8213841085186562,0.010829667411292085,0.42603050957481337,0.05199103983989185,0.5739694904251866,0.05199103983989188,0.1786158914813438,0.010829667411292078,-0.2014472036743468,0.053590336886730205,0.734468245237222,0.06111331848884168,-0.04925449618132547,0.08615774388465454,0.9443965524556361,0.10007388776798978,-0.22149238010598724,0.08935770604169957,0.6045010798953424,0.1283760460901354,0.22149238010598732,0.08935770604169956,1.527177624602333,0.2655398511000786,0.04925449618132545,0.08615774388465454,1.410087011227255,0.6385667436412291,0.0020942201772979896,0.06016352042218892,1.0058021019010175,0.07910668718276195,-0.13537343814365638,0.055394524518909145,0.7744488161754893,0.06778595645855215
1.0,92,FairMask,XGBoost,0.5,0.5,german_t1.0_k92,0.7692262578023543,0.009050503905709292,0.7351226833723488,0.015215785553865834,0.7242758077118835,0.020155987470702415,0.7993079584190903,0.014804611912564465,0.8556397192276574,0.023285368342307478,0.826129615828245,0.007144921706210759,0.8556397192276574,0.023285368342307478,0.3853943524829601,0.04671681239588733,0.6146056475170399,0.04671681239588733,0.1443602807723426,0.02328536834230748,-0.20879138341007436,0.06460312875367169,0.7288575229782431,0.0742325273220292,-0.034416851441241715,0.08057654597438049,0.9634446652467986,0.08963917977488498,-0.2180066488923999,0.08576451518169276,0.5673067475327159,0.14526957815797825,0.21800664889239987,0.08576451518169279,1.450754439247983,0.2140262145758633,0.03441685144124167,0.08057654597438045,1.4710060975609758,0.8844165398738196,0.011022919102568363,0.05433035025235175,1.0156934030048423,0.07033008989695112,-0.1262117501668208,0.0681690889062001,0.7653757063897573,0.09318572583319104
1.0,264,Baseline,LogReg,0.65,0.6498257839721254,german_t1.0_k264,0.7713470104774452,0.015299566835082573,0.7680783190646289,0.01591447877977688,0.7672516659477905,0.016323257090824838,0.7910017234566397,0.018034641728456105,0.7985776242228102,0.018760142131632504,0.7945754329604124,0.013650553081606284,0.7985776242228102,0.018760142131632504,0.26242098609355247,0.028393618422646552,0.7375790139064475,0.028393618422646573,0.2014223757771898,0.018760142131632487,-0.606669988067072,0.020908842921212093,0.2730606035375759,0.027994312444137307,-0.3524607046070461,0.04336481905329688,0.6083784481312527,0.04733829481754814,-0.6085519203413942,0.05579596335245437,0.08482057925991959,0.04507138113434131,0.6085519203413942,0.05579596335245438,2.9003582483582484,0.5299222709149634,0.35246070460704615,0.04336481905329687,4.68325185654454,1.0201306833433161,0.06139993902754828,0.03561946585015513,1.0838312456776886,0.04966363677349425,-0.48050631247422004,0.0247803797263415,0.3465995136955861,0.03159971119036893
1.0,264,Baseline,XGBoost,0.65,0.6498257839721254,german_t1.0_k264,0.7903569860091599,0.02255674245031078,0.7854046456193842,0.022871930298030422,0.7840283228562323,0.02304911390038028,0.7983866834404995,0.01930754981932597,0.8314761686091856,0.02108919040921079,0.814577967549455,0.019807449354082116,0.8314761686091856,0.02108919040921079,0.2606668773704172,0.02569330078521581,0.7393331226295828,0.0256933007852158,0.1685238313908144,0.0210891904092108,-0.42143121674969564,0.0631119462752041,0.4533637278134025,0.06099595919237534,-0.12649765952204978,0.0769861544024751,0.8554510777916864,0.08652988257049614,-0.37290060911113543,0.12151628466630066,0.28032100335629745,0.08447609374818713,0.37290060911113543,0.12151628466630066,1.8683439874657268,0.553011846605087,0.12649765952204978,0.0769861544024751,2.0618408082432476,0.7536004387645473,0.058415838609741574,0.039389359225057895,1.0789890624917557,0.05295984131819671,-0.24969913431659257,0.08922554330690322,0.567886040573992,0.0760959313387787
1.0,264,FairSmote,LogReg,0.65,0.6498257839721254,german_t1.0_k264,0.7167419536984754,0.03168597531626042,0.7226966080792196,0.03181993180228928,0.7204209014209164,0.031891144315702495,0.7888282537899572,0.03340953870016587,0.667074632087643,0.033455128922914565,0.7227184616853382,0.03232748884755793,0.667074632087643,0.033455128922914565,0.22168141592920354,0.035739505320900304,0.7783185840707965,0.03573950532090029,0.33292536791235705,0.03345512892291458,-0.26118923198143285,0.06886124205821338,0.5598985349738053,0.09398685506333747,0.02071889627987191,0.06875962779660341,1.0339617560029573,0.1004827949691538,-0.2582628296312507,0.12555315967342603,0.3777855157644631,0.21197070775458296,0.2582628296312507,0.12555315967342606,1.4631083483483485,0.2702023510659428,-0.020718896279871873,0.06875962779660343,0.9496272433381524,0.2211141464631521,0.1549719012810263,0.052512787634452135,1.243091517413872,0.09017876357950377,-0.11877196667568939,0.08477237355955339,0.7058736358837102,0.12771474568991703
1.0,264,FairSmote,XGBoost,0.65,0.6498257839721254,german_t1.0_k264,0.7919097810402158,0.024508521968667714,0.7895413931114033,0.023934188945320185,0.7891035650102179,0.023761151059853734,0.8124995712354665,0.01889038888578682,0.8113836711785588,0.03210026714039448,0.8117727843551761,0.023491295710230384,0.8113836711785588,0.03210026714039448,0.23230088495575224,0.023663260101099003,0.7676991150442477,0.023663260101099013,0.18861632882144136,0.03210026714039448,-0.262999948769041,0.055958798868463326,0.6112504111439024,0.0729178473680756,0.09017541266321753,0.07510468931464749,1.1195996566263489,0.10693231051263231,-0.21832921180289597,0.10862483708111297,0.4605333423785437,0.18976017080161287,0.21832921180289602,0.10862483708111298,1.380625100963032,0.22453452375785848,-0.09017541266321753,0.0751046893146475,0.6125401224791469,0.24248233030031882,0.11312131967745886,0.05657327743599343,1.1581871099989616,0.081745366613697,-0.06407689956983922,0.06689783625063435,0.7900664995024462,0.11204311562548822
1.0,264,Massaging,LogReg,0.65,0.6498257839721254,german_t1.0_k264,0.6771974402409185,0.04482373500646718,0.6757812775252536,0.04477682456762745,0.6755097556871817,0.044783334350359784,0.716941366501629,0.04054415672883685,0.688493654924085,0.047135935790181306,0.702310498326162,0.043247025175523764,0.688493654924085,0.047135935790181306,0.3369310998735777,0.046878209559530634,0.6630689001264222,0.04687820955953063,0.3115063450759149,0.04713593579018132,-0.0547400585603107,0.06296424853660168,0.9090640784219264,0.11286369077947604,0.1509258438038926,0.06459981092339043,1.2406753248242506,0.11826972299023554,0.019050661998030433,0.08384364909996513,1.1412163894663896,0.31402178071197845,-0.01905066199803045,0.0838436490999651,0.9861805218270854,0.12172407444850498,-0.1509258438038926,0.06459981092339043,0.5804340644425119,0.13872861701285802,0.05182443298563977,0.023445511941716315,1.082132840856763,0.03892946785823486,0.08498825290096151,0.06900972728012919,1.19094585714532,0.19485431492593763
1.0,264,Massaging,XGBoost,0.65,0.6498257839721254,german_t1.0_k264,0.6882458121588556,0.04760803226885372,0.6835115219280584,0.04894142926000526,0.6814252982684735,0.049650130937157956,0.7159146969506935,0.04759116278077741,0.7269945988497956,0.04334303386142313,0.7209912438217805,0.041764983172890194,0.7269945988497956,0.04334303386142313,0.3599715549936789,0.06845243182446804,0.6400284450063211,0.068452431824468,0.27300540115020444,0.0433430338614231,-0.03607770891306128,0.06884521994805747,0.945390560604477,0.11599449937533964,0.13864153732446413,0.07315565428807766,1.2101752285722531,0.12702519521736008,0.09361870372396688,0.08580800288919169,1.5885500693000694,0.7569251371355802,-0.0936187037239669,0.08580800288919167,0.8802718230074152,0.10662783425142082,-0.13864153732446416,0.07315565428807763,0.5736786955815714,0.16760143367291727,-0.00667323896983234,0.020049747323202114,0.9922268403491671,0.028880056226982635,0.11613012052421552,0.07216470020131785,1.3993626489361612,0.3934322916939191
1.0,264,FairOversampling,LogReg,0.65,0.6498257839721254,german_t1.0_k264,0.7341552167639125,0.03116583298025454,0.745049014262512,0.03166094360239773,0.7372910455206295,0.031962811825353446,0.84117496718161,0.04052017126607483,0.6427370930003717,0.040317190556147416,0.7277774076292431,0.03345516506361873,0.6427370930003717,0.040317190556147416,0.15263906447534767,0.049044674510545866,0.8473609355246523,0.04904467451054588,0.35726290699962826,0.040317190556147436,-0.38733912607674637,0.04967889272617615,0.35621277859087747,0.04525972095811103,-0.15483444198078344,0.08689613010903871,0.784730277348259,0.11752190726504808,-0.33106568917095236,0.09672941806569575,0.11460299213240391,0.09025710101104385,0.33106568917095236,0.09672941806569578,1.566960982800983,0.24030744254398353,0.15483444198078347,0.08689613010903875,1.5642469205292824,0.35438376830792123,0.13916119578906352,0.06866748754489241,1.216826276207791,0.11618214460733828,-0.2429500655758679,0.06004538846931143,0.4496666347403314,0.058060873134798574
1.0,264,FairOversampling,XGBoost,0.65,0.6498257839721254,german_t1.0_k264,0.7800489365706758,0.03037778089833953,0.7765811790947048,0.029861531839935514,0.7758336801829177,0.029699957197263,0.796934518525492,0.021930769639663075,0.8085669093904209,0.03682898246168848,0.8025919481086332,0.028537782824466486,0.8085669093904209,0.03682898246168848,0.25540455120101135,0.02685104135618365,0.7445954487989888,0.02685104135618366,0.1914330906095792,0.03682898246168852,-0.3524251754620289,0.037319144590636934,0.5122362564189219,0.043926450762540196,-0.017315841340231584,0.026907154858973097,0.9792464581184863,0.03410618388756502,-0.3417552613342087,0.10001221049166908,0.3031913279739367,0.09495608399724025,0.34175526133420875,0.10001221049166907,1.7061550416726887,0.3149321335765757,0.01731584134023158,0.026907154858973038,1.1068429025905167,0.13581340307096115,0.10610768443155245,0.046042382551167375,1.1492354911270968,0.07139976302329132,-0.17953555133722016,0.05651330857049594,0.6412188930462115,0.05604236231782221
1.0,264,FAWOS,LogReg,0.65,0.6498257839721254,german_t1.0_k264,0.6961854570550223,0.02048245854379499,0.6778275202416543,0.020413928032381762,0.6556260279499948,0.02330471194610945,0.6813139559269894,0.01663025180176166,0.8485279861217409,0.022961416757213773,0.7556577910823831,0.01682187372291249,0.8485279861217409,0.022961416757213773,0.49287294563843237,0.03139247064397083,0.5071270543615676,0.03139247064397084,0.1514720138782591,0.022961416757213794,-0.27448611242459703,0.02555710070219092,0.6630788847619965,0.02988187378209167,-0.06714781966001475,0.031721327419428125,0.9222337583631139,0.03688416887788701,-0.27597913703176863,0.04408235152128026,0.5928517710256841,0.048207902394949,0.2759791370317686,0.044082351521280275,1.8804622524622523,0.235595640296126,0.06714781966001479,0.03172132741942813,1.4978146548573377,0.23131534542257162,-0.04671194217687034,0.01908516036428031,0.9348072636306404,0.02676552851013989,-0.17156347834589167,0.032183261250733446,0.7575427646943991,0.03466454826231414
1.0,264,FAWOS,XGBoost,0.65,0.6498257839721254,german_t1.0_k264,0.7958780350084698,0.025386777078713837,0.786223005617885,0.023825621395963694,0.7808169832476394,0.022253330076045373,0.7817286766892229,0.012979924221894918,0.8757013841814085,0.042560782893600504,0.8257252407897784,0.02391875994043156,0.8757013841814085,0.042560782893600504,0.3032553729456385,0.019973615326002087,0.6967446270543615,0.019973615326002093,0.12429861581859132,0.04256078289360049,-0.3831217446661021,0.03768221546441257,0.5173764040125597,0.04840000574322009,-0.00720916481892091,0.05048766451301327,0.9920220876212085,0.05888427025951132,-0.4122490425648321,0.08245724208717765,0.2909930384930385,0.0804776433691305,0.4122490425648321,0.0824572420871776,2.01794394847336,0.3204927458659922,0.00720916481892091,0.05048766451301327,1.0928013937282228,0.3627818414661431,0.09623176629485967,0.04336696901511732,1.1315347983478032,0.06067182220252297,-0.20972910369187653,0.05431039452036746,0.6415075630571234,0.06070260414275993
1.0,264,HeterogeneousFOS,LogReg,0.65,0.6498257839721254,german_t1.0_k264,0.7127956584478323,0.027909242900483983,0.7204690659608849,0.028736488390618976,0.7160622601475723,0.028222543178650434,0.7968515960095826,0.037513017525311505,0.6485234669407332,0.03804307923560907,0.7141105239520957,0.02818599535289823,0.6485234669407332,0.03804307923560907,0.2075853350189633,0.0507102953697969,0.7924146649810366,0.0507102953697969,0.35147653305926685,0.03804307923560909,-0.23401491978509598,0.04502774997128822,0.5809597146146999,0.07536013022770285,0.025718896279871915,0.06548851985208187,1.0463619537438877,0.10559675737075082,-0.20069358427253164,0.10529050757513868,0.4440457652222358,0.24841811858093138,0.20069358427253156,0.10529050757513868,1.3221216137016136,0.17989566008365565,-0.025718896279871874,0.06548851985208189,0.9459323724798665,0.1798179329409168,0.14632746083945952,0.07631101906880833,1.2340812430670018,0.13271160731987383,-0.08748734399632986,0.061386900217959,0.7452038594830618,0.11986193026662748
1.0,264,HeterogeneousFOS,XGBoost,0.65,0.6498257839721254,german_t1.0_k264,0.7855950812472552,0.018508789321321724,0.7781418946398683,0.01964382743830214,0.774870492622665,0.020554296662013284,0.7837117017784714,0.01913107031560968,0.8471497816944014,0.01717841441141073,0.8140627630282802,0.014962921591034543,0.8471497816944014,0.01717841441141073,0.290865992414665,0.03225433990758832,0.709134007585335,0.03225433990758831,0.1528502183055987,0.01717841441141075,-0.32477203284725603,0.061725261998519826,0.5668807516142012,0.07122351649275827,0.012217294900221743,0.04138374788386728,1.0148175737915015,0.05004408858764753,-0.30437130247656563,0.12464249285605845,0.4042478259772377,0.15552548424146412,0.30437130247656563,0.12464249285605843,1.678358547315069,0.4218016020588957,-0.012217294900221725,0.04138374788386732,0.9272607879924953,0.24343306401738593,0.07677491139427403,0.036441937082013515,1.1040683806279659,0.05225640982786488,-0.14607700378817196,0.08067247134257918,0.7095326998843696,0.10147182360640922
1.0,264,FairwayRemover,LogReg,0.65,0.6498257839721254,german_t1.0_k264,0.6091630591630592,0.024388791932381658,0.5774129383584613,0.024510839781022493,0.49522279607004827,0.03105849354379244,0.6013564126048965,0.014264110902850404,0.8729358640746977,0.033551147083625665,0.7119872773590361,0.019304350775369804,0.8729358640746977,0.033551147083625665,0.718109987357775,0.031634689486391844,0.281890012642225,0.03163468948639184,0.12706413592530233,0.033551147083625645,0.0528933439127867,0.02762179922531952,1.0682999672596114,0.0368702032575553,-0.00292411924119238,0.046261613165738624,0.9971785209671744,0.05383913240509754,0.2781092023197287,0.027472023267400617,1.5275477626695018,0.09180405856563029,-0.27810920231972863,0.027472023267400596,0.4019733863894855,0.03577062572185636,0.0029241192411924135,0.04626161316573862,1.047838854115755,0.33143434197511423,-0.334019486109821,0.023150585806042644,0.5612127699738171,0.020160692923028196,0.13759254153926814,0.030874390331716583,1.2623631418183383,0.05739554344125258
1.0,264,FairwayRemover,XGBoost,0.65,0.6498257839721254,german_t1.0_k264,0.6067726959031307,0.03595119401661675,0.5762400242272223,0.03721145634242478,0.5003752378246132,0.04856218321770197,0.601587183687925,0.023630718888515038,0.8599863695669605,0.027786835606461283,0.7079108023478382,0.0254145613038451,0.8599863695669605,0.027786835606461283,0.7075063211125159,0.04879023694473991,0.29249367888748423,0.04879023694473992,0.14001363043303958,0.027786835606461273,0.05240868942755232,0.028727540527775076,1.068733573499577,0.03835141944538123,0.0012172949002216883,0.04036126162989374,1.001608054286941,0.046135107498233116,0.27010190757559177,0.04889556628199786,1.53332129012129,0.18477094803556696,-0.27010190757559177,0.048895566281997836,0.42594676389944935,0.06913791030150129,-0.0012172949002217325,0.04036126162989375,0.9917596224913299,0.3364648676397883,-0.3199923750388188,0.026473286073057406,0.5738807517074473,0.036916490602273366,0.1356596012379067,0.039106712819624946,1.2674646722041154,0.108335819376908
1.0,264,DisparateImpactRemover,LogReg,0.65,0.6498257839721254,german_t1.0_k264,0.7768837442750487,0.018153772829142812,0.7742446258449033,0.017847194399280834,0.773710003005956,0.01787208746073044,0.7986207004814115,0.015361847571650277,0.7985366600336752,0.025176860941587876,0.7984227735738052,0.017775814973155696,0.7985366600336752,0.025176860941587876,0.2500474083438685,0.021824985471747247,0.7499525916561314,0.02182498547174724,0.20146333996632482,0.02517686094158786,-0.596498617505134,0.013028030825862503,0.27648359846576526,0.015616755950902571,-0.35229834934712995,0.04958277563205331,0.6087178591325711,0.05210910293759893,-0.5720786373417952,0.03784237403046765,0.08961891992326776,0.04093791416045414,0.5720786373417953,0.037842374030467654,2.5590290433290432,0.2331200683303065,0.35229834934712984,0.04958277563205332,4.863013937282229,1.4116680861328288,0.051250030191818084,0.04046048966382715,1.069244292760871,0.05509844585071134,-0.46218849334446255,0.008601087645577427,0.34916838952791945,0.019479753083681307
1.0,264,DisparateImpactRemover,XGBoost,0.65,0.6498257839721254,german_t1.0_k264,0.7871635610766046,0.029778233922909382,0.7816344771776521,0.028649143888658368,0.7797578062689784,0.02800325210422887,0.7929211331696967,0.018786709244585243,0.8328327975917139,0.042157248632492504,0.8121343297927887,0.028319323270771895,0.8328327975917139,0.042157248632492504,0.26956384323640964,0.023566901311516102,0.7304361567635904,0.023566901311516102,0.16716720240828614,0.0421572486324925,-0.4078598561295279,0.05093645066526985,0.4685058521632154,0.060795086047052804,-0.07927469820152747,0.03870428870962573,0.9067790636231685,0.04688492448086639,-0.3997293649925229,0.12060553682549442,0.2698354578180665,0.12324830554035145,0.3997293649925229,0.12060553682549437,1.9271386680798444,0.38524825768243076,0.07927469820152747,0.03870428870962572,1.5653307456091947,0.22124960936901605,0.08669751659628722,0.04876029243957288,1.1201313942549507,0.06924639959728707,-0.23950203159702516,0.07674773290353235,0.5883072607206176,0.08150830601322455
1.0,264,LearningFairRepresentations,LogReg,0.65,0.6498257839721254,german_t1.0_k264,0.7555273229186273,0.020037928902750024,0.7527829582367944,0.020253033976482614,0.752181788464988,0.020401007452957247,0.7798686950713851,0.01917162609168206,0.7786379771562688,0.023153087750778047,0.7790983463657363,0.01830836303005981,0.7786379771562688,0.023153087750778047,0.27307206068268014,0.02729081307828432,0.7269279393173198,0.027290813078284334,0.2213620228437311,0.023153087750778005,-0.6779783967177258,0.0455880811516855,0.213038581659068,0.03455349201061409,-0.4774850948509485,0.08642124926757445,0.4800209986103671,0.08427445619660555,-0.6716523324944378,0.056138797565437146,0.06396951138330448,0.053485690783141186,0.6716523324944378,0.05613879756543719,3.4497114177114176,0.5061207597456246,0.4774850948509485,0.08642124926757444,8.688739837398375,6.12391943765334,0.03300939745622868,0.04979211373514238,1.04573168098612,0.06782293982312378,-0.574568713672693,0.04570680420702941,0.2719952549968358,0.04184958958910276
1.0,264,LearningFairRepresentations,XGBoost,0.65,0.6498257839721254,german_t1.0_k264,0.7713407365581278,0.0339093028999502,0.7655104399951003,0.03321657528659855,0.7633529585746024,0.033004114157089016,0.7786171180465378,0.02607561936146201,0.8200063414314143,0.0426759946556463,0.7985364097234817,0.03204438814606045,0.8200063414314143,0.0426759946556463,0.2889854614412137,0.032725556981019276,0.7110145385587863,0.032725556981019255,0.17999365856858582,0.04267599465564632,-0.4554760403539735,0.0324172346020223,0.42329085099588315,0.03975447428455327,-0.1731116038433112,0.026982507934915318,0.8012176878312314,0.02747203403055391,-0.4412154502680818,0.10111942378543536,0.24817824681824688,0.09149391498711947,0.4412154502680819,0.10111942378543531,2.1428320247849664,0.4753863796191957,0.17311160384331115,0.026982507934915315,2.587787069299264,0.8032546994036048,0.05813295078747671,0.05693445408670074,1.0836603048373457,0.08203876968166139,-0.3071635270556965,0.045504382485075934,0.5246979673247392,0.04746673444898895
1.0,264,ReweighingClassifier,LogReg,0.65,0.6498257839721254,german_t1.0_k264,0.7001474371039589,0.034316175988354805,0.6961411609341249,0.03506559362023391,0.6949125670635656,0.03552393418026172,0.7279503999285044,0.032423061234552415,0.7328006530945457,0.03258145327871831,0.7302249089620356,0.030875122835411155,0.7328006530945457,0.03258145327871831,0.3405183312262959,0.04542219681466543,0.6594816687737042,0.045422196814665465,0.2671993469054544,0.03258145327871832,-0.18558028594245318,0.03179403081635213,0.7125203882686346,0.034968118516993586,0.005069475240206955,0.04298340251611967,1.008189065227585,0.058630825574309015,-0.10250238902870482,0.07863500583811506,0.7905066478242948,0.1809008163848241,0.10250238902870482,0.07863500583811509,1.1974686168089468,0.15521292319554048,-0.005069475240206944,0.042983402516119665,0.9904055344833127,0.16653746906435773,0.01623313619227724,0.025820095163027423,1.025113954036904,0.03761281465598317,-0.04871645689424892,0.05347735367248769,0.89934785652594,0.10430414076913126
1.0,264,ReweighingClassifier,XGBoost,0.65,0.6498257839721254,german_t1.0_k264,0.7982558504297634,0.026244985618775325,0.7942388597930865,0.025902764694485103,0.7932564329328565,0.025794337399882405,0.8093783638285179,0.0200062961216664,0.8314454819123425,0.032033747114210614,0.820133993927724,0.024380639412924697,0.8314454819123425,0.032033747114210614,0.2429677623261694,0.026028576802649424,0.7570322376738305,0.026028576802649413,0.16855451808765753,0.03203374711421062,-0.3527420896134818,0.040224763701921185,0.5164511322303096,0.0517714243941701,-0.02164055186006404,0.05892992932646735,0.9754383478437904,0.07157784821168102,-0.3050841448736185,0.13111845011116605,0.3546171626171627,0.18469530599558337,0.30508414487361857,0.13111845011116602,1.6106919432402809,0.3267986424992289,0.021640551860064056,0.05892992932646733,1.1837657630446272,0.3591320380676226,0.08549125703028748,0.06558701682665453,1.119015225107819,0.09036716475926762,-0.1633623483668413,0.06781208239073702,0.6650277552304764,0.09570766004640975
1.0,264,FairBalanceClassifier,LogReg,0.65,0.6498257839721254,german_t1.0_k264,0.6993381015120146,0.036060016458877714,0.7024448730549413,0.03733814074826248,0.7013882599150126,0.037181758402720706,0.7581654507377339,0.04034241572249604,0.6727784945296043,0.033260162475042154,0.7125846379178704,0.0332957944228536,0.6727784945296043,0.033260162475042154,0.2678887484197219,0.05396083147945853,0.7321112515802781,0.05396083147945852,0.32722150547039575,0.03326016247504216,-0.2120349934286982,0.04693834933088233,0.6428968726893507,0.059004541539255974,-0.015138950480413915,0.06425480786024411,0.9816203728748061,0.09348849237539127,-0.13314089798300321,0.10917948579936144,0.703083151833152,0.3154976837046852,0.13314089798300327,0.10917948579936144,1.2412410319392646,0.20447023399588637,0.015138950480413882,0.06425480786024412,1.0646569923861766,0.2097806034211894,0.06887214623230342,0.05287024908991652,1.1066544780478302,0.07926364334938282,-0.07413992423170858,0.07157590327320192,0.8423517623539789,0.16391729511658285
1.0,264,FairBalanceClassifier,XGBoost,0.65,0.6498257839721254,german_t1.0_k264,0.7990495012234142,0.022973488026215797,0.7944156603329112,0.02263328132389466,0.7931705776460121,0.022511503667419764,0.8071101191873005,0.017155025846050415,0.8371088175052662,0.028553135540004854,0.8217336602745817,0.02134494260470885,0.8371088175052662,0.028553135540004854,0.24827749683944375,0.022982286420003696,0.7517225031605562,0.02298228642000369,0.16289118249473372,0.02855313554000488,-0.3500705308909263,0.04443340492176264,0.5235174269627726,0.04902814005696373,-0.022904656319290485,0.03235715321048962,0.9731629887727447,0.03853657418394683,-0.2967782033045191,0.12798756936005876,0.3607636636636637,0.12782057087738463,0.2967782033045191,0.12798756936005876,1.6071232034710294,0.4021807326550032,0.022904656319290458,0.032357153210489646,1.1719546070460705,0.23275535437460623,0.07762285546464698,0.051772600369814875,1.1060509393250044,0.07355443160447289,-0.1598414298119048,0.07097527563476691,0.6669633262182042,0.07105127114429502
1.0,264,FairMask,LogReg,0.65,0.6498257839721254,german_t1.0_k264,0.7404793274358492,0.02463324811758144,0.7394634044223858,0.02487262585573531,0.7388032317989646,0.024743377413891772,0.7758921161813875,0.027789887509702703,0.7484748492998914,0.035675296422089366,0.7613515708452943,0.02407209377145981,0.7484748492998914,0.035675296422089366,0.26954804045512015,0.042033366394817015,0.73045195954488,0.042033366394816994,0.25152515070010867,0.03567529642208936,-0.41811218842995057,0.04560607656672041,0.4230356906534635,0.05559192693605742,-0.10801133284060112,0.0953945788172049,0.8656910824075876,0.12102292203756478,-0.47089076120655077,0.07911955667819974,0.1910167398167398,0.07803010093304397,0.47089076120655077,0.07911955667819971,2.1914721149721155,0.3871105835849332,0.10801133284060113,0.0953945788172049,1.5646345998175266,0.46659939355636754,0.13388155746761726,0.06393803889089782,1.203197047606228,0.10548239211040629,-0.28945104702357594,0.06127174080958775,0.5283539111121638,0.0673522643822348
1.0,264,FairMask,XGBoost,0.65,0.6498257839721254,german_t1.0_k264,0.7935159043854696,0.019229730557461012,0.7879024881877859,0.019677270568259284,0.7861107736780915,0.019955792394878,0.797936702881436,0.01760114584472542,0.840027479536128,0.018171755673315332,0.818393356029563,0.016735197512711013,0.840027479536128,0.018171755673315332,0.2642225031605563,0.025068610989523007,0.7357774968394437,0.025068610989522993,0.15997252046387206,0.018171755673315353,-0.37561962803439786,0.05988740884575253,0.5032786376137999,0.0628517019057836,-0.03396526237989652,0.08154089081014074,0.9616574114069483,0.0950954744970618,-0.35973636794689423,0.11963741320935448,0.30070899470899476,0.09961732825901727,0.35973636794689423,0.11963741320935448,1.8115303303303303,0.47531896235095106,0.03396526237989651,0.08154089081014074,1.2933161601669494,0.5971373804370865,0.09093610417917655,0.04914821608979203,1.124099511119996,0.06772411218983082,-0.1968508151633954,0.08282307626388961,0.6311832030579716,0.07606833319849152
1.0,695,Baseline,LogReg,0.8,0.8,german_t1.0_k695,0.8147492625368731,0.014737458403300084,0.8055743000717875,0.015653375387056224,0.803678599135073,0.016126920419214787,0.7892865266872535,0.020957765845451913,0.7528571428571429,0.026572964625340395,0.7703602151825872,0.01909659397653443,0.7528571428571429,0.026572964625340395,0.14170854271356784,0.017232591155258534,0.8582914572864322,0.017232591155258565,0.24714285714285716,0.026572964625340388,-0.6894360980967604,0.0412479848700297,0.14179123977017602,0.016156388796467077,-0.37858684405025866,0.07417751932375191,0.561758796238947,0.07853680436722606,-0.6276960691863438,0.07609890569604212,0.032867850873808876,0.008995957648546639,0.6276960691863438,0.07609890569604215,2.9191620034554817,0.6117168057812237,0.3785868440502587,0.07417751932375191,3.9155143957454612,0.9587843286538577,0.15928405730830023,0.024348952319004667,1.2220711705564014,0.03902809812394839,-0.5031414566183012,0.0632709303162795,0.29731332355637796,0.038139193828306654
1.0,695,Baseline,XGBoost,0.8,0.8,german_t1.0_k695,0.8631268436578171,0.015896393610982273,0.8639339554917445,0.016240266362098018,0.863835690220025,0.016221393636100177,0.8131347995439688,0.02079521090585369,0.8685714285714285,0.02240626734479732,0.8397827651373617,0.01830305350967335,0.8685714285714285,0.02240626734479732,0.1407035175879397,0.017978435999998304,0.8592964824120604,0.0179784359999983,0.13142857142857142,0.022406267344797316,-0.5926687681876673,0.028848842766921894,0.25264255523977563,0.015885139232269786,-0.1293345651638335,0.09610028452290394,0.8583675569005271,0.10521164668750763,-0.4409100615250501,0.07823163558432639,0.11598306713989943,0.032342553448944836,0.4409100615250501,0.07823163558432637,1.9191176380205086,0.28503800958920483,0.12933456516383343,0.09610028452290392,2.5825424981522547,1.3101565792733652,0.11615427170170756,0.04101461577408693,1.1475961996680417,0.0559716088900415,-0.2851223133444418,0.055567763342855396,0.48717531202021325,0.043873770403215565
1.0,695,FairSmote,LogReg,0.8,0.8,german_t1.0_k695,0.7793510324483777,0.01609224978995379,0.7616582914572864,0.021460300983555298,0.7539157475820949,0.02561780003014011,0.7731189719993738,0.01440558007131368,0.66,0.055069529335418234,0.7106921623544711,0.030734794967904315,0.66,0.055069529335418234,0.1366834170854271,0.017232591155258534,0.863316582914573,0.01723259115525856,0.34,0.05506952933541824,-0.36290740575926905,0.08777188258244696,0.36929654831166625,0.0746557158845574,0.05804705592510471,0.12187923896846255,1.1159579105829553,0.21490075312742365,-0.29028936262059835,0.09105964099722703,0.23656099906958034,0.11959709019722785,0.2902893626205983,0.09105964099722703,1.4865492810760668,0.20636131035690106,-0.05804705592510471,0.12187923896846255,0.9055248008348682,0.3109236155585568,0.2366003703678933,0.06236547237338465,1.3800878023198864,0.13178250857625592,-0.1161211533477468,0.09597972232923517,0.6762594548262678,0.13351967847384516
1.0,695,FairSmote,XGBoost,0.8,0.8,german_t1.0_k695,0.8348082595870207,0.010878518533678919,0.8336719310839914,0.01131853304066294,0.8334770831646667,0.011212267412954289,0.7850229131316816,0.0176181605152256,0.8271428571428571,0.022767682072156042,0.8052394291016117,0.012779982458770553,0.8271428571428571,0.022767682072156042,0.15979899497487435,0.01752321183332934,0.8402010050251256,0.01752321183332934,0.17285714285714288,0.022767682072156046,-0.44131103893058043,0.06350654280900644,0.36967062849693144,0.046797662074534875,0.08891204730229121,0.0986886893338202,1.1155079736141431,0.12363252187736866,-0.32621653422854796,0.1027857773771065,0.2429806606437041,0.06165448244304948,0.326216534228548,0.10278577737710648,1.61997903608382,0.3286211963405114,-0.0889120473022912,0.09868868933382023,0.6164425844569005,0.5328041508994042,0.16136187698596305,0.024089882597497593,1.219374033832453,0.03826170956399425,-0.11865224346312837,0.09671512404845893,0.6792443171289235,0.08713755182186543
1.0,695,Massaging,LogReg,0.8,0.8,german_t1.0_k695,0.6584070796460176,0.03629157875924414,0.6433955491744436,0.038601160562456986,0.6366176489387214,0.04117905938645236,0.5917168182715616,0.04478160198766412,0.5571428571428572,0.06077727824623614,0.5731057444199121,0.049853649006660096,0.5571428571428572,0.06077727824623614,0.2703517587939698,0.03670750224673301,0.7296482412060301,0.03670750224673301,0.4428571428571429,0.06077727824623615,-0.021094633085489055,0.09892992576045566,0.9990073780427775,0.2905641738656106,0.30018699186991865,0.1091469958043095,1.7083694723232696,0.4142306861339986,0.06297363391756985,0.077671203516145,1.4212472271517302,0.5745133635199619,-0.06297363391756983,0.077671203516145,0.9250560178595644,0.09070509336103263,-0.30018699186991865,0.10914699580430948,0.44564182876927766,0.1226363466222439,0.17193958782507024,0.047784795014980765,1.3170350211316209,0.11002165416652493,0.18158031289374427,0.09061151942379343,1.5648083497375,0.4893231318014659
1.0,695,Massaging,XGBoost,0.8,0.8,german_t1.0_k695,0.6702064896755162,0.024425063769303187,0.662340272792534,0.028186596823722782,0.6601035130881,0.03018071138474061,0.5967563288821978,0.025960875582725702,0.6171428571428571,0.05356666645500762,0.6062791376441499,0.037949366593768366,0.6171428571428571,0.05356666645500762,0.29246231155778896,0.017809090599667694,0.707537688442211,0.017809090599667655,0.38285714285714284,0.053566666455007635,-0.008731628108339851,0.09470517475669221,1.0197959576264841,0.23435736491942907,0.38353683173195363,0.12330762104420831,1.8342934685582102,0.4545879562102321,0.07097891048691965,0.08491240203248436,1.4004931972789116,0.38156503045766604,-0.07097891048691966,0.08491240203248436,0.9167017537314293,0.11475839580762885,-0.3835368317319537,0.12330762104420834,0.23987903049871284,0.12276425463167889,0.1552888648750353,0.0601830261598737,1.281942889380884,0.14526268743362333,0.22725787110943668,0.09354673292499541,1.6173933329185608,0.3499562058059107
1.0,695,FairOversampling,LogReg,0.8,0.8,german_t1.0_k695,0.8123893805309734,0.011439952465879227,0.8120351758793969,0.012780130439362516,0.8117038997983327,0.01294788326471457,0.7545662471461089,0.017101810278204562,0.8099999999999999,0.03116774889895919,0.780810654436048,0.015018352408531098,0.8099999999999999,0.03116774889895919,0.185929648241206,0.020350207770167418,0.8140703517587939,0.020350207770167418,0.19,0.031167748898959187,-0.596105102890722,0.03815073365643377,0.252485276554787,0.011333237813278605,-0.12476176398127617,0.05566700412137632,0.8530398806696147,0.06208798622099086,-0.5989816200199496,0.07745478580540065,0.10707107849567774,0.021544117046373584,0.5989816200199496,0.07745478580540067,2.970393591560472,0.6704716966714329,0.12476176398127618,0.05566700412137632,1.8707151528528858,0.532491291986736,0.18461903960478737,0.023397797342473683,1.262964799629683,0.03538955466236382,-0.36187169200061287,0.04839257395606235,0.48005547958264616,0.025601420791498387
1.0,695,FairOversampling,XGBoost,0.8,0.8,german_t1.0_k695,0.8507374631268437,0.009977306504594574,0.8538047379755923,0.010328467614151982,0.8534244553165202,0.01008619710692685,0.7896575160630459,0.017280825709744284,0.8714285714285713,0.023473823893078553,0.8282056290175147,0.01145683220495776,0.8714285714285713,0.023473823893078553,0.16381909547738693,0.01869454797762641,0.8361809045226132,0.01869454797762641,0.12857142857142856,0.023473823893078546,-0.5384595388852211,0.03328256730590027,0.3058666871877309,0.017795482124108003,0.005912786400591297,0.04658158619106984,1.0075274930159817,0.05376745641037653,-0.4512282797294239,0.0815632545411264,0.1494159237418975,0.031635596112221026,0.45122827972942386,0.08156325454112642,2.0133620040901734,0.33782747721064815,-0.00591278640059128,0.04658158619106985,0.9924774412579291,0.3559689486647707,0.15393401721661132,0.030518211788487674,1.2039793709173472,0.0460549118791493,-0.22265774666441632,0.05233506500590969,0.5784717083789396,0.030181016931270822
1.0,695,FAWOS,LogReg,0.8,0.8,german_t1.0_k695,0.8053097345132743,0.013059553758807445,0.8074874371859296,0.013958297969845521,0.8072406152263497,0.01389858294240755,0.7379884647822482,0.015072314523228077,0.82,0.024907993963089573,0.7766365264835184,0.015661406241425507,0.82,0.024907993963089573,0.2050251256281407,0.016017464774381134,0.7949748743718593,0.01601746477438114,0.18,0.024907993963089573,-0.5433497463995878,0.051766073484875656,0.30580058564001844,0.032080954437188086,-0.006087213599408736,0.11325966204121508,0.9997465948685461,0.13064433318239543,-0.5822971517422318,0.06789996562294494,0.13899304748547386,0.01137297550681121,0.5822971517422317,0.06789996562294494,3.000918964575797,0.9466958312345688,0.006087213599408714,0.1132596620412151,1.2662896194179332,0.9988753022547123,0.20452165251230894,0.04728215751109804,1.3035724771475852,0.08197208092273148,-0.2941921826708203,0.06632678234879133,0.56936982117701,0.06736023951251686
1.0,695,FAWOS,XGBoost,0.8,0.8,german_t1.0_k695,0.8519174041297936,0.01531652505692884,0.8575628140703518,0.01622353470291324,0.8567152763334078,0.015901637453842443,0.7821528988735612,0.02038972176541221,0.89,0.030169588688489825,0.8322489099649861,0.017945311732207432,0.89,0.030169588688489825,0.1748743718592965,0.020937353423115236,0.8251256281407034,0.020937353423115215,0.10999999999999999,0.030169588688489825,-0.5610861661856477,0.04475756860793103,0.30181773287138325,0.03418724563987274,-0.041391722099039165,0.09634998890911395,0.9562047512111201,0.10752918489216413,-0.45693714847318967,0.061428116765438336,0.16159819624819624,0.04126397188590241,0.45693714847318967,0.06142811676543827,2.0394146825396824,0.2910367958527646,0.041391722099039165,0.0963499889091139,1.730652342237708,1.1287376242444866,0.12415326594624998,0.03349672864224621,1.1605449125638976,0.046198899361747994,-0.24916443528611443,0.07666945807741904,0.5589014737296581,0.061660205274328396
1.0,695,HeterogeneousFOS,LogReg,0.8,0.8,german_t1.0_k695,0.792920353982301,0.018600451646530326,0.7787221823402728,0.02019047012707284,0.7737782177188597,0.022017854936719726,0.7799475865992024,0.032969318926695405,0.6971428571428572,0.04323641700120445,0.7350628465035907,0.02672863156339278,0.6971428571428572,0.04323641700120445,0.13969849246231156,0.02884964843096949,0.8603015075376884,0.02884964843096949,0.3028571428571428,0.04323641700120444,-0.4074544762169012,0.07381549000615359,0.3383075926520407,0.05002563329743794,0.07568194136486821,0.12472730585764681,1.130578906154597,0.1949220346564907,-0.3776148774947402,0.09009676255307789,0.1526936828702383,0.02775628506818983,0.37761487749474015,0.0900967625530779,1.7383961475894705,0.3367381795955091,-0.0756819413648682,0.12472730585764681,0.8345601032116354,0.39158323699250375,0.2546078909851646,0.05294431972335212,1.4034466011180564,0.1078603679736199,-0.150966468064936,0.08909467521181702,0.6416362945124178,0.09997341684889327
1.0,695,HeterogeneousFOS,XGBoost,0.8,0.8,german_t1.0_k695,0.8430678466076695,0.011858260319906668,0.8455778894472361,0.0119671338514647,0.845404878046595,0.01197613383468211,0.7819890473450537,0.015481156931675682,0.8600000000000001,0.016035674514745447,0.819059695488255,0.013503079249520104,0.8600000000000001,0.016035674514745447,0.16884422110552763,0.014070351758793974,0.8311557788944723,0.014070351758793983,0.13999999999999999,0.016035674514745468,-0.49741915120069374,0.0474607799579142,0.3374136321050573,0.032666759263549464,0.049567134762256715,0.06651674231612341,1.0610371515588488,0.07872570024341001,-0.4059769721125557,0.10275288952382623,0.1932308849923369,0.0612847115316609,0.4059769721125557,0.10275288952382619,1.873948004893657,0.3678997173823859,-0.049567134762256715,0.06651674231612338,0.7508691004117833,0.46259940618645473,0.1556796953575234,0.04055260079431107,1.2099573047850485,0.06386389189148572,-0.17820491867514945,0.0719236126982083,0.6271340182755929,0.05382220871429054
1.0,695,FairwayRemover,LogReg,0.8,0.8,german_t1.0_k695,0.5345132743362833,0.02862421114031437,0.5774694903086863,0.02143686566967293,0.5180982807653949,0.04557064878577089,0.4652749361445002,0.017568901546578294,0.8242857142857142,0.03658928135675912,0.5940969128354127,0.012035201358560137,0.8242857142857142,0.03658928135675912,0.6693467336683417,0.06782244349267533,0.33065326633165826,0.06782244349267533,0.1757142857142857,0.03658928135675914,-0.026656325777726232,0.0700661639823754,0.9675779477974912,0.09374809214326338,-0.04653954175905395,0.0852735152523965,0.9478294403691357,0.10116060700508209,0.18767353165522502,0.10910916623324583,1.414860552916819,0.2974616324729703,-0.18767353165522502,0.10910916623324583,0.6335781798541722,0.1718242944790624,0.04653954175905396,0.08527351525239646,1.376343575124063,0.567845463135367,-0.34516391301040106,0.06296892553452987,0.5344961744082333,0.07617270478779282,0.07056699494808552,0.08900292805264882,1.1813449966429772,0.18383373601582512
1.0,695,FairwayRemover,XGBoost,0.8,0.8,german_t1.0_k695,0.5433628318584071,0.08437609525011643,0.5883955491744437,0.07323941448683499,0.5173928527097409,0.10942766297238822,0.47677259425850976,0.06035424937244461,0.8471428571428572,0.0330738197222578,0.6082187585087043,0.05114015347639659,0.8471428571428572,0.0330738197222578,0.6703517587939698,0.1397888432022424,0.3296482412060301,0.1397888432022424,0.15285714285714286,0.03307381972225779,-0.01703209498195568,0.1056267204595953,0.9755017542463407,0.14047428418599275,-0.029844050258684397,0.05137828074329881,0.9675260014552587,0.061871150701478424,0.22772184432653542,0.08936434898017648,1.4529548123597265,0.14912524494103513,-0.22772184432653542,0.08936434898017648,0.5284542372202503,0.21248648409272203,0.0298440502586844,0.0513782807432988,1.3007623892128914,0.3522257549806377,-0.36699807669949736,0.11549998208276437,0.5151351973053405,0.15332153733226048,0.09893889703392551,0.045388111454157616,1.2102404069074926,0.07883448182998767
1.0,695,DisparateImpactRemover,LogReg,0.8,0.8,german_t1.0_k695,0.8141592920353983,0.010046835614115882,0.8040129217516153,0.01032525883139541,0.8016998559668893,0.010627678350403473,0.7927727429393331,0.019744283335825615,0.7457142857142858,0.02240626734479732,0.7681506293783402,0.012621514417773018,0.7457142857142858,0.02240626734479732,0.1376884422110553,0.0181462010907214,0.8623115577889446,0.018146201090721424,0.2542857142857143,0.022406267344797323,-0.6885868840004342,0.04845786073582899,0.13676133678866567,0.015937804164302644,-0.3826683912293668,0.07161522136680772,0.5543457639106479,0.07495677280689118,-0.6261673833412964,0.08489497720598879,0.027359700251914858,0.0070332994383385606,0.6261673833412964,0.0848949772059888,2.9382937127420137,0.7680273066855963,0.3826683912293668,0.07161522136680773,3.840734722594479,0.9447636593776996,0.16318381114647512,0.015616691877872076,1.2276209901069302,0.02320062047869963,-0.5044178872853317,0.07117644995666882,0.2908527320812814,0.03666425120008328
1.0,695,DisparateImpactRemover,XGBoost,0.8,0.8,german_t1.0_k695,0.8519174041297936,0.014134688555411137,0.8524802584350324,0.014812597966733692,0.85244250200928,0.01479946376780045,0.7997545105745896,0.0158319253179931,0.8557142857142856,0.019897697538834438,0.8267467224973594,0.016804453772692633,0.8557142857142856,0.019897697538834438,0.1507537688442211,0.012308993682327523,0.8492462311557789,0.012308993682327499,0.14428571428571427,0.01989769753883446,-0.569726853830834,0.027763949398345592,0.26964038014266156,0.024461163235647617,-0.09739591032273962,0.055197066629149937,0.889714691704724,0.06281862986082706,-0.441498489115766,0.05132462057749844,0.13147662688263712,0.027046074525723326,0.441498489115766,0.05132462057749847,1.916563493603963,0.20486247835859223,0.0973959103227396,0.05519706662914992,1.8434788788447327,0.471740475218695,0.12909837948354674,0.007304639934375712,1.1667972554602284,0.013323673779603801,-0.26944719971925285,0.05250275575673081,0.5105956592936807,0.0433429956494457
1.0,695,LearningFairRepresentations,LogReg,0.8,0.8,german_t1.0_k695,0.8,0.015983737090435473,0.7885642498205312,0.017485735244061048,0.7857231825367542,0.01829484589350029,0.7771333157947331,0.01796993146698574,0.7228571428571429,0.027255405754769847,0.7489098453136788,0.021862828224164847,0.7228571428571429,0.027255405754769847,0.14572864321608042,0.011009498643319923,0.8542713567839195,0.01100949864331992,0.27714285714285714,0.027255405754769885,-0.7405655176456556,0.0477229244439354,0.10114640113948474,0.020116035238616718,-0.5113631436314363,0.10313766742416512,0.41744404938332436,0.08855511574030651,-0.6876694034417146,0.04986432048435205,0.019592017483321834,0.0067078740101475165,0.6876694034417146,0.04986432048435207,3.3954126910012,0.558110568248581,0.5113631436314364,0.10313766742416514,6.0440676237866064,2.9037600792675127,0.14904858060915913,0.05486758753651764,1.2160791045262944,0.09897329738415786,-0.5995162735365754,0.04711666682099886,0.21851803343332307,0.04642076116580319
1.0,695,LearningFairRepresentations,XGBoost,0.8,0.8,german_t1.0_k695,0.8289085545722713,0.016157007596022573,0.8271643933955491,0.01707362034513536,0.8266959345400832,0.017100432150177036,0.7802945492320863,0.02570398600999201,0.8171428571428573,0.03545621041711674,0.7976182959068083,0.01976452844650864,0.8171428571428573,0.03545621041711674,0.1628140703517588,0.025936659096610935,0.8371859296482412,0.025936659096610918,0.18285714285714286,0.03545621041711673,-0.6163273139039189,0.028378628023047196,0.22786510526620113,0.021764490357702396,-0.1477659522049766,0.08419307194357886,0.8321183745487521,0.09215009844298017,-0.5884245521831334,0.08729458538135634,0.07840159002131589,0.027385995933909984,0.5884245521831334,0.08729458538135633,2.802516767576596,0.7166189208988247,0.1477659522049766,0.08419307194357888,2.493474817865062,1.3562508734528067,0.1806693624283296,0.0620113134834655,1.2579862468966219,0.10844833967375601,-0.368095252194055,0.039220302222213545,0.45525998228503406,0.045807483071071624
1.0,695,ReweighingClassifier,LogReg,0.8,0.8,german_t1.0_k695,0.7651917404129793,0.021964024152196192,0.7356209619526203,0.027395576036901702,0.7143292952056679,0.03593670763575098,0.8091948532052955,0.026847401992762983,0.5657142857142857,0.06331005658902952,0.6636765188823436,0.043987087700468254,0.5657142857142857,0.06331005658902952,0.09447236180904522,0.02044923613002594,0.9055276381909548,0.02044923613002594,0.4342857142857143,0.06331005658902954,-0.30413101438363505,0.0830957952561712,0.36291544409283516,0.06941697626132398,0.0998790342448879,0.12483981120569326,1.229622040175244,0.27342282710328153,-0.24542217793648002,0.051025409639779654,0.16187199394808088,0.02126838178347904,0.24542217793648002,0.05102540963977964,1.3559851365771194,0.10637200542063217,-0.09987903424488791,0.12483981120569322,0.8281431984125535,0.24022030633472763,0.30563008031262656,0.06239793118749786,1.5380248587979195,0.15742557425773032,-0.07277157184579605,0.08496228163368864,0.6957470170616624,0.1416899281031593
1.0,695,ReweighingClassifier,XGBoost,0.8,0.8,german_t1.0_k695,0.8483775811209439,0.009063298817544082,0.8443826274228284,0.007813700193800769,0.8439592082377769,0.007666167321701081,0.8139314847990358,0.019999808755608615,0.8214285714285714,0.012777531299998802,0.8174162414454529,0.00902107567215551,0.8214285714285714,0.012777531299998802,0.13266331658291458,0.018422414854093832,0.8673366834170855,0.018422414854093825,0.17857142857142858,0.012777531299998802,-0.4721908151733227,0.020930133594072045,0.3227454020529056,0.007465762534944721,0.027075141660507486,0.06830609063937522,1.036252640291136,0.08491796009494305,-0.3212721184231481,0.048985651694846026,0.18226036304329862,0.04265720550376805,0.3212721184231482,0.04898565169484608,1.5396701548294174,0.1370614615244331,-0.027075141660507524,0.06830609063937523,0.9117245932809693,0.3823387349845063,0.15484131507646798,0.042376169969580955,1.2066395565047177,0.06221512987773811,-0.1470984883813203,0.03710405275976729,0.6092565016672173,0.02491611555220152
1.0,695,FairBalanceClassifier,LogReg,0.8,0.8,german_t1.0_k695,0.7864306784660766,0.01926233358975161,0.7674766690595837,0.023843233642113285,0.7586454622640051,0.028211693118076964,0.790691835501512,0.027252017264918053,0.6585714285714286,0.05774680837545069,0.7168672819322849,0.033950720974164385,0.6585714285714286,0.05774680837545069,0.12361809045226128,0.02412060301507538,0.8763819095477388,0.02412060301507538,0.34142857142857147,0.05774680837545069,-0.37922956836833305,0.09399794922261462,0.343556606740424,0.06815384032237036,0.06018920916481894,0.1403504845013619,1.1277769225210479,0.23909398615016234,-0.3194336908324322,0.06851864962627886,0.16501709785224677,0.03994733562147853,0.3194336908324322,0.06851864962627884,1.538496762482399,0.18111053587205914,-0.060189209164818916,0.1403504845013619,0.9279414574439502,0.39678128842874466,0.25590470113757313,0.060379178198027114,1.4128052481655167,0.1264224818189259,-0.12962224083380663,0.10364235277771819,0.6463970101866473,0.1303690001087179
1.0,695,FairBalanceClassifier,XGBoost,0.8,0.8,german_t1.0_k695,0.8536873156342184,0.014035843366808643,0.8539877961234745,0.015642790590896384,0.8539263455581299,0.015578030711460864,0.8028143712845376,0.011843837239542031,0.8557142857142856,0.025314350209527638,0.8283558761499938,0.01764649611088228,0.8557142857142856,0.025314350209527638,0.14773869346733667,0.007520919370399883,0.8522613065326633,0.007520919370399873,0.14428571428571427,0.025314350209527645,-0.5042527262152712,0.028976507952171722,0.31822408548501774,0.021715097653208285,0.006993594481399379,0.058610520120358896,1.0106908179565723,0.06869060663904882,-0.36105217056017974,0.0816880225589823,0.187174828794394,0.05684858645119366,0.3610521705601797,0.08168802255898233,1.6732023314573308,0.2337448155366525,-0.006993594481399359,0.05861052012035889,1.064971161763807,0.4836467457708546,0.13698838454244675,0.05191074197123515,1.1813175876693114,0.0741966888282098,-0.17702928803939016,0.040245833111525936,0.5989328233754831,0.0330954743336722
1.0,695,FairMask,LogReg,0.8,0.8,german_t1.0_k695,0.7970501474926254,0.018126597635088164,0.7843575017946878,0.0212406447195764,0.7804347582027177,0.02326186560674641,0.7784876803742342,0.022136695340885002,0.7114285714285714,0.04485805276602168,0.7426833733151821,0.02805080126830233,0.7114285714285714,0.04485805276602168,0.14271356783919598,0.018694547977626402,0.857286432160804,0.018694547977626406,0.2885714285714286,0.04485805276602166,-0.5314318748336846,0.026327900891167228,0.23241561318584636,0.009098061574197774,-0.11144271988174428,0.05207458660156665,0.8503705149502967,0.06613062616986225,-0.5164980804854948,0.03717027114990578,0.07671383699266496,0.01805719475058525,0.5164980804854947,0.03717027114990579,2.1940005594629155,0.19077272391121083,0.11144271988174428,0.05207458660156665,1.4597883181596794,0.27859086965308616,0.23220276745012694,0.030812986252869608,1.35484215141355,0.061597898677272764,-0.31397040018361944,0.034194521636836554,0.46354217597148073,0.026958003573698416
1.0,695,FairMask,XGBoost,0.8,0.8,german_t1.0_k695,0.8536873156342184,0.012735712769866007,0.8522936109117014,0.013233640298618326,0.8520806866465993,0.013240155624448248,0.8101175013583772,0.01995747623567238,0.8442857142857143,0.024494897427831792,0.8265301074782666,0.015092910816824404,0.8442857142857143,0.024494897427831792,0.13969849246231156,0.01864043918692604,0.8603015075376884,0.018640439186926067,0.15571428571428572,0.024494897427831785,-0.5470105694802673,0.031086470218117473,0.27577884101101546,0.016521002282783474,-0.06735550628233555,0.08922238587916903,0.9235733259467984,0.10357161892092766,-0.40976028071851867,0.075257453026148,0.1325264344868382,0.02779877284601136,0.40976028071851867,0.07525745302614799,1.8102061678483619,0.2526635835336665,0.06735550628233555,0.089222385879169,1.587212580779654,0.6904817103882795,0.13935921335929585,0.03795914435625946,1.182162383149517,0.05504862783648231,-0.23855789350042717,0.05553712169846363,0.5280498802168183,0.04517415129665051
